Using cpu device
Wrapping the env with a `Monitor` wrapper
Wrapping the env in a DummyVecEnv.
Note: Transient op started
Note: Transient op finished successfully
Note: Transient op started
Note: Transient op finished successfully
Note: Transient op started
Note: Transient op finished successfully
Note: Transient op started
Note: Transient op finished successfully
Note: Transient op started
Note: Transient op finished successfully
Note: Transient op started
Note: Transient op finished successfully
Note: Transient op started
Note: Transient op finished successfully
Note: Transient op started
Note: Transient op finished successfully
Note: Transient op started
Note: Transient op finished successfully
Note: Transient op started
Note: Transient op finished successfully
Note: Transient op started
Note: Transient op finished successfully
Note: Transient op started
Note: Transient op finished successfully
Note: Transient op started
Note: Transient op finished successfully
Note: Transient op started
Note: Transient op finished successfully
Note: Transient op started
Note: Transient op finished successfully
Note: Transient op started
Note: Transient op finished successfully
Note: Transient op started
Note: Transient op finished successfully
Note: Transient op started
Note: Transient op finished successfully
Note: Transient op started
Note: Transient op finished successfully
Note: Transient op started
Note: Transient op finished successfully
Note: Transient op started
Note: Transient op finished successfully
Note: Transient op started
Note: Transient op finished successfully
Note: Transient op started
Note: Transient op finished successfully
Note: Transient op started
Note: Transient op finished successfully
Note: Transient op started
Note: Transient op finished successfully
Note: Transient op started
Note: Transient op finished successfully
Note: Transient op started
Note: Transient op finished successfully
Note: Transient op started
Note: Transient op finished successfully
Note: Transient op started
Note: Transient op finished successfully
Note: Transient op started
Note: Transient op finished successfully
Note: Transient op started
Note: Transient op finished successfully
Note: Transient op started
Note: Transient op finished successfully
Note: Transient op started
Note: Transient op finished successfully
Note: Transient op started
Note: Transient op finished successfully
Note: Transient op started
Note: Transient op finished successfully
Note: Transient op started
Note: Transient op finished successfully
Note: Transient op started
Note: Transient op finished successfully
Note: Transient op started
Note: Transient op finished successfully
Note: Transient op started
Note: Transient op finished successfully
Note: Transient op started
Note: Transient op finished successfully
Note: Transient op started
Note: Transient op finished successfully
Note: Transient op started
Note: Transient op finished successfully
Note: Transient op started
Note: Transient op finished successfully
Note: Transient op started
Note: Transient op finished successfully
Note: Transient op started
Note: Transient op finished successfully
Note: Transient op started
Note: Transient op finished successfully
Note: Transient op started
Note: Transient op finished successfully
Note: Transient op started
Note: Transient op finished successfully
Note: Transient op started
Note: Transient op finished successfully
Note: Transient op started
Note: Transient op finished successfully
Note: Transient op started
Note: Transient op finished successfully
Note: Transient op started
Note: Transient op finished successfully
Note: Transient op started
Note: Transient op finished successfully
Note: Transient op started
Note: Transient op finished successfully
Note: Transient op started
Note: Transient op finished successfully
Note: Transient op started
Note: Transient op finished successfully
Note: Transient op started
Note: Transient op finished successfully
Note: Transient op started
Note: Transient op finished successfully
Note: Transient op started
Note: Transient op finished successfully
Note: Transient op started
Note: Transient op finished successfully
Note: Transient op started
Note: Transient op finished successfully
Note: Transient op started
Note: Transient op finished successfully
Note: Transient op started
Note: Transient op finished successfully
Note: Transient op started
Note: Transient op finished successfully
Note: Transient op started
Note: Transient op finished successfully
Note: Transient op started
Note: Transient op finished successfully
Note: Transient op started
Note: Transient op finished successfully
Note: Transient op started
Note: Transient op finished successfully
Note: Transient op started
Note: Transient op finished successfully
Note: Transient op started
Note: Transient op finished successfully
Note: Transient op started
Note: Transient op finished successfully
Note: Transient op started
Note: Transient op finished successfully
Note: Transient op started
Note: Transient op finished successfully
Note: Transient op started
Note: Transient op finished successfully
Note: Transient op started
Note: Transient op finished successfully
Note: Transient op started
Note: Transient op finished successfully
Note: Transient op started
Note: Transient op finished successfully
Note: Transient op started
Note: Transient op finished successfully
Note: Transient op started
Note: Transient op finished successfully
Note: Transient op started
Note: Transient op finished successfully
Note: Transient op started
Note: Transient op finished successfully
Note: Transient op started
Note: Transient op finished successfully
Note: Transient op started
Note: Transient op finished successfully
Note: Transient op started
Note: Transient op finished successfully
Note: Transient op started
Note: Transient op finished successfully
Note: Transient op started
Note: Transient op finished successfully
Note: Transient op started
Note: Transient op finished successfully
Note: Transient op started
Note: Transient op finished successfully
Note: Transient op started
Note: Transient op finished successfully
Note: Transient op started
Note: Transient op finished successfully
Note: Transient op started
Note: Transient op finished successfully
Note: Transient op started
Note: Transient op finished successfully
Note: Transient op started
Note: Transient op finished successfully
Note: Transient op started
Note: Transient op finished successfully
Note: Transient op started
Note: Transient op finished successfully
Note: Transient op started
Note: Transient op finished successfully
Note: Transient op started
Note: Transient op finished successfully
Note: Transient op started
Note: Transient op finished successfully
Note: Transient op started
Note: Transient op finished successfully
Note: Transient op started
Note: Transient op finished successfully
Note: Transient op started
Note: Transient op finished successfully
Note: Transient op started
Note: Transient op finished successfully
Note: Transient op started
Note: Transient op finished successfully
Note: Transient op started
Note: Transient op finished successfully
Note: Transient op started
Note: Transient op finished successfully
Note: Transient op started
Note: Transient op finished successfully
Note: Transient op started
Note: Transient op finished successfully
Note: Transient op started
Note: Transient op finished successfully
Note: Transient op started
Note: Transient op finished successfully
Note: Transient op started
Note: Transient op finished successfully
Note: Transient op started
Note: Transient op finished successfully
Note: Transient op started
Note: Transient op finished successfully
Note: Transient op started
Note: Transient op finished successfully
Note: Transient op started
Note: Transient op finished successfully
Note: Transient op started
Note: Transient op finished successfully
Note: Transient op started
Note: Transient op finished successfully
Note: Transient op started
Note: Transient op finished successfully
Note: Transient op started
Note: Transient op finished successfully
Note: Transient op started
Note: Transient op finished successfully
Note: Transient op started
Note: Transient op finished successfully
Note: Transient op started
Note: Transient op finished successfully
Note: Transient op started
Note: Transient op finished successfully
Note: Transient op started
Note: Transient op finished successfully
Note: Transient op started
Note: Transient op finished successfully
Note: Transient op started
Note: Transient op finished successfully
Note: Transient op started
Note: Transient op finished successfully
Note: Transient op started
Note: Transient op finished successfully
Note: Transient op started
Note: Transient op finished successfully
Note: Transient op started
Note: Transient op finished successfully
Note: Transient op started
Note: Transient op finished successfully
Note: Transient op started
Note: Transient op finished successfully
Note: Transient op started
Note: Transient op finished successfully
Note: Transient op started
Note: Transient op finished successfully
Note: Transient op started
Note: Transient op finished successfully
Note: Transient op started
Note: Transient op finished successfully
Note: Transient op started
Note: Transient op finished successfully
Note: Transient op started
Note: Transient op finished successfully
Note: Transient op started
Note: Transient op finished successfully
Note: Transient op started
Note: Transient op finished successfully
Note: Transient op started
Note: Transient op finished successfully
Note: Transient op started
Note: Transient op finished successfully
Note: Transient op started
Note: Transient op finished successfully
Note: Transient op started
Note: Transient op finished successfully
Note: Transient op started
Note: Transient op finished successfully
Note: Transient op started
Note: Transient op finished successfully
Note: Transient op started
Note: Transient op finished successfully
Note: Transient op started
Note: Transient op finished successfully
Note: Transient op started
Note: Transient op finished successfully
Note: Transient op started
Note: Transient op finished successfully
Note: Transient op started
Note: Transient op finished successfully
Note: Transient op started
Note: Transient op finished successfully
Note: Transient op started
Note: Transient op finished successfully
Note: Transient op started
Note: Transient op finished successfully
Note: Transient op started
Note: Transient op finished successfully
Note: Transient op started
Note: Transient op finished successfully
Note: Transient op started
Note: Transient op finished successfully
Note: Transient op started
Note: Transient op finished successfully
Note: Transient op started
Note: Transient op finished successfully
Note: Transient op started
Note: Transient op finished successfully
Note: Transient op started
Note: Transient op finished successfully
Note: Transient op started
Note: Transient op finished successfully
Note: Transient op started
Note: Transient op finished successfully
Note: Transient op started
Note: Transient op finished successfully
Note: Transient op started
Note: Transient op finished successfully
Note: Transient op started
Note: Transient op finished successfully
Note: Transient op started
Note: Transient op finished successfully
Note: Transient op started
Note: Transient op finished successfully
Note: Transient op started
Note: Transient op finished successfully
Note: Transient op started
Note: Transient op finished successfully
Note: Transient op started
Note: Transient op finished successfully
Note: Transient op started
Note: Transient op finished successfully
Note: Transient op started
Note: Transient op finished successfully
Note: Transient op started
Note: Transient op finished successfully
Note: Transient op started
Note: Transient op finished successfully
Note: Transient op started
Note: Transient op finished successfully
Note: Transient op started
Note: Transient op finished successfully
Note: Transient op started
Note: Transient op finished successfully
Note: Transient op started
Note: Transient op finished successfully
Note: Transient op started
Note: Transient op finished successfully
Note: Transient op started
Note: Transient op finished successfully
Note: Transient op started
Note: Transient op finished successfully
Note: Transient op started
Note: Transient op finished successfully
Note: Transient op started
Note: Transient op finished successfully
Note: Transient op started
Note: Transient op finished successfully
Note: Transient op started
Note: Transient op finished successfully
Note: Transient op started
Note: Transient op finished successfully
Note: Transient op started
Note: Transient op finished successfully
Note: Transient op started
Note: Transient op finished successfully
Note: Transient op started
Note: Transient op finished successfully
Note: Transient op started
Note: Transient op finished successfully
Note: Transient op started
Note: Transient op finished successfully
Note: Transient op started
Note: Transient op finished successfully
Note: Transient op started
Note: Transient op finished successfully
Note: Transient op started
Note: Transient op finished successfully
Note: Transient op started
Note: Transient op finished successfully
Note: Transient op started
Note: Transient op finished successfully
Note: Transient op started
Note: Transient op finished successfully
Note: Transient op started
Note: Transient op finished successfully
Note: Transient op started
Note: Transient op finished successfully
Note: Transient op started
Note: Transient op finished successfully
Note: Transient op started
Note: Transient op finished successfully
Note: Transient op started
Note: Transient op finished successfully
Note: Transient op started
Note: Transient op finished successfully
Note: Transient op started
Note: Transient op finished successfully
Note: Transient op started
Note: Transient op finished successfully
Note: Transient op started
Note: Transient op finished successfully
Note: Transient op started
Note: Transient op finished successfully
Note: Transient op started
Note: Transient op finished successfully
Note: Transient op started
Note: Transient op finished successfully
Note: Transient op started
Note: Transient op finished successfully
Note: Transient op started
Note: Transient op finished successfully
Note: Transient op started
Note: Transient op finished successfully
Note: Transient op started
Note: Transient op finished successfully
Note: Transient op started
Note: Transient op finished successfully
Note: Transient op started
Note: Transient op finished successfully
Note: Transient op started
Note: Transient op finished successfully
Note: Transient op started
Note: Transient op finished successfully
Note: Transient op started
Note: Transient op finished successfully
Note: Transient op started
Note: Transient op finished successfully
Note: Transient op started
Note: Transient op finished successfully
Note: Transient op started
Note: Transient op finished successfully
Note: Transient op started
Note: Transient op finished successfully
Note: Transient op started
Note: Transient op finished successfully
Note: Transient op started
Note: Transient op finished successfully
Note: Transient op started
Note: Transient op finished successfully
Note: Transient op started
Note: Transient op finished successfully
Note: Transient op started
Note: Transient op finished successfully
Note: Transient op started
Note: Transient op finished successfully
Note: Transient op started
Note: Transient op finished successfully
Note: Transient op started
Note: Transient op finished successfully
Note: Transient op started
Note: Transient op finished successfully
Note: Transient op started
Note: Transient op finished successfully
Note: Transient op started
Note: Transient op finished successfully
Note: Transient op started
Note: Transient op finished successfully
Note: Transient op started
Note: Transient op finished successfully
Note: Transient op started
Note: Transient op finished successfully
Note: Transient op started
Note: Transient op finished successfully
Note: Transient op started
Note: Transient op finished successfully
Note: Transient op started
Note: Transient op finished successfully
Note: Transient op started
Note: Transient op finished successfully
Note: Transient op started
Note: Transient op finished successfully
Note: Transient op started
Note: Transient op finished successfully
Note: Transient op started
Note: Transient op finished successfully
Note: Transient op started
Note: Transient op finished successfully
Note: Transient op started
Note: Transient op finished successfully
Note: Transient op started
Note: Transient op finished successfully
Note: Transient op started
Note: Transient op finished successfully
Note: Transient op started
Note: Transient op finished successfully
Note: Transient op started
Note: Transient op finished successfully
Note: Transient op started
Note: Transient op finished successfully
Note: Transient op started
Note: Transient op finished successfully
Note: Transient op started
Note: Transient op finished successfully
Note: Transient op started
Note: Transient op finished successfully
Note: Transient op started
Note: Transient op finished successfully
Note: Transient op started
Note: Transient op finished successfully
Note: Transient op started
Note: Transient op finished successfully
Note: Transient op started
Note: Transient op finished successfully
Note: Transient op started
Note: Transient op finished successfully
Note: Transient op started
Note: Transient op finished successfully
Note: Transient op started
Note: Transient op finished successfully
Note: Transient op started
Note: Transient op finished successfully
Note: Transient op started
Note: Transient op finished successfully
Note: Transient op started
Note: Transient op finished successfully
Note: Transient op started
Note: Transient op finished successfully
Note: Transient op started
Note: Transient op finished successfully
Note: Transient op started
Note: Transient op finished successfully
Note: Transient op started
Note: Transient op finished successfully
Note: Transient op started
Note: Transient op finished successfully
Note: Transient op started
Note: Transient op finished successfully
Note: Transient op started
Note: Transient op finished successfully
Note: Transient op started
Note: Transient op finished successfully
Note: Transient op started
Note: Transient op finished successfully
Note: Transient op started
Note: Transient op finished successfully
Note: Transient op started
Note: Transient op finished successfully
Note: Transient op started
Note: Transient op finished successfully
Note: Transient op started
Note: Transient op finished successfully
Note: Transient op started
Note: Transient op finished successfully
Note: Transient op started
Note: Transient op finished successfully
Note: Transient op started
Note: Transient op finished successfully
Note: Transient op started
Note: Transient op finished successfully
Note: Transient op started
Note: Transient op finished successfully
Note: Transient op started
Note: Transient op finished successfully
Note: Transient op started
Note: Transient op finished successfully
Note: Transient op started
Note: Transient op finished successfully
Note: Transient op started
Note: Transient op finished successfully
Note: Transient op started
Note: Transient op finished successfully
Note: Transient op started
Note: Transient op finished successfully
Note: Transient op started
Note: Transient op finished successfully
Note: Transient op started
Note: Transient op finished successfully
Note: Transient op started
Note: Transient op finished successfully
Note: Transient op started
Note: Transient op finished successfully
Note: Transient op started
Note: Transient op finished successfully
Note: Transient op started
Note: Transient op finished successfully
Note: Transient op started
Note: Transient op finished successfully
Note: Transient op started
Note: Transient op finished successfully
Note: Transient op started
Note: Transient op finished successfully
Note: Transient op started
Note: Transient op finished successfully
Note: Transient op started
Note: Transient op finished successfully
Note: Transient op started
Note: Transient op finished successfully
Note: Transient op started
Note: Transient op finished successfully
Note: Transient op started
Note: Transient op finished successfully
Note: Transient op started
Note: Transient op finished successfully
Note: Transient op started
Note: Transient op finished successfully
Note: Transient op started
Note: Transient op finished successfully
Note: Transient op started
Note: Transient op finished successfully
Note: Transient op started
Note: Transient op finished successfully
Note: Transient op started
Note: Transient op finished successfully
Note: Transient op started
Note: Transient op finished successfully
Note: Transient op started
Note: Transient op finished successfully
Note: Transient op started
Note: Transient op finished successfully
Note: Transient op started
Note: Transient op finished successfully
Note: Transient op started
Note: Transient op finished successfully
Note: Transient op started
Note: Transient op finished successfully
Note: Transient op started
Note: Transient op finished successfully
Note: Transient op started
Note: Transient op finished successfully
Note: Transient op started
Note: Transient op finished successfully
Note: Transient op started
Note: Transient op finished successfully
Note: Transient op started
Note: Transient op finished successfully
Note: Transient op started
Note: Transient op finished successfully
Note: Transient op started
Note: Transient op finished successfully
Note: Transient op started
Note: Transient op finished successfully
Note: Transient op started
Note: Transient op finished successfully
Note: Transient op started
Note: Transient op finished successfully
Note: Transient op started
Note: Transient op finished successfully
Note: Transient op started
Note: Transient op finished successfully
Note: Transient op started
Note: Transient op finished successfully
Note: Transient op started
Note: Transient op finished successfully
Note: Transient op started
Note: Transient op finished successfully
Note: Transient op started
Note: Transient op finished successfully
Note: Transient op started
Note: Transient op finished successfully
Note: Transient op started
Note: Transient op finished successfully
Note: Transient op started
Note: Transient op finished successfully
Note: Transient op started
Note: Transient op finished successfully
Note: Transient op started
Note: Transient op finished successfully
Note: Transient op started
Note: Transient op finished successfully
Note: Transient op started
Note: Transient op finished successfully
Note: Transient op started
Note: Transient op finished successfully
Note: Transient op started
Note: Transient op finished successfully
Note: Transient op started
Note: Transient op finished successfully
Note: Transient op started
Note: Transient op finished successfully
Note: Transient op started
Note: Transient op finished successfully
Note: Transient op started
Note: Transient op finished successfully
Note: Transient op started
Note: Transient op finished successfully
Note: Transient op started
Note: Transient op finished successfully
Note: Transient op started
Note: Transient op finished successfully
Note: Transient op started
Note: Transient op finished successfully
Note: Transient op started
Note: Transient op finished successfully
Note: Transient op started
Note: Transient op finished successfully
Note: Transient op started
Note: Transient op finished successfully
Note: Transient op started
Note: Transient op finished successfully
Note: Transient op started
Note: Transient op finished successfully
Note: Transient op started
Note: Transient op finished successfully
Note: Transient op started
Note: Transient op finished successfully
Note: Transient op started
Note: Transient op finished successfully
Note: Transient op started
Note: Transient op finished successfully
Note: Transient op started
Note: Transient op finished successfully
Note: Transient op started
Note: Transient op finished successfully
Note: Transient op started
Note: Transient op finished successfully
Note: Transient op started
Note: Transient op finished successfully
Note: Transient op started
Note: Transient op finished successfully
Note: Transient op started
Note: Transient op finished successfully
Note: Transient op started
Note: Transient op finished successfully
Note: Transient op started
Note: Transient op finished successfully
Note: Transient op started
Note: Transient op finished successfully
Note: Transient op started
Note: Transient op finished successfully
Note: Transient op started
Note: Transient op finished successfully
Note: Transient op started
Note: Transient op finished successfully
---------------------------------
| rollout/           |          |
|    ep_len_mean     | 18.8     |
|    ep_rew_mean     | -73.6    |
| time/              |          |
|    fps             | 0        |
|    iterations      | 1        |
|    time_elapsed    | 2835     |
|    total_timesteps | 1024     |
---------------------------------
Note: Transient op started
Note: Transient op finished successfully
Note: Transient op started
Note: Transient op finished successfully
Note: Transient op started
Note: Transient op finished successfully
Note: Transient op started
Note: Transient op finished successfully
Note: Transient op started
Note: Transient op finished successfully
Note: Transient op started
Note: Transient op finished successfully
Note: Transient op started
Note: Transient op finished successfully
Note: Transient op started
Note: Transient op finished successfully
Note: Transient op started
Note: Transient op finished successfully
Note: Transient op started
Note: Transient op finished successfully
Note: Transient op started
Note: Transient op finished successfully
Note: Transient op started
Note: Transient op finished successfully
Note: Transient op started
Note: Transient op finished successfully
Note: Transient op started
Note: Transient op finished successfully
Note: Transient op started
Note: Transient op finished successfully
Note: Transient op started
Note: Transient op finished successfully
Note: Transient op started
Note: Transient op finished successfully
Note: Transient op started
Note: Transient op finished successfully
Note: Transient op started
Note: Transient op finished successfully
Note: Transient op started
Note: Transient op finished successfully
Note: Transient op started
Note: Transient op finished successfully
Note: Transient op started
Note: Transient op finished successfully
Note: Transient op started
Note: Transient op finished successfully
Note: Transient op started
Note: Transient op finished successfully
Note: Transient op started
Note: Transient op finished successfully
Note: Transient op started
Note: Transient op finished successfully
Note: Transient op started
Note: Transient op finished successfully
Note: Transient op started
Note: Transient op finished successfully
Note: Transient op started
Note: Transient op finished successfully
Note: Transient op started
Note: Transient op finished successfully
Note: Transient op started
Note: Transient op finished successfully
Note: Transient op started
Note: Transient op finished successfully
Note: Transient op started
Note: Transient op finished successfully
Note: Transient op started
Note: Transient op finished successfully
Note: Transient op started
Note: Transient op finished successfully
Note: Transient op started
Note: Transient op finished successfully
Note: Transient op started
Note: Transient op finished successfully
Note: Transient op started
Note: Transient op finished successfully
Note: Transient op started
Note: Transient op finished successfully
Note: Transient op started
Note: Transient op finished successfully
Note: Transient op started
Note: Transient op finished successfully
Note: Transient op started
Note: Transient op finished successfully
Note: Transient op started
Note: Transient op finished successfully
Note: Transient op started
Note: Transient op finished successfully
Note: Transient op started
Note: Transient op finished successfully
Note: Transient op started
Note: Transient op finished successfully
Note: Transient op started
Note: Transient op finished successfully
Note: Transient op started
Note: Transient op finished successfully
Note: Transient op started
Note: Transient op finished successfully
Note: Transient op started
Note: Transient op finished successfully
Note: Transient op started
Note: Transient op finished successfully
Note: Transient op started
Note: Transient op finished successfully
Note: Transient op started
Note: Transient op finished successfully
Note: Transient op started
Note: Transient op finished successfully
Note: Transient op started
Note: Transient op finished successfully
Note: Transient op started
Note: Transient op finished successfully
Note: Transient op started
Note: Transient op finished successfully
Note: Transient op started
Note: Transient op finished successfully
Note: Transient op started
Note: Transient op finished successfully
Note: Transient op started
Note: Transient op finished successfully
Note: Transient op started
Note: Transient op finished successfully
Note: Transient op started
Note: Transient op finished successfully
Note: Transient op started
Note: Transient op finished successfully
Note: Transient op started
Note: Transient op finished successfully
Note: Transient op started
Note: Transient op finished successfully
Note: Transient op started
Note: Transient op finished successfully
Note: Transient op started
Note: Transient op finished successfully
Note: Transient op started
Note: Transient op finished successfully
Note: Transient op started
Note: Transient op finished successfully
Note: Transient op started
Note: Transient op finished successfully
Note: Transient op started
Note: Transient op finished successfully
Note: Transient op started
Note: Transient op finished successfully
Note: Transient op started
Note: Transient op finished successfully
Note: Transient op started
Note: Transient op finished successfully
Note: Transient op started
Note: Transient op finished successfully
Note: Transient op started
Note: Transient op finished successfully
Note: Transient op started
Note: Transient op finished successfully
Note: Transient op started
Note: Transient op finished successfully
Note: Transient op started
Note: Transient op finished successfully
Note: Transient op started
Note: Transient op finished successfully
Note: Transient op started
Note: Transient op finished successfully
Note: Transient op started
Note: Transient op finished successfully
Note: Transient op started
Note: Transient op finished successfully
Note: Transient op started
Note: Transient op finished successfully
Note: Transient op started
Note: Transient op finished successfully
Note: Transient op started
Note: Transient op finished successfully
Note: Transient op started
Note: Transient op finished successfully
Note: Transient op started
Note: Transient op finished successfully
Note: Transient op started
Note: Transient op finished successfully
Note: Transient op started
Note: Transient op finished successfully
Note: Transient op started
Note: Transient op finished successfully
Note: Transient op started
Note: Transient op finished successfully
Note: Transient op started
Note: Transient op finished successfully
Note: Transient op started
Note: Transient op finished successfully
Note: Transient op started
Note: Transient op finished successfully
Note: Transient op started
Note: Transient op finished successfully
Note: Transient op started
Note: Transient op finished successfully
Note: Transient op started
Note: Transient op finished successfully
Note: Transient op started
Note: Transient op finished successfully
Note: Transient op started
Note: Transient op finished successfully
Note: Transient op started
Note: Transient op finished successfully
Note: Transient op started
Note: Transient op finished successfully
Note: Transient op started
Note: Transient op finished successfully
Note: Transient op started
Note: Transient op finished successfully
Note: Transient op started
Note: Transient op finished successfully
Note: Transient op started
Note: Transient op finished successfully
Note: Transient op started
Note: Transient op finished successfully
Note: Transient op started
Note: Transient op finished successfully
Note: Transient op started
Note: Transient op finished successfully
Note: Transient op started
Note: Transient op finished successfully
Note: Transient op started
Note: Transient op finished successfully
Note: Transient op started
Note: Transient op finished successfully
Note: Transient op started
Note: Transient op finished successfully
Note: Transient op started
Note: Transient op finished successfully
Note: Transient op started
Note: Transient op finished successfully
Note: Transient op started
Note: Transient op finished successfully
Note: Transient op started
Note: Transient op finished successfully
Note: Transient op started
Note: Transient op finished successfully
Note: Transient op started
Note: Transient op finished successfully
Note: Transient op started
Note: Transient op finished successfully
Note: Transient op started
Note: Transient op finished successfully
Note: Transient op started
Note: Transient op finished successfully
Note: Transient op started
Note: Transient op finished successfully
Note: Transient op started
Note: Transient op finished successfully
Note: Transient op started
Note: Transient op finished successfully
Note: Transient op started
Note: Transient op finished successfully
Note: Transient op started
Note: Transient op finished successfully
Note: Transient op started
Note: Transient op finished successfully
Note: Transient op started
Note: Transient op finished successfully
Note: Transient op started
Note: Transient op finished successfully
Note: Transient op started
Note: Transient op finished successfully
Note: Transient op started
Note: Transient op finished successfully
Note: Transient op started
Note: Transient op finished successfully
Note: Transient op started
Note: Transient op finished successfully
Note: Transient op started
Note: Transient op finished successfully
Note: Transient op started
Note: Transient op finished successfully
Note: Transient op started
Note: Transient op finished successfully
Note: Transient op started
Note: Transient op finished successfully
Note: Transient op started
Note: Transient op finished successfully
Note: Transient op started
Note: Transient op finished successfully
Note: Transient op started
Note: Transient op finished successfully
Note: Transient op started
Note: Transient op finished successfully
Note: Transient op started
Note: Transient op finished successfully
Note: Transient op started
Note: Transient op finished successfully
Note: Transient op started
Note: Transient op finished successfully
Note: Transient op started
Note: Transient op finished successfully
Note: Transient op started
Note: Transient op finished successfully
Note: Transient op started
Note: Transient op finished successfully
Note: Transient op started
Note: Transient op finished successfully
Note: Transient op started
Note: Transient op finished successfully
Note: Transient op started
Note: Transient op finished successfully
Note: Transient op started
Note: Transient op finished successfully
Note: Transient op started
Note: Transient op finished successfully
Note: Transient op started
Note: Transient op finished successfully
Note: Transient op started
Note: Transient op finished successfully
Note: Transient op started
Note: Transient op finished successfully
Note: Transient op started
Note: Transient op finished successfully
Note: Transient op started
Note: Transient op finished successfully
Note: Transient op started
Note: Transient op finished successfully
Note: Transient op started
Note: Transient op finished successfully
Note: Transient op started
Note: Transient op finished successfully
Note: Transient op started
Note: Transient op finished successfully
Note: Transient op started
Note: Transient op finished successfully
Note: Transient op started
Note: Transient op finished successfully
Note: Transient op started
Note: Transient op finished successfully
Note: Transient op started
Note: Transient op finished successfully
Note: Transient op started
Note: Transient op finished successfully
Note: Transient op started
Note: Transient op finished successfully
Note: Transient op started
Note: Transient op finished successfully
Note: Transient op started
Note: Transient op finished successfully
Note: Transient op started
Note: Transient op finished successfully
Note: Transient op started
Note: Transient op finished successfully
Note: Transient op started
Note: Transient op finished successfully
Note: Transient op started
Note: Transient op finished successfully
Note: Transient op started
Note: Transient op finished successfully
Note: Transient op started
Note: Transient op finished successfully
Note: Transient op started
Note: Transient op finished successfully
Note: Transient op started
Note: Transient op finished successfully
Note: Transient op started
Note: Transient op finished successfully
Note: Transient op started
Note: Transient op finished successfully
Note: Transient op started
Note: Transient op finished successfully
Note: Transient op started
Note: Transient op finished successfully
Note: Transient op started
Note: Transient op finished successfully
Note: Transient op started
Note: Transient op finished successfully
Note: Transient op started
Note: Transient op finished successfully
Note: Transient op started
Note: Transient op finished successfully
Note: Transient op started
Note: Transient op finished successfully
Note: Transient op started
Note: Transient op finished successfully
Note: Transient op started
Note: Transient op finished successfully
Note: Transient op started
Note: Transient op finished successfully
Note: Transient op started
Note: Transient op finished successfully
Note: Transient op started
Note: Transient op finished successfully
Note: Transient op started
Note: Transient op finished successfully
Note: Transient op started
Note: Transient op finished successfully
Note: Transient op started
Note: Transient op finished successfully
Note: Transient op started
Note: Transient op finished successfully
Note: Transient op started
Note: Transient op finished successfully
Note: Transient op started
Note: Transient op finished successfully
Note: Transient op started
Note: Transient op finished successfully
Note: Transient op started
Note: Transient op finished successfully
Note: Transient op started
Note: Transient op finished successfully
Note: Transient op started
Note: Transient op finished successfully
Note: Transient op started
Note: Transient op finished successfully
Note: Transient op started
Note: Transient op finished successfully
Note: Transient op started
Note: Transient op finished successfully
Note: Transient op started
Note: Transient op finished successfully
Note: Transient op started
Note: Transient op finished successfully
Note: Transient op started
Note: Transient op finished successfully
Note: Transient op started
Note: Transient op finished successfully
Note: Transient op started
Note: Transient op finished successfully
Note: Transient op started
Note: Transient op finished successfully
Note: Transient op started
Note: Transient op finished successfully
Note: Transient op started
Note: Transient op finished successfully
Note: Transient op started
Note: Transient op finished successfully
Note: Transient op started
Note: Transient op finished successfully
Note: Transient op started
Note: Transient op finished successfully
Note: Transient op started
Note: Transient op finished successfully
Note: Transient op started
Note: Transient op finished successfully
Note: Transient op started
Note: Transient op finished successfully
Note: Transient op started
Note: Transient op finished successfully
Note: Transient op started
Note: Transient op finished successfully
Note: Transient op started
Note: Transient op finished successfully
Note: Transient op started
Note: Transient op finished successfully
Note: Transient op started
Note: Transient op finished successfully
Note: Transient op started
Note: Transient op finished successfully
Note: Transient op started
Note: Transient op finished successfully
Note: Transient op started
Note: Transient op finished successfully
Note: Transient op started
Note: Transient op finished successfully
Note: Transient op started
Note: Transient op finished successfully
Note: Transient op started
Note: Transient op finished successfully
-----------------------------------------
| rollout/                |             |
|    ep_len_mean          | 19          |
|    ep_rew_mean          | -75.9       |
| time/                   |             |
|    fps                  | 0           |
|    iterations           | 2           |
|    time_elapsed         | 10779       |
|    total_timesteps      | 2048        |
| train/                  |             |
|    approx_kl            | 0.006439519 |
|    clip_fraction        | 0.0609      |
|    clip_range           | 0.2         |
|    entropy_loss         | -8.51       |
|    explained_variance   | 0.00265     |
|    learning_rate        | 0.0003      |
|    loss                 | 314         |
|    n_updates            | 10          |
|    policy_gradient_loss | -0.013      |
|    std                  | 0.998       |
|    value_loss           | 718         |
-----------------------------------------
Note: Transient op started
Note: Transient op finished successfully
Note: Transient op started
Note: Transient op finished successfully
Note: Transient op started
Note: Transient op finished successfully
Note: Transient op started
Note: Transient op finished successfully
Note: Transient op started
Note: Transient op finished successfully
Note: Transient op started
Note: Transient op finished successfully
Note: Transient op started
Note: Transient op finished successfully
Note: Transient op started
Note: Transient op finished successfully
Note: Transient op started
Note: Transient op finished successfully
Note: Transient op started
Note: Transient op finished successfully
Note: Transient op started
Note: Transient op finished successfully
Note: Transient op started
Note: Transient op finished successfully
Note: Transient op started
Note: Transient op finished successfully
Note: Transient op started
Note: Transient op finished successfully
Note: Transient op started
Note: Transient op finished successfully
Note: Transient op started
Note: Transient op finished successfully
Note: Transient op started
Note: Transient op finished successfully
Note: Transient op started
Note: Transient op finished successfully
Note: Transient op started
Note: Transient op finished successfully
Note: Transient op started
Note: Transient op finished successfully
Note: Transient op started
Note: Transient op finished successfully
Note: Transient op started
Note: Transient op finished successfully
Note: Transient op started
Note: Transient op finished successfully
Note: Transient op started
Note: Transient op finished successfully
Note: Transient op started
Note: Transient op finished successfully
Note: Transient op started
Note: Transient op finished successfully
Note: Transient op started
Note: Transient op finished successfully
Note: Transient op started
Note: Transient op finished successfully
Note: Transient op started
Note: Transient op finished successfully
Note: Transient op started
Note: Transient op finished successfully
Note: Transient op started
Note: Transient op finished successfully
Note: Transient op started
Note: Transient op finished successfully
Note: Transient op started
Note: Transient op finished successfully
Note: Transient op started
Note: Transient op finished successfully
Note: Transient op started
Note: Transient op finished successfully
Note: Transient op started
Note: Transient op finished successfully
Note: Transient op started
Note: Transient op finished successfully
Note: Transient op started
Note: Transient op finished successfully
Note: Transient op started
Note: Transient op finished successfully
Note: Transient op started
Note: Transient op finished successfully
Note: Transient op started
Note: Transient op finished successfully
Note: Transient op started
Note: Transient op finished successfully
Note: Transient op started
Note: Transient op finished successfully
Note: Transient op started
Note: Transient op finished successfully
Note: Transient op started
Note: Transient op finished successfully
Note: Transient op started
Note: Transient op finished successfully
Note: Transient op started
Note: Transient op finished successfully
Note: Transient op started
Note: Transient op finished successfully
Note: Transient op started
Note: Transient op finished successfully
Note: Transient op started
Note: Transient op finished successfully
Note: Transient op started
Note: Transient op finished successfully
Note: Transient op started
Note: Transient op finished successfully
Note: Transient op started
Note: Transient op finished successfully
Note: Transient op started
Note: Transient op finished successfully
Note: Transient op started
Note: Transient op finished successfully
Note: Transient op started
Note: Transient op finished successfully
Note: Transient op started
Note: Transient op finished successfully
Note: Transient op started
Note: Transient op finished successfully
Note: Transient op started
Note: Transient op finished successfully
Note: Transient op started
Note: Transient op finished successfully
Note: Transient op started
Note: Transient op finished successfully
Note: Transient op started
Note: Transient op finished successfully
Note: Transient op started
Note: Transient op finished successfully
Note: Transient op started
Note: Transient op finished successfully
Note: Transient op started
Note: Transient op finished successfully
Note: Transient op started
Note: Transient op finished successfully
Note: Transient op started
Note: Transient op finished successfully
Note: Transient op started
Note: Transient op finished successfully
Note: Transient op started
Note: Transient op finished successfully
Note: Transient op started
Note: Transient op finished successfully
Note: Transient op started
Note: Transient op finished successfully
Note: Transient op started
Note: Transient op finished successfully
Note: Transient op started
Note: Transient op finished successfully
Note: Transient op started
Note: Transient op finished successfully
Note: Transient op started
Note: Transient op finished successfully
Note: Transient op started
Note: Transient op finished successfully
Note: Transient op started
Note: Transient op finished successfully
Note: Transient op started
Note: Transient op finished successfully
Note: Transient op started
Note: Transient op finished successfully
Note: Transient op started
Note: Transient op finished successfully
Note: Transient op started
Note: Transient op finished successfully
Note: Transient op started
Note: Transient op finished successfully
Note: Transient op started
Note: Transient op finished successfully
Note: Transient op started
Note: Transient op finished successfully
Note: Transient op started
Note: Transient op finished successfully
Note: Transient op started
Note: Transient op finished successfully
Note: Transient op started
Note: Transient op finished successfully
Note: Transient op started
Note: Transient op finished successfully
Note: Transient op started
Note: Transient op finished successfully
Note: Transient op started
Note: Transient op finished successfully
Note: Transient op started
Note: Transient op finished successfully
Note: Transient op started
Note: Transient op finished successfully
Note: Transient op started
Note: Transient op finished successfully
Note: Transient op started
Note: Transient op finished successfully
Note: Transient op started
Note: Transient op finished successfully
Note: Transient op started
Note: Transient op finished successfully
Note: Transient op started
Note: Transient op finished successfully
Note: Transient op started
Note: Transient op finished successfully
Note: Transient op started
Note: Transient op finished successfully
Note: Transient op started
Note: Transient op finished successfully
Note: Transient op started
Note: Transient op finished successfully
Note: Transient op started
Note: Transient op finished successfully
Note: Transient op started
Note: Transient op finished successfully
Note: Transient op started
Note: Transient op finished successfully
Note: Transient op started
Note: Transient op finished successfully
Note: Transient op started
Note: Transient op finished successfully
Note: Transient op started
Note: Transient op finished successfully
Note: Transient op started
Note: Transient op finished successfully
Note: Transient op started
Note: Transient op finished successfully
Note: Transient op started
Note: Transient op finished successfully
Note: Transient op started
Note: Transient op finished successfully
Note: Transient op started
Note: Transient op finished successfully
Note: Transient op started
Note: Transient op finished successfully
Note: Transient op started
Note: Transient op finished successfully
Note: Transient op started
Note: Transient op finished successfully
Note: Transient op started
Note: Transient op finished successfully
Note: Transient op started
Note: Transient op finished successfully
Note: Transient op started
Note: Transient op finished successfully
Note: Transient op started
Note: Transient op finished successfully
Note: Transient op started
Note: Transient op finished successfully
Note: Transient op started
Note: Transient op finished successfully
Note: Transient op started
Note: Transient op finished successfully
Note: Transient op started
Note: Transient op finished successfully
Note: Transient op started
Note: Transient op finished successfully
Note: Transient op started
Note: Transient op finished successfully
Note: Transient op started
Note: Transient op finished successfully
Note: Transient op started
Note: Transient op finished successfully
Note: Transient op started
Note: Transient op finished successfully
Note: Transient op started
Note: Transient op finished successfully
Note: Transient op started
Note: Transient op finished successfully
Note: Transient op started
Note: Transient op finished successfully
Note: Transient op started
Note: Transient op finished successfully
Note: Transient op started
Note: Transient op finished successfully
Note: Transient op started
Note: Transient op finished successfully
Note: Transient op started
Note: Transient op finished successfully
Note: Transient op started
Note: Transient op finished successfully
Note: Transient op started
Note: Transient op finished successfully
Note: Transient op started
Note: Transient op finished successfully
Note: Transient op started
Note: Transient op finished successfully
Note: Transient op started
Note: Transient op finished successfully
Note: Transient op started
Note: Transient op finished successfully
Note: Transient op started
Note: Transient op finished successfully
Note: Transient op started
Note: Transient op finished successfully
Note: Transient op started
Note: Transient op finished successfully
Note: Transient op started
Note: Transient op finished successfully
Note: Transient op started
Note: Transient op finished successfully
Note: Transient op started
Note: Transient op finished successfully
Note: Transient op started
Note: Transient op finished successfully
Note: Transient op started
Note: Transient op finished successfully
Note: Transient op started
Note: Transient op finished successfully
Note: Transient op started
Note: Transient op finished successfully
Note: Transient op started
Note: Transient op finished successfully
Note: Transient op started
Note: Transient op finished successfully
Note: Transient op started
Note: Transient op finished successfully
Note: Transient op started
Note: Transient op finished successfully
Note: Transient op started
Note: Transient op finished successfully
Note: Transient op started
Note: Transient op finished successfully
Note: Transient op started
Note: Transient op finished successfully
Note: Transient op started
Note: Transient op finished successfully
Note: Transient op started
Note: Transient op finished successfully
Note: Transient op started
Note: Transient op finished successfully
Note: Transient op started
Note: Transient op finished successfully
Note: Transient op started
Note: Transient op finished successfully
Note: Transient op started
Note: Transient op finished successfully
Note: Transient op started
Note: Transient op finished successfully
Note: Transient op started
Note: Transient op finished successfully
Note: Transient op started
Note: Transient op finished successfully
Note: Transient op started
Note: Transient op finished successfully
Note: Transient op started
Note: Transient op finished successfully
Note: Transient op started
Note: Transient op finished successfully
Note: Transient op started
Note: Transient op finished successfully
Note: Transient op started
Note: Transient op finished successfully
Note: Transient op started
Note: Transient op finished successfully
Note: Transient op started
Note: Transient op finished successfully
Note: Transient op started
Note: Transient op finished successfully
Note: Transient op started
Note: Transient op finished successfully
Note: Transient op started
Note: Transient op finished successfully
Note: Transient op started
Note: Transient op finished successfully
Note: Transient op started
Note: Transient op finished successfully
Note: Transient op started
Note: Transient op finished successfully
Note: Transient op started
Note: Transient op finished successfully
Note: Transient op started
Note: Transient op finished successfully
Note: Transient op started
Note: Transient op finished successfully
Note: Transient op started
Note: Transient op finished successfully
Note: Transient op started
Note: Transient op finished successfully
Note: Transient op started
Note: Transient op finished successfully
Note: Transient op started
Note: Transient op finished successfully
Note: Transient op started
Note: Transient op finished successfully
Note: Transient op started
Note: Transient op finished successfully
Note: Transient op started
Note: Transient op finished successfully
Note: Transient op started
Note: Transient op finished successfully
Note: Transient op started
Note: Transient op finished successfully
Note: Transient op started
Note: Transient op finished successfully
Note: Transient op started
Note: Transient op finished successfully
Note: Transient op started
Note: Transient op finished successfully
Note: Transient op started
Note: Transient op finished successfully
Note: Transient op started
Note: Transient op finished successfully
Note: Transient op started
Note: Transient op finished successfully
Note: Transient op started
Note: Transient op finished successfully
Note: Transient op started
Note: Transient op finished successfully
Note: Transient op started
Note: Transient op finished successfully
Note: Transient op started
Note: Transient op finished successfully
Note: Transient op started
Note: Transient op finished successfully
Note: Transient op started
Note: Transient op finished successfully
Note: Transient op started
Note: Transient op finished successfully
Note: Transient op started
Note: Transient op finished successfully
Note: Transient op started
Note: Transient op finished successfully
Note: Transient op started
Note: Transient op finished successfully
Note: Transient op started
Note: Transient op finished successfully
Note: Transient op started
Note: Transient op finished successfully
Checking parameters for BSIM 4.5 model xm2:sky130_fd_pr__nfet_01v8__model.25
Checking parameters for BSIM 4.5 model xm1:sky130_fd_pr__nfet_01v8__model.25
Note: Transient op started
Note: Transient op finished successfully
Note: Transient op started
Note: Transient op finished successfully
Note: Transient op started
Note: Transient op finished successfully
Note: Transient op started
Note: Transient op finished successfully
Note: Transient op started
Note: Transient op finished successfully
Note: Transient op started
Note: Transient op finished successfully
Note: Transient op started
Note: Transient op finished successfully
Note: Transient op started
Note: Transient op finished successfully
Note: Transient op started
Note: Transient op finished successfully
Note: Transient op started
Note: Transient op finished successfully
Note: Transient op started
Note: Transient op finished successfully
Note: Transient op started
Note: Transient op finished successfully
Note: Transient op started
Note: Transient op finished successfully
Note: Transient op started
Note: Transient op finished successfully
Note: Transient op started
Note: Transient op finished successfully
Note: Transient op started
Note: Transient op finished successfully
Note: Transient op started
Note: Transient op finished successfully
Note: Transient op started
Note: Transient op finished successfully
Note: Transient op started
Note: Transient op finished successfully
Note: Transient op started
Note: Transient op finished successfully
Note: Transient op started
Note: Transient op finished successfully
Note: Transient op started
Note: Transient op finished successfully
Note: Transient op started
Note: Transient op finished successfully
Note: Transient op started
Note: Transient op finished successfully
Note: Transient op started
Note: Transient op finished successfully
Note: Transient op started
Note: Transient op finished successfully
Note: Transient op started
Note: Transient op finished successfully
Note: Transient op started
Note: Transient op finished successfully
Note: Transient op started
Note: Transient op finished successfully
Note: Transient op started
Note: Transient op finished successfully
Note: Transient op started
Note: Transient op finished successfully
Note: Transient op started
Note: Transient op finished successfully
Note: Transient op started
Note: Transient op finished successfully
Note: Transient op started
Note: Transient op finished successfully
Note: Transient op started
Note: Transient op finished successfully
Note: Transient op started
Note: Transient op finished successfully
Note: Transient op started
Note: Transient op finished successfully
Note: Transient op started
Note: Transient op finished successfully
Note: Transient op started
Note: Transient op finished successfully
Note: Transient op started
Note: Transient op finished successfully
Note: Transient op started
Note: Transient op finished successfully
Note: Transient op started
Note: Transient op finished successfully
Note: Transient op started
Note: Transient op finished successfully
Note: Transient op started
Note: Transient op finished successfully
Note: Transient op started
Note: Transient op finished successfully
Note: Transient op started
Note: Transient op finished successfully
Note: Transient op started
Note: Transient op finished successfully
Note: Transient op started
Note: Transient op finished successfully
Note: Transient op started
Note: Transient op finished successfully
Note: Transient op started
Note: Transient op finished successfully
Note: Transient op started
Note: Transient op finished successfully
Note: Transient op started
Note: Transient op finished successfully
Note: Transient op started
Note: Transient op finished successfully
Note: Transient op started
Note: Transient op finished successfully
Note: Transient op started
Note: Transient op finished successfully
Note: Transient op started
Note: Transient op finished successfully
Note: Transient op started
Note: Transient op finished successfully
Note: Transient op started
Note: Transient op finished successfully
Note: Transient op started
Note: Transient op finished successfully
Note: Transient op started
Note: Transient op finished successfully
Note: Transient op started
Note: Transient op finished successfully
Note: Transient op started
Note: Transient op finished successfully
Note: Transient op started
Note: Transient op finished successfully
Note: Transient op started
Note: Transient op finished successfully
Note: Transient op started
Note: Transient op finished successfully
Note: Transient op started
Note: Transient op finished successfully
Note: Transient op started
Note: Transient op finished successfully
Note: Transient op started
Note: Transient op finished successfully
Note: Transient op started
Note: Transient op finished successfully
Note: Transient op started
Note: Transient op finished successfully
Note: Transient op started
Note: Transient op finished successfully
Note: Transient op started
Note: Transient op finished successfully
Note: Transient op started
Note: Transient op finished successfully
Note: Transient op started
Note: Transient op finished successfully
Note: Transient op started
Note: Transient op finished successfully
Note: Transient op started
Note: Transient op finished successfully
Note: Transient op started
Note: Transient op finished successfully
Note: Transient op started
Note: Transient op finished successfully
Note: Transient op started
Note: Transient op finished successfully
Note: Transient op started
Note: Transient op finished successfully
Note: Transient op started
Note: Transient op finished successfully
Note: Transient op started
Note: Transient op finished successfully
Note: Transient op started
Note: Transient op finished successfully
Note: Transient op started
Note: Transient op finished successfully
Note: Transient op started
Note: Transient op finished successfully
Note: Transient op started
Note: Transient op finished successfully
Note: Transient op started
Note: Transient op finished successfully
Note: Transient op started
Note: Transient op finished successfully
Note: Transient op started
Note: Transient op finished successfully
Note: Transient op started
Note: Transient op finished successfully
Note: Transient op started
Note: Transient op finished successfully
Note: Transient op started
Note: Transient op finished successfully
Note: Transient op started
Note: Transient op finished successfully
Note: Transient op started
Note: Transient op finished successfully
Note: Transient op started
Note: Transient op finished successfully
Note: Transient op started
Note: Transient op finished successfully
Note: Transient op started
Note: Transient op finished successfully
Note: Transient op started
Note: Transient op finished successfully
Note: Transient op started
Note: Transient op finished successfully
Note: Transient op started
Note: Transient op finished successfully
Note: Transient op started
Note: Transient op finished successfully
Note: Transient op started
Note: Transient op finished successfully
Note: Transient op started
Note: Transient op finished successfully
Note: Transient op started
Note: Transient op finished successfully
Note: Transient op started
Note: Transient op finished successfully
Note: Transient op started
Note: Transient op finished successfully
Note: Transient op started
Note: Transient op finished successfully
Note: Transient op started
Note: Transient op finished successfully
Note: Transient op started
Note: Transient op finished successfully
Note: Transient op started
Note: Transient op finished successfully
Note: Transient op started
Note: Transient op finished successfully
Note: Transient op started
Note: Transient op finished successfully
Note: Transient op started
Note: Transient op finished successfully
Note: Transient op started
Note: Transient op finished successfully
Note: Transient op started
Note: Transient op finished successfully
Note: Transient op started
Note: Transient op finished successfully
Note: Transient op started
Note: Transient op finished successfully
Note: Transient op started
Note: Transient op finished successfully
Note: Transient op started
Note: Transient op finished successfully
Note: Transient op started
Note: Transient op finished successfully
Note: Transient op started
Note: Transient op finished successfully
Note: Transient op started
Note: Transient op finished successfully
Note: Transient op started
Note: Transient op finished successfully
Note: Transient op started
Note: Transient op finished successfully
Note: Transient op started
Note: Transient op finished successfully
Note: Transient op started
Note: Transient op finished successfully
Note: Transient op started
Note: Transient op finished successfully
Note: Transient op started
Note: Transient op finished successfully
Note: Transient op started
Note: Transient op finished successfully
Note: Transient op started
Note: Transient op finished successfully
Note: Transient op started
Note: Transient op finished successfully
Note: Transient op started
Note: Transient op finished successfully
Note: Transient op started
Note: Transient op finished successfully
Note: Transient op started
Note: Transient op finished successfully
Note: Transient op started
Note: Transient op finished successfully
Note: Transient op started
Note: Transient op finished successfully
Note: Transient op started
Note: Transient op finished successfully
Note: Transient op started
Note: Transient op finished successfully
Note: Transient op started
Note: Transient op finished successfully
Note: Transient op started
Note: Transient op finished successfully
Note: Transient op started
Note: Transient op finished successfully
Note: Transient op started
Note: Transient op finished successfully
Note: Transient op started
Note: Transient op finished successfully
Note: Transient op started
Note: Transient op finished successfully
Note: Transient op started
Note: Transient op finished successfully
Note: Transient op started
Note: Transient op finished successfully
Note: Transient op started
Note: Transient op finished successfully
Note: Transient op started
Note: Transient op finished successfully
Note: Transient op started
Note: Transient op finished successfully
Note: Transient op started
Note: Transient op finished successfully
Note: Transient op started
Note: Transient op finished successfully
Note: Transient op started
Note: Transient op finished successfully
Note: Transient op started
Note: Transient op finished successfully
Note: Transient op started
Note: Transient op finished successfully
Note: Transient op started
Note: Transient op finished successfully
Note: Transient op started
Note: Transient op finished successfully
Note: Transient op started
Note: Transient op finished successfully
Note: Transient op started
Note: Transient op finished successfully
Note: Transient op started
Note: Transient op finished successfully
Note: Transient op started
Note: Transient op finished successfully
------------------------------------------
| rollout/                |              |
|    ep_len_mean          | 19.3         |
|    ep_rew_mean          | -69.9        |
| time/                   |              |
|    fps                  | 0            |
|    iterations           | 3            |
|    time_elapsed         | 26401        |
|    total_timesteps      | 3072         |
| train/                  |              |
|    approx_kl            | 0.0076825693 |
|    clip_fraction        | 0.0594       |
|    clip_range           | 0.2          |
|    entropy_loss         | -8.49        |
|    explained_variance   | -0.00184     |
|    learning_rate        | 0.0003       |
|    loss                 | 321          |
|    n_updates            | 20           |
|    policy_gradient_loss | -0.0131      |
|    std                  | 0.995        |
|    value_loss           | 690          |
------------------------------------------
Note: Transient op started
Note: Transient op finished successfully
Note: Transient op started
Note: Transient op finished successfully
Note: Transient op started
Note: Transient op finished successfully
Note: Transient op started
Note: Transient op finished successfully
Note: Transient op started
Note: Transient op finished successfully
Note: Transient op started
Note: Transient op finished successfully
Note: Transient op started
Note: Transient op finished successfully
Note: Transient op started
Note: Transient op finished successfully
Note: Transient op started
Note: Transient op finished successfully
Note: Transient op started
Note: Transient op finished successfully
Note: Transient op started
Note: Transient op finished successfully
Note: Transient op started
Note: Transient op finished successfully
Note: Transient op started
Note: Transient op finished successfully
Note: Transient op started
Note: Transient op finished successfully
Note: Transient op started
Note: Transient op finished successfully
Note: Transient op started
Note: Transient op finished successfully
Note: Transient op started
Note: Transient op finished successfully
Note: Transient op started
Note: Transient op finished successfully
Note: Transient op started
Note: Transient op finished successfully
Note: Transient op started
Note: Transient op finished successfully
Note: Transient op started
Note: Transient op finished successfully
Note: Transient op started
Note: Transient op finished successfully
Note: Transient op started
Note: Transient op finished successfully
Note: Transient op started
Note: Transient op finished successfully
Note: Transient op started
Note: Transient op finished successfully
Note: Transient op started
Note: Transient op finished successfully
Note: Transient op started
Note: Transient op finished successfully
Note: Transient op started
Note: Transient op finished successfully
Note: Transient op started
Note: Transient op finished successfully
Note: Transient op started
Note: Transient op finished successfully
Note: Transient op started
Note: Transient op finished successfully
Note: Transient op started
Note: Transient op finished successfully
Note: Transient op started
Note: Transient op finished successfully
Note: Transient op started
Note: Transient op finished successfully
Note: Transient op started
Note: Transient op finished successfully
Note: Transient op started
Note: Transient op finished successfully
Note: Transient op started
Note: Transient op finished successfully
Note: Transient op started
Note: Transient op finished successfully
Note: Transient op started
Note: Transient op finished successfully
Note: Transient op started
Note: Transient op finished successfully
Note: Transient op started
Note: Transient op finished successfully
Note: Transient op started
Note: Transient op finished successfully
Note: Transient op started
Note: Transient op finished successfully
Note: Transient op started
Note: Transient op finished successfully
Note: Transient op started
Note: Transient op finished successfully
Note: Transient op started
Note: Transient op finished successfully
Note: Transient op started
Note: Transient op finished successfully
Note: Transient op started
Note: Transient op finished successfully
Note: Transient op started
Note: Transient op finished successfully
Note: Transient op started
Note: Transient op finished successfully
Note: Transient op started
Note: Transient op finished successfully
Note: Transient op started
Note: Transient op finished successfully
Note: Transient op started
Note: Transient op finished successfully
Note: Transient op started
Note: Transient op finished successfully
Note: Transient op started
Note: Transient op finished successfully
Note: Transient op started
Note: Transient op finished successfully
Note: Transient op started
Note: Transient op finished successfully
Note: Transient op started
Note: Transient op finished successfully
Note: Transient op started
Note: Transient op finished successfully
Note: Transient op started
Note: Transient op finished successfully
Note: Transient op started
Note: Transient op finished successfully
Note: Transient op started
Note: Transient op finished successfully
Note: Transient op started
Note: Transient op finished successfully
Note: Transient op started
Note: Transient op finished successfully
Note: Transient op started
Note: Transient op finished successfully
Note: Transient op started
Note: Transient op finished successfully
Note: Transient op started
Note: Transient op finished successfully
Note: Transient op started
Note: Transient op finished successfully
Note: Transient op started
Note: Transient op finished successfully
Note: Transient op started
Note: Transient op finished successfully
Note: Transient op started
Note: Transient op finished successfully
Note: Transient op started
Note: Transient op finished successfully
Note: Transient op started
Note: Transient op finished successfully
Note: Transient op started
Note: Transient op finished successfully
Note: Transient op started
Note: Transient op finished successfully
Note: Transient op started
Note: Transient op finished successfully
Note: Transient op started
Note: Transient op finished successfully
Note: Transient op started
Note: Transient op finished successfully
Note: Transient op started
Note: Transient op finished successfully
Note: Transient op started
Note: Transient op finished successfully
Note: Transient op started
Note: Transient op finished successfully
Note: Transient op started
Note: Transient op finished successfully
Note: Transient op started
Note: Transient op finished successfully
Note: Transient op started
Note: Transient op finished successfully
Note: Transient op started
Note: Transient op finished successfully
Note: Transient op started
Note: Transient op finished successfully
Note: Transient op started
Note: Transient op finished successfully
Note: Transient op started
Note: Transient op finished successfully
Note: Transient op started
Note: Transient op finished successfully
Note: Transient op started
Note: Transient op finished successfully
Note: Transient op started
Note: Transient op finished successfully
Note: Transient op started
Note: Transient op finished successfully
Note: Transient op started
Note: Transient op finished successfully
Note: Transient op started
Note: Transient op finished successfully
Note: Transient op started
Note: Transient op finished successfully
Note: Transient op started
Note: Transient op finished successfully
Note: Transient op started
Note: Transient op finished successfully
Note: Transient op started
Note: Transient op finished successfully
Note: Transient op started
Note: Transient op finished successfully
Note: Transient op started
Note: Transient op finished successfully
Note: Transient op started
Note: Transient op finished successfully
Note: Transient op started
Note: Transient op finished successfully
Note: Transient op started
Note: Transient op finished successfully
Note: Transient op started
Note: Transient op finished successfully
Note: Transient op started
Note: Transient op finished successfully
Note: Transient op started
Note: Transient op finished successfully
Note: Transient op started
Note: Transient op finished successfully
Note: Transient op started
Note: Transient op finished successfully
Note: Transient op started
Note: Transient op finished successfully
Note: Transient op started
Note: Transient op finished successfully
Note: Transient op started
Note: Transient op finished successfully
Note: Transient op started
Note: Transient op finished successfully
Note: Transient op started
Note: Transient op finished successfully
Note: Transient op started
Note: Transient op finished successfully
Note: Transient op started
Note: Transient op finished successfully
Note: Transient op started
Note: Transient op finished successfully
Note: Transient op started
Note: Transient op finished successfully
Note: Transient op started
Note: Transient op finished successfully
Note: Transient op started
Note: Transient op finished successfully
Note: Transient op started
Note: Transient op finished successfully
Note: Transient op started
Note: Transient op finished successfully
Note: Transient op started
Note: Transient op finished successfully
Note: Transient op started
Note: Transient op finished successfully
Note: Transient op started
Note: Transient op finished successfully
Note: Transient op started
Note: Transient op finished successfully
Note: Transient op started
Note: Transient op finished successfully
Note: Transient op started
Note: Transient op finished successfully
Note: Transient op started
Note: Transient op finished successfully
Note: Transient op started
Note: Transient op finished successfully
Note: Transient op started
Note: Transient op finished successfully
Note: Transient op started
Note: Transient op finished successfully
Note: Transient op started
Note: Transient op finished successfully
Note: Transient op started
Note: Transient op finished successfully
Note: Transient op started
Note: Transient op finished successfully
Note: Transient op started
Note: Transient op finished successfully
Note: Transient op started
Note: Transient op finished successfully
Note: Transient op started
Note: Transient op finished successfully
Note: Transient op started
Note: Transient op finished successfully
Note: Transient op started
Note: Transient op finished successfully
Note: Transient op started
Note: Transient op finished successfully
Note: Transient op started
Note: Transient op finished successfully
Note: Transient op started
Note: Transient op finished successfully
Note: Transient op started
Note: Transient op finished successfully
Note: Transient op started
Note: Transient op finished successfully
Note: Transient op started
Note: Transient op finished successfully
Note: Transient op started
Note: Transient op finished successfully
Note: Transient op started
Note: Transient op finished successfully
Note: Transient op started
Note: Transient op finished successfully
Note: Transient op started
Note: Transient op finished successfully
Note: Transient op started
Note: Transient op finished successfully
Note: Transient op started
Note: Transient op finished successfully
Note: Transient op started
Note: Transient op finished successfully
Note: Transient op started
Note: Transient op finished successfully
Note: Transient op started
Note: Transient op finished successfully
Note: Transient op started
Note: Transient op finished successfully
Note: Transient op started
Note: Transient op finished successfully
Note: Transient op started
Note: Transient op finished successfully
Note: Transient op started
Note: Transient op finished successfully
Note: Transient op started
Note: Transient op finished successfully
Note: Transient op started
Note: Transient op finished successfully
Note: Transient op started
Note: Transient op finished successfully
Note: Transient op started
Note: Transient op finished successfully
Note: Transient op started
Note: Transient op finished successfully
Note: Transient op started
Note: Transient op finished successfully
Note: Transient op started
Note: Transient op finished successfully
Note: Transient op started
Note: Transient op finished successfully
Note: Transient op started
Note: Transient op finished successfully
Note: Transient op started
Note: Transient op finished successfully
Note: Transient op started
Note: Transient op finished successfully
Note: Transient op started
Note: Transient op finished successfully
Note: Transient op started
Note: Transient op finished successfully
Note: Transient op started
Note: Transient op finished successfully
Note: Transient op started
Note: Transient op finished successfully
Note: Transient op started
Note: Transient op finished successfully
Note: Transient op started
Note: Transient op finished successfully
Note: Transient op started
Note: Transient op finished successfully
Note: Transient op started
Note: Transient op finished successfully
Note: Transient op started
Note: Transient op finished successfully
Note: Transient op started
Note: Transient op finished successfully
Note: Transient op started
Note: Transient op finished successfully
Note: Transient op started
Note: Transient op finished successfully
Note: Transient op started
Note: Transient op finished successfully
Note: Transient op started
Note: Transient op finished successfully
Note: Transient op started
Note: Transient op finished successfully
Note: Transient op started
Note: Transient op finished successfully
Note: Transient op started
Note: Transient op finished successfully
Note: Transient op started
Note: Transient op finished successfully
Note: Transient op started
Note: Transient op finished successfully
Note: Transient op started
Note: Transient op finished successfully
Note: Transient op started
Note: Transient op finished successfully
Note: Transient op started
Note: Transient op finished successfully
Note: Transient op started
Note: Transient op finished successfully
Note: Transient op started
Note: Transient op finished successfully
Note: Transient op started
Note: Transient op finished successfully
Note: Transient op started
Note: Transient op finished successfully
Note: Transient op started
Note: Transient op finished successfully
Note: Transient op started
Note: Transient op finished successfully
Note: Transient op started
Note: Transient op finished successfully
Note: Transient op started
Note: Transient op finished successfully
Note: Transient op started
Note: Transient op finished successfully
Note: Transient op started
Note: Transient op finished successfully
Note: Transient op started
Note: Transient op finished successfully
Note: Transient op started
Note: Transient op finished successfully
Note: Transient op started
Note: Transient op finished successfully
Note: Transient op started
Note: Transient op finished successfully
Note: Transient op started
Note: Transient op finished successfully
Note: Transient op started
Note: Transient op finished successfully
Note: Transient op started
Note: Transient op finished successfully
Note: Transient op started
Note: Transient op finished successfully
Note: Transient op started
Note: Transient op finished successfully
Note: Transient op started
Note: Transient op finished successfully
Note: Transient op started
Note: Transient op finished successfully
Note: Transient op started
Note: Transient op finished successfully
Note: Transient op started
Note: Transient op finished successfully
Note: Transient op started
Note: Transient op finished successfully
Note: Transient op started
Note: Transient op finished successfully
Note: Transient op started
Note: Transient op finished successfully
Note: Transient op started
Note: Transient op finished successfully
Note: Transient op started
Note: Transient op finished successfully
Note: Transient op started
Note: Transient op finished successfully
Note: Transient op started
Note: Transient op finished successfully
Note: Transient op started
Note: Transient op finished successfully
Note: Transient op started
Note: Transient op finished successfully
Note: Transient op started
Note: Transient op finished successfully
Note: Transient op started
Note: Transient op finished successfully
Note: Transient op started
Note: Transient op finished successfully
Note: Transient op started
Note: Transient op finished successfully
Note: Transient op started
Note: Transient op finished successfully
Note: Transient op started
Note: Transient op finished successfully
Note: Transient op started
Note: Transient op finished successfully
Note: Transient op started
Note: Transient op finished successfully
Note: Transient op started
Note: Transient op finished successfully
Note: Transient op started
Note: Transient op finished successfully
Note: Transient op started
Note: Transient op finished successfully
Note: Transient op started
Note: Transient op finished successfully
Note: Transient op started
Note: Transient op finished successfully
Note: Transient op started
Note: Transient op finished successfully
Note: Transient op started
Note: Transient op finished successfully
Note: Transient op started
Note: Transient op finished successfully
Note: Transient op started
Note: Transient op finished successfully
Note: Transient op started
Note: Transient op finished successfully
Note: Transient op started
Note: Transient op finished successfully
Note: Transient op started
Note: Transient op finished successfully
Note: Transient op started
Note: Transient op finished successfully
Note: Transient op started
Note: Transient op finished successfully
Note: Transient op started
Note: Transient op finished successfully
Note: Transient op started
Note: Transient op finished successfully
Note: Transient op started
Note: Transient op finished successfully
Note: Transient op started
Note: Transient op finished successfully
Note: Transient op started
Note: Transient op finished successfully
Note: Transient op started
Note: Transient op finished successfully
Note: Transient op started
Note: Transient op finished successfully
Note: Transient op started
Note: Transient op finished successfully
Note: Transient op started
Note: Transient op finished successfully
Note: Transient op started
Note: Transient op finished successfully
Note: Transient op started
Note: Transient op finished successfully
Note: Transient op started
Note: Transient op finished successfully
Note: Transient op started
Note: Transient op finished successfully
Note: Transient op started
Note: Transient op finished successfully
Note: Transient op started
Note: Transient op finished successfully
Note: Transient op started
Note: Transient op finished successfully
Note: Transient op started
Note: Transient op finished successfully
Note: Transient op started
Note: Transient op finished successfully
Note: Transient op started
Note: Transient op finished successfully
Note: Transient op started
Note: Transient op finished successfully
Note: Transient op started
Note: Transient op finished successfully
Note: Transient op started
Note: Transient op finished successfully
Note: Transient op started
Note: Transient op finished successfully
Note: Transient op started
Note: Transient op finished successfully
Note: Transient op started
Note: Transient op finished successfully
Note: Transient op started
Note: Transient op finished successfully
Note: Transient op started
Note: Transient op finished successfully
Note: Transient op started
Note: Transient op finished successfully
Note: Transient op started
Note: Transient op finished successfully
Note: Transient op started
Note: Transient op finished successfully
Note: Transient op started
Note: Transient op finished successfully
Note: Transient op started
Note: Transient op finished successfully
Note: Transient op started
Note: Transient op finished successfully
Note: Transient op started
Note: Transient op finished successfully
Note: Transient op started
Note: Transient op finished successfully
Note: Transient op started
Note: Transient op finished successfully
Note: Transient op started
Note: Transient op finished successfully
Note: Transient op started
Note: Transient op finished successfully
Note: Transient op started
Note: Transient op finished successfully
Note: Transient op started
Note: Transient op finished successfully
Note: Transient op started
Note: Transient op finished successfully
Note: Transient op started
Note: Transient op finished successfully
Note: Transient op started
Note: Transient op finished successfully
Note: Transient op started
Note: Transient op finished successfully
Note: Transient op started
Note: Transient op finished successfully
Note: Transient op started
Note: Transient op finished successfully
Note: Transient op started
Note: Transient op finished successfully
Note: Transient op started
Note: Transient op finished successfully
Note: Transient op started
Note: Transient op finished successfully
Note: Transient op started
Note: Transient op finished successfully
Note: Transient op started
Note: Transient op finished successfully
Note: Transient op started
Note: Transient op finished successfully
Note: Transient op started
Note: Transient op finished successfully
Note: Transient op started
Note: Transient op finished successfully
Note: Transient op started
Note: Transient op finished successfully
Note: Transient op started
Note: Transient op finished successfully
Note: Transient op started
Note: Transient op finished successfully
Note: Transient op started
Note: Transient op finished successfully
Note: Transient op started
Note: Transient op finished successfully
Note: Transient op started
Note: Transient op finished successfully
Note: Transient op started
Note: Transient op finished successfully
Note: Transient op started
Note: Transient op finished successfully
Note: Transient op started
Note: Transient op finished successfully
Note: Transient op started
Note: Transient op finished successfully
Note: Transient op started
Note: Transient op finished successfully
Note: Transient op started
Note: Transient op finished successfully
Note: Transient op started
Note: Transient op finished successfully
Note: Transient op started
Note: Transient op finished successfully
Note: Transient op started
Note: Transient op finished successfully
Note: Transient op started
Note: Transient op finished successfully
Note: Transient op started
Note: Transient op finished successfully
Note: Transient op started
Note: Transient op finished successfully
Note: Transient op started
Note: Transient op finished successfully
Note: Transient op started
Note: Transient op finished successfully
Note: Transient op started
Note: Transient op finished successfully
Note: Transient op started
Note: Transient op finished successfully
Note: Transient op started
Note: Transient op finished successfully
Note: Transient op started
Note: Transient op finished successfully
Note: Transient op started
Note: Transient op finished successfully
Note: Transient op started
Note: Transient op finished successfully
Note: Transient op started
Note: Transient op finished successfully
Note: Transient op started
Note: Transient op finished successfully
Note: Transient op started
Note: Transient op finished successfully
Note: Transient op started
Note: Transient op finished successfully
Note: Transient op started
Note: Transient op finished successfully
Note: Transient op started
Note: Transient op finished successfully
Note: Transient op started
Note: Transient op finished successfully
Note: Transient op started
Note: Transient op finished successfully
Note: Transient op started
Note: Transient op finished successfully
Note: Transient op started
Note: Transient op finished successfully
Note: Transient op started
Note: Transient op finished successfully
Note: Transient op started
Note: Transient op finished successfully
Note: Transient op started
Note: Transient op finished successfully
Note: Transient op started
Note: Transient op finished successfully
Note: Transient op started
Note: Transient op finished successfully
Note: Transient op started
Note: Transient op finished successfully
-----------------------------------------
| rollout/                |             |
|    ep_len_mean          | 19.5        |
|    ep_rew_mean          | -58.5       |
| time/                   |             |
|    fps                  | 0           |
|    iterations           | 4           |
|    time_elapsed         | 46653       |
|    total_timesteps      | 4096        |
| train/                  |             |
|    approx_kl            | 0.009607382 |
|    clip_fraction        | 0.105       |
|    clip_range           | 0.2         |
|    entropy_loss         | -8.49       |
|    explained_variance   | -0.00264    |
|    learning_rate        | 0.0003      |
|    loss                 | 176         |
|    n_updates            | 30          |
|    policy_gradient_loss | -0.0167     |
|    std                  | 0.996       |
|    value_loss           | 433         |
-----------------------------------------
Note: Transient op started
Note: Transient op finished successfully
Note: Transient op started
Note: Transient op finished successfully
Note: Transient op started
Note: Transient op finished successfully
Note: Transient op started
Note: Transient op finished successfully
Note: Transient op started
Note: Transient op finished successfully
Note: Transient op started
Note: Transient op finished successfully
Note: Transient op started
Note: Transient op finished successfully
Note: Transient op started
Note: Transient op finished successfully
Note: Transient op started
Note: Transient op finished successfully
Note: Transient op started
Note: Transient op finished successfully
Note: Transient op started
Note: Transient op finished successfully
Note: Transient op started
Note: Transient op finished successfully
Note: Transient op started
Note: Transient op finished successfully
Note: Transient op started
Note: Transient op finished successfully
Note: Transient op started
Note: Transient op finished successfully
Note: Transient op started
Note: Transient op finished successfully
Note: Transient op started
Note: Transient op finished successfully
Note: Transient op started
Note: Transient op finished successfully
Note: Transient op started
Note: Transient op finished successfully
Note: Transient op started
Note: Transient op finished successfully
Note: Transient op started
Note: Transient op finished successfully
Note: Transient op started
Note: Transient op finished successfully
Note: Transient op started
Note: Transient op finished successfully
Note: Transient op started
Note: Transient op finished successfully
Note: Transient op started
Note: Transient op finished successfully
Note: Transient op started
Note: Transient op finished successfully
Note: Transient op started
Note: Transient op finished successfully
Note: Transient op started
Note: Transient op finished successfully
Note: Transient op started
Note: Transient op finished successfully
Note: Transient op started
Note: Transient op finished successfully
Note: Transient op started
Note: Transient op finished successfully
Note: Transient op started
Note: Transient op finished successfully
Note: Transient op started
Note: Transient op finished successfully
Note: Transient op started
Note: Transient op finished successfully
Note: Transient op started
Note: Transient op finished successfully
Note: Transient op started
Note: Transient op finished successfully
Note: Transient op started
Note: Transient op finished successfully
Note: Transient op started
Note: Transient op finished successfully
Note: Transient op started
Note: Transient op finished successfully
Note: Transient op started
Note: Transient op finished successfully
Note: Transient op started
Note: Transient op finished successfully
Note: Transient op started
Note: Transient op finished successfully
Note: Transient op started
Note: Transient op finished successfully
Note: Transient op started
Note: Transient op finished successfully
Note: Transient op started
Note: Transient op finished successfully
Note: Transient op started
Note: Transient op finished successfully
Note: Transient op started
Note: Transient op finished successfully
Note: Transient op started
Note: Transient op finished successfully
Note: Transient op started
Note: Transient op finished successfully
Note: Transient op started
Note: Transient op finished successfully
Note: Transient op started
Note: Transient op finished successfully
Note: Transient op started
Note: Transient op finished successfully
Note: Transient op started
Note: Transient op finished successfully
Note: Transient op started
Note: Transient op finished successfully
Note: Transient op started
Note: Transient op finished successfully
Note: Transient op started
Note: Transient op finished successfully
Note: Transient op started
Note: Transient op finished successfully
Note: Transient op started
Note: Transient op finished successfully
Note: Transient op started
Note: Transient op finished successfully
Note: Transient op started
Note: Transient op finished successfully
Note: Transient op started
Note: Transient op finished successfully
Note: Transient op started
Note: Transient op finished successfully
Note: Transient op started
Note: Transient op finished successfully
Note: Transient op started
Note: Transient op finished successfully
Note: Transient op started
Note: Transient op finished successfully
Note: Transient op started
Note: Transient op finished successfully
Note: Transient op started
Note: Transient op finished successfully
Note: Transient op started
Note: Transient op finished successfully
Note: Transient op started
Note: Transient op finished successfully
Note: Transient op started
Note: Transient op finished successfully
Note: Transient op started
Note: Transient op finished successfully
Note: Transient op started
Note: Transient op finished successfully
Note: Transient op started
Note: Transient op finished successfully
Note: Transient op started
Note: Transient op finished successfully
Note: Transient op started
Note: Transient op finished successfully
Note: Transient op started
Note: Transient op finished successfully
Note: Transient op started
Note: Transient op finished successfully
Note: Transient op started
Note: Transient op finished successfully
Note: Transient op started
Note: Transient op finished successfully
Note: Transient op started
Note: Transient op finished successfully
Note: Transient op started
Note: Transient op finished successfully
Note: Transient op started
Note: Transient op finished successfully
Note: Transient op started
Note: Transient op finished successfully
Note: Transient op started
Note: Transient op finished successfully
Note: Transient op started
Note: Transient op finished successfully
Note: Transient op started
Note: Transient op finished successfully
Note: Transient op started
Note: Transient op finished successfully
Note: Transient op started
Note: Transient op finished successfully
Note: Transient op started
Note: Transient op finished successfully
Note: Transient op started
Note: Transient op finished successfully
Note: Transient op started
Note: Transient op finished successfully
Note: Transient op started
Note: Transient op finished successfully
Note: Transient op started
Note: Transient op finished successfully
Note: Transient op started
Note: Transient op finished successfully
Note: Transient op started
Note: Transient op finished successfully
Note: Transient op started
Note: Transient op finished successfully
Note: Transient op started
Note: Transient op finished successfully
Note: Transient op started
Note: Transient op finished successfully
Note: Transient op started
Note: Transient op finished successfully
Note: Transient op started
Note: Transient op finished successfully
Note: Transient op started
Note: Transient op finished successfully
Note: Transient op started
Note: Transient op finished successfully
Note: Transient op started
Note: Transient op finished successfully
Note: Transient op started
Note: Transient op finished successfully
Note: Transient op started
Note: Transient op finished successfully
Note: Transient op started
Note: Transient op finished successfully
Note: Transient op started
Note: Transient op finished successfully
Note: Transient op started
Note: Transient op finished successfully
Note: Transient op started
Note: Transient op finished successfully
Note: Transient op started
Note: Transient op finished successfully
Note: Transient op started
Note: Transient op finished successfully
Note: Transient op started
Note: Transient op finished successfully
Note: Transient op started
Note: Transient op finished successfully
Note: Transient op started
Note: Transient op finished successfully
Note: Transient op started
Note: Transient op finished successfully
Note: Transient op started
Note: Transient op finished successfully
Note: Transient op started
Note: Transient op finished successfully
Note: Transient op started
Note: Transient op finished successfully
Note: Transient op started
Note: Transient op finished successfully
Note: Transient op started
Note: Transient op finished successfully
Note: Transient op started
Note: Transient op finished successfully
Note: Transient op started
Note: Transient op finished successfully
Note: Transient op started
Note: Transient op finished successfully
Note: Transient op started
Note: Transient op finished successfully
Note: Transient op started
Note: Transient op finished successfully
Note: Transient op started
Note: Transient op finished successfully
Note: Transient op started
Note: Transient op finished successfully
Note: Transient op started
Note: Transient op finished successfully
Note: Transient op started
Note: Transient op finished successfully
Note: Transient op started
Note: Transient op finished successfully
Note: Transient op started
Note: Transient op finished successfully
Note: Transient op started
Note: Transient op finished successfully
Note: Transient op started
Note: Transient op finished successfully
Note: Transient op started
Note: Transient op finished successfully
Note: Transient op started
Note: Transient op finished successfully
Note: Transient op started
Note: Transient op finished successfully
Note: Transient op started
Note: Transient op finished successfully
Note: Transient op started
Note: Transient op finished successfully
Note: Transient op started
Note: Transient op finished successfully
Note: Transient op started
Note: Transient op finished successfully
Note: Transient op started
Note: Transient op finished successfully
Note: Transient op started
Note: Transient op finished successfully
Note: Transient op started
Note: Transient op finished successfully
Note: Transient op started
Note: Transient op finished successfully
Note: Transient op started
Note: Transient op finished successfully
Note: Transient op started
Note: Transient op finished successfully
Note: Transient op started
Note: Transient op finished successfully
Note: Transient op started
Note: Transient op finished successfully
Note: Transient op started
Note: Transient op finished successfully
Note: Transient op started
Note: Transient op finished successfully
