Using cpu device
Note: Transient op started
Note: Transient op finished successfully
Note: Transient op started
Note: Transient op finished successfully
Note: Transient op started
Note: Transient op finished successfully
Note: Transient op started
Note: Transient op finished successfully
Note: Transient op started
Note: Transient op finished successfully
Note: Transient op started
Note: Transient op finished successfully
Note: Transient op started
Note: Transient op finished successfully
Note: Transient op started
Note: Transient op finished successfully
Note: Transient op started
Note: Transient op finished successfully
Note: Transient op started
Note: Transient op finished successfully
Note: Transient op started
Note: Transient op finished successfully
Note: Transient op started
Note: Transient op finished successfully
Note: Transient op started
Note: Transient op started
Note: Transient op finished successfully
Note: Transient op finished successfully
Note: Transient op started
Note: Transient op finished successfully
Note: Transient op started
Note: Transient op finished successfully
Note: Transient op started
Note: Transient op finished successfully
Note: Transient op started
Note: Transient op finished successfully
Note: Transient op started
Note: Transient op finished successfully
Note: Transient op started
Note: Transient op finished successfully
Note: Transient op started
Note: Transient op finished successfully
Note: Transient op started
Note: Transient op finished successfully
Note: Transient op started
Note: Transient op finished successfully
Note: Transient op started
Note: Transient op finished successfully
Note: Transient op started
Note: Transient op finished successfully
Note: Transient op started
Note: Transient op finished successfully
Note: Transient op started
Note: Transient op finished successfully
Note: Transient op started
Note: Transient op finished successfully
Note: Transient op started
Note: Transient op finished successfully
Note: Transient op started
Note: Transient op finished successfully
Note: Transient op started
Note: Transient op finished successfully
Note: Transient op started
Note: Transient op finished successfully
Note: Transient op started
Note: Transient op finished successfully
Note: Transient op started
Note: Transient op finished successfully
Note: Transient op started
Note: Transient op started
Note: Transient op finished successfully
Note: Transient op finished successfully
Note: Transient op started
Note: Transient op finished successfully
Note: Transient op started
Note: Transient op finished successfully
Note: Transient op started
Note: Transient op finished successfully
Note: Transient op started
Note: Transient op finished successfully
Note: Transient op started
Note: Transient op finished successfully
Note: Transient op started
Note: Transient op finished successfully
Note: Transient op started
Note: Transient op finished successfully
Note: Transient op started
Note: Transient op finished successfully
Note: Transient op started
Note: Transient op finished successfully
Note: Transient op started
Note: Transient op finished successfully
Note: Transient op started
Note: Transient op started
Note: Transient op finished successfully
Note: Transient op finished successfully
Note: Transient op started
Note: Transient op finished successfully
Note: Transient op started
Note: Transient op finished successfully
Note: Transient op started
Note: Transient op finished successfully
Note: Transient op started
Note: Transient op finished successfully
Note: Transient op started
Note: Transient op finished successfully
Note: Transient op started
Note: Transient op finished successfully
Note: Transient op started
Note: Transient op finished successfully
Note: Transient op started
Note: Transient op finished successfully
Note: Transient op started
Note: Transient op finished successfully
Note: Transient op started
Note: Transient op finished successfully
Note: Transient op started
Note: Transient op finished successfully
Note: Transient op started
Note: Transient op finished successfully
Note: Transient op started
Note: Transient op finished successfully
Note: Transient op started
Note: Transient op finished successfully
Note: Transient op started
Note: Transient op finished successfully
Note: Transient op started
Note: Transient op finished successfully
Note: Transient op started
Note: Transient op finished successfully
Note: Transient op started
Note: Transient op finished successfully
Note: Transient op started
Note: Transient op finished successfully
Note: Transient op started
Note: Transient op finished successfully
Note: Transient op started
Note: Transient op finished successfully
Note: Transient op started
Note: Transient op finished successfully
Note: Transient op started
Note: Transient op finished successfully
Note: Transient op started
Note: Transient op finished successfully
Note: Transient op started
Note: Transient op finished successfully
Note: Transient op started
Note: Transient op finished successfully
Note: Transient op started
Note: Transient op finished successfully
Note: Transient op started
Note: Transient op finished successfully
Note: Transient op started
Note: Transient op finished successfully
Note: Transient op started
Note: Transient op finished successfully
Note: Transient op started
Note: Transient op finished successfully
Note: Transient op started
Note: Transient op finished successfully
Note: Transient op started
Note: Transient op finished successfully
Note: Transient op started
Note: Transient op finished successfully
Note: Transient op started
Note: Transient op finished successfully
Note: Transient op started
Note: Transient op finished successfully
Note: Transient op started
Note: Transient op finished successfully
Note: Transient op started
Note: Transient op finished successfully
Note: Transient op started
Note: Transient op finished successfully
Note: Transient op started
Note: Transient op finished successfully
Note: Transient op started
Note: Transient op finished successfully
Note: Transient op started
Note: Transient op finished successfully
Note: Transient op started
Note: Transient op finished successfully
Note: Transient op started
Note: Transient op finished successfully
Note: Transient op started
Note: Transient op finished successfully
Note: Transient op started
Note: Transient op finished successfully
Note: Transient op started
Note: Transient op finished successfully
Note: Transient op started
Note: Transient op finished successfully
Note: Transient op started
Note: Transient op finished successfully
Note: Transient op started
Note: Transient op finished successfully
Note: Transient op started
Note: Transient op finished successfully
Note: Transient op started
Note: Transient op finished successfully
Note: Transient op started
Note: Transient op finished successfully
Note: Transient op started
Note: Transient op finished successfully
Note: Transient op started
Note: Transient op finished successfully
Note: Transient op started
Note: Transient op finished successfully
Note: Transient op started
Note: Transient op finished successfully
Note: Transient op started
Note: Transient op finished successfully
Note: Transient op started
Note: Transient op finished successfully
Note: Transient op started
Note: Transient op finished successfully
Note: Transient op started
Note: Transient op finished successfully
Note: Transient op started
Note: Transient op finished successfully
Note: Transient op started
Note: Transient op finished successfully
Note: Transient op started
Note: Transient op finished successfully
Note: Transient op started
Note: Transient op finished successfully
Note: Transient op started
Note: Transient op finished successfully
Note: Transient op started
Note: Transient op started
Note: Transient op finished successfully
Note: Transient op finished successfully
Note: Transient op started
Note: Transient op finished successfully
Note: Transient op started
Note: Transient op finished successfully
Note: Transient op started
Note: Transient op finished successfully
Note: Transient op started
Note: Transient op finished successfully
Checking parameters for BSIM 4.5 model xm2:sky130_fd_pr__nfet_01v8__model.8
Checking parameters for BSIM 4.5 model xm1:sky130_fd_pr__nfet_01v8__model.8
Note: Transient op started
Note: Transient op finished successfully
Note: Transient op started
Note: Transient op finished successfully
Note: Transient op started
Note: Transient op finished successfully
Note: Transient op started
Note: Transient op finished successfully
Note: Transient op started
Note: Transient op finished successfully
Note: Transient op started
Note: Transient op finished successfully
Note: Transient op started
Note: Transient op finished successfully
Note: Transient op started
Note: Transient op finished successfully
Note: Transient op started
Note: Transient op finished successfully
Note: Transient op started
Note: Transient op finished successfully
Note: Transient op started
Note: Transient op finished successfully
Note: Transient op started
Note: Transient op finished successfully
Note: Transient op started
Note: Transient op finished successfully
Note: Transient op started
Note: Transient op finished successfully
Note: Transient op started
Note: Transient op finished successfully
Note: Transient op started
Note: Transient op finished successfully
Note: Transient op started
Note: Transient op finished successfully
Note: Transient op started
Note: Transient op finished successfully
Note: Transient op started
Note: Transient op finished successfully
Note: Transient op started
Note: Transient op finished successfully
Note: Transient op started
Note: Transient op finished successfully
-----------------------------
| time/              |      |
|    fps             | 21   |
|    iterations      | 1    |
|    time_elapsed    | 47   |
|    total_timesteps | 1024 |
-----------------------------
Note: Transient op started
Note: Transient op finished successfully
Note: Transient op started
Note: Transient op finished successfully
Note: Transient op started
Note: Transient op finished successfully
Note: Transient op started
Note: Transient op finished successfully
Note: Transient op started
Note: Transient op finished successfully
Note: Transient op started
Note: Transient op finished successfully
Note: Transient op started
Note: Transient op finished successfully
Note: Transient op started
Note: Transient op finished successfully
Note: Transient op started
Note: Transient op finished successfully
Note: Transient op started
Note: Transient op finished successfully
Note: Transient op started
Note: Transient op finished successfully
Note: Transient op started
Note: Transient op finished successfully
Note: Transient op started
Note: Transient op finished successfully
Note: Transient op started
Note: Transient op finished successfully
Note: Transient op started
Note: Transient op finished successfully
Note: Transient op started
Note: Transient op finished successfully
Note: Transient op started
Note: Transient op finished successfully
Note: Transient op started
Note: Transient op finished successfully
Note: Transient op started
Note: Transient op finished successfully
Note: Transient op started
Note: Transient op finished successfully
Note: Transient op started
Note: Transient op finished successfully
Note: Transient op started
Note: Transient op finished successfully
Note: Transient op started
Note: Transient op finished successfully
Note: Transient op started
Note: Transient op finished successfully
Note: Transient op started
Note: Transient op finished successfully
Note: Transient op started
Note: Transient op finished successfully
Note: Transient op started
Note: Transient op finished successfully
Note: Transient op started
Note: Transient op finished successfully
Note: Transient op started
Note: Transient op finished successfully
Note: Transient op started
Note: Transient op finished successfully
Note: Transient op started
Note: Transient op finished successfully
Note: Transient op started
Note: Transient op finished successfully
Note: Transient op started
Note: Transient op finished successfully
Note: Transient op started
Note: Transient op finished successfully
Note: Transient op started
Note: Transient op finished successfully
Note: Transient op started
Note: Transient op finished successfully
Note: Transient op started
Note: Transient op started
Note: Transient op finished successfully
Note: Transient op finished successfully
Note: Transient op started
Note: Transient op finished successfully
Note: Transient op started
Note: Transient op finished successfully
Note: Transient op started
Note: Transient op finished successfully
Note: Transient op started
Note: Transient op finished successfully
Note: Transient op started
Note: Transient op finished successfully
Note: Transient op started
Note: Transient op finished successfully
Note: Transient op started
Note: Transient op finished successfully
Note: Transient op started
Note: Transient op finished successfully
Note: Transient op started
Note: Transient op finished successfully
Note: Transient op started
Note: Transient op finished successfully
Note: Transient op started
Note: Transient op finished successfully
Note: Transient op started
Note: Transient op finished successfully
Note: Transient op started
Note: Transient op finished successfully
Note: Transient op started
Note: Transient op finished successfully
Note: Transient op started
Note: Transient op finished successfully
Note: Transient op started
Note: Transient op finished successfully
Note: Transient op started
Note: Transient op finished successfully
Note: Transient op started
Note: Transient op finished successfully
Note: Transient op started
Note: Transient op finished successfully
Note: Transient op started
Note: Transient op finished successfully
Note: Transient op started
Note: Transient op finished successfully
Note: Transient op started
Note: Transient op finished successfully
Note: Transient op started
Note: Transient op finished successfully
Note: Transient op started
Note: Transient op finished successfully
Note: Transient op started
Note: Transient op finished successfully
Note: Transient op started
Note: Transient op finished successfully
Note: Transient op started
Note: Transient op finished successfully
Note: Transient op started
Note: Transient op finished successfully
Note: Transient op started
Note: Transient op finished successfully
Note: Transient op started
Note: Transient op finished successfully
Note: Transient op started
Note: Transient op finished successfully
Note: Transient op started
Note: Transient op finished successfully
Note: Transient op started
Note: Transient op finished successfully
Note: Transient op started
Note: Transient op finished successfully
Note: Transient op started
Note: Transient op finished successfully
Note: Transient op started
Note: Transient op finished successfully
Note: Transient op started
Note: Transient op finished successfully
Note: Transient op started
Note: Transient op started
Note: Transient op finished successfully
Note: Transient op finished successfully
Note: Transient op started
Note: Transient op finished successfully
Note: Transient op started
Note: Transient op finished successfully
Note: Transient op started
Note: Transient op finished successfully
Note: Transient op started
Note: Transient op finished successfully
Note: Transient op started
Note: Transient op finished successfully
Note: Transient op started
Note: Transient op finished successfully
Note: Transient op started
Note: Transient op finished successfully
Note: Transient op started
Note: Transient op started
Note: Transient op finished successfully
Note: Transient op finished successfully
Note: Transient op started
Note: Transient op started
Note: Transient op finished successfully
Note: Transient op finished successfully
Note: Transient op started
Note: Transient op finished successfully
Note: Transient op started
Note: Transient op finished successfully
Note: Transient op started
Note: Transient op finished successfully
Note: Transient op started
Note: Transient op finished successfully
Note: Transient op started
Note: Transient op finished successfully
Note: Transient op started
Note: Transient op finished successfully
Note: Transient op started
Note: Transient op finished successfully
Note: Transient op started
Note: Transient op finished successfully
Note: Transient op started
Note: Transient op finished successfully
Note: Transient op started
Note: Transient op finished successfully
Note: Transient op started
Note: Transient op finished successfully
Note: Transient op started
Note: Transient op started
Note: Transient op finished successfully
Note: Transient op finished successfully
Note: Transient op started
Note: Transient op finished successfully
Note: Transient op started
Note: Transient op finished successfully
Note: Transient op started
Note: Transient op finished successfully
Note: Transient op started
Note: Transient op finished successfully
Note: Transient op started
Note: Transient op finished successfully
Note: Transient op started
Note: Transient op finished successfully
Note: Transient op started
Note: Transient op finished successfully
Note: Transient op started
Note: Transient op finished successfully
Note: Transient op started
Note: Transient op finished successfully
Note: Transient op started
Note: Transient op finished successfully
Note: Transient op started
Note: Transient op finished successfully
Note: Transient op started
Note: Transient op finished successfully
Note: Transient op started
Note: Transient op finished successfully
Note: Transient op started
Note: Transient op finished successfully
Note: Transient op started
Note: Transient op finished successfully
Note: Transient op started
Note: Transient op finished successfully
Note: Transient op started
Note: Transient op finished successfully
Note: Transient op started
Note: Transient op finished successfully
Note: Transient op started
Note: Transient op finished successfully
Note: Transient op started
Note: Transient op finished successfully
Note: Transient op started
Note: Transient op finished successfully
Note: Transient op started
Note: Transient op finished successfully
Note: Transient op started
Note: Transient op finished successfully
Note: Transient op started
Note: Transient op finished successfully
Note: Transient op started
Note: Transient op finished successfully
Note: Transient op started
Note: Transient op finished successfully
Note: Transient op started
Note: Transient op finished successfully
Note: Transient op started
Note: Transient op finished successfully
Note: Transient op started
Note: Transient op finished successfully
Note: Transient op started
Note: Transient op finished successfully
Note: Transient op started
Note: Transient op finished successfully
Note: Transient op started
Note: Transient op finished successfully
Note: Transient op started
Note: Transient op finished successfully
Note: Transient op started
Note: Transient op finished successfully
Note: Transient op started
Note: Transient op finished successfully
Note: Transient op started
Note: Transient op finished successfully
Note: Transient op started
Note: Transient op finished successfully
Note: Transient op started
Note: Transient op finished successfully
Note: Transient op started
Note: Transient op finished successfully
Note: Transient op started
Note: Transient op finished successfully
Note: Transient op started
Note: Transient op finished successfully
Note: Transient op started
Note: Transient op finished successfully
Note: Transient op started
Note: Transient op finished successfully
Note: Transient op started
Note: Transient op finished successfully
Note: Transient op started
Note: Transient op finished successfully
Note: Transient op started
Note: Transient op finished successfully
Note: Transient op started
Note: Transient op finished successfully
Note: Transient op started
Note: Transient op finished successfully
Note: Transient op started
Note: Transient op finished successfully
Note: Transient op started
Note: Transient op finished successfully
Note: Transient op started
Note: Transient op finished successfully
Note: Transient op started
Note: Transient op finished successfully
Note: Transient op started
Note: Transient op finished successfully
Note: Transient op started
Note: Transient op finished successfully
Note: Transient op started
Note: Transient op finished successfully
Note: Transient op started
Note: Transient op finished successfully
Note: Transient op started
Note: Transient op finished successfully
Note: Transient op started
Note: Transient op finished successfully
Note: Transient op started
Note: Transient op finished successfully
Note: Transient op started
Note: Transient op finished successfully
Note: Transient op started
Note: Transient op finished successfully
Note: Transient op started
Note: Transient op finished successfully
Note: Transient op started
Note: Transient op finished successfully
Note: Transient op started
Note: Transient op finished successfully
Note: Transient op started
Note: Transient op finished successfully
Note: Transient op started
Note: Transient op finished successfully
Note: Transient op started
Note: Transient op finished successfully
Note: Transient op started
Note: Transient op finished successfully
Note: Transient op started
Note: Transient op finished successfully
Note: Transient op started
Note: Transient op finished successfully
Note: Transient op started
Note: Transient op started
Note: Transient op started
Note: Transient op finished successfully
Note: Transient op finished successfully
Note: Transient op finished successfully
Note: Transient op started
Note: Transient op started
Note: Transient op finished successfully
Note: Transient op finished successfully
Note: Transient op started
Note: Transient op finished successfully
Note: Transient op started
Note: Transient op finished successfully
Note: Transient op started
Note: Transient op finished successfully
Note: Transient op started
Note: Transient op finished successfully
Note: Transient op started
Note: Transient op started
Note: Transient op finished successfully
Note: Transient op finished successfully
Note: Transient op started
Note: Transient op started
Note: Transient op finished successfully
Note: Transient op finished successfully
Note: Transient op started
Note: Transient op finished successfully
Note: Transient op started
Note: Transient op finished successfully
Note: Transient op started
Note: Transient op finished successfully
Note: Transient op started
Note: Transient op finished successfully
Note: Transient op started
Note: Transient op finished successfully
Note: Transient op started
Note: Transient op finished successfully
Note: Transient op started
Note: Transient op finished successfully
Note: Transient op started
Note: Transient op finished successfully
Note: Transient op started
Note: Transient op finished successfully
Note: Transient op started
Note: Transient op finished successfully
Note: Transient op started
Note: Transient op finished successfully
Note: Transient op started
Note: Transient op finished successfully
Note: Transient op started
Note: Transient op finished successfully
Note: Transient op started
Note: Transient op finished successfully
Note: Transient op started
Note: Transient op finished successfully
Note: Transient op started
Note: Transient op finished successfully
Note: Transient op started
Note: Transient op finished successfully
Note: Transient op started
Note: Transient op finished successfully
Note: Transient op started
Note: Transient op finished successfully
Note: Transient op started
Note: Transient op finished successfully
Note: Transient op started
Note: Transient op finished successfully
Note: Transient op started
Note: Transient op finished successfully
Note: Transient op started
Note: Transient op finished successfully
Note: Transient op started
Note: Transient op finished successfully
Note: Transient op started
Note: Transient op finished successfully
Note: Transient op started
Note: Transient op finished successfully
Note: Transient op started
Note: Transient op finished successfully
Note: Transient op started
Note: Transient op finished successfully
Note: Transient op started
Note: Transient op finished successfully
Note: Transient op started
Note: Transient op started
Note: Transient op started
Note: Transient op finished successfully
Note: Transient op finished successfully
Note: Transient op finished successfully
Note: Transient op started
Note: Transient op started
Note: Transient op finished successfully
Note: Transient op finished successfully
Note: Transient op started
Note: Transient op finished successfully
Note: Transient op started
Note: Transient op finished successfully
Note: Transient op started
Note: Transient op started
Note: Transient op finished successfully
Note: Transient op finished successfully
Note: Transient op started
Note: Transient op finished successfully
Note: Transient op started
Note: Transient op finished successfully
Note: Transient op started
Note: Transient op finished successfully
Note: Transient op started
Note: Transient op finished successfully
Note: Transient op started
Note: Transient op finished successfully
Note: Transient op started
Note: Transient op finished successfully
Note: Transient op started
Note: Transient op finished successfully
Note: Transient op started
Note: Transient op finished successfully
Note: Transient op started
Note: Transient op finished successfully
Note: Transient op started
Note: Transient op finished successfully
Note: Transient op started
Note: Transient op finished successfully
Note: Transient op started
Note: Transient op finished successfully
Note: Transient op started
Note: Transient op finished successfully
Note: Transient op started
Note: Transient op finished successfully
Note: Transient op started
Note: Transient op finished successfully
Note: Transient op started
Note: Transient op finished successfully
Note: Transient op started
Note: Transient op finished successfully
Note: Transient op started
Note: Transient op finished successfully
Note: Transient op started
Note: Transient op finished successfully
Note: Transient op started
Note: Transient op finished successfully
Note: Transient op started
Note: Transient op finished successfully
-----------------------------------------
| time/                   |             |
|    fps                  | 19          |
|    iterations           | 2           |
|    time_elapsed         | 105         |
|    total_timesteps      | 2048        |
| train/                  |             |
|    approx_kl            | 0.010327406 |
|    clip_fraction        | 0.09        |
|    clip_range           | 0.2         |
|    entropy_loss         | -8.51       |
|    explained_variance   | 0.00432     |
|    learning_rate        | 0.0003      |
|    loss                 | 289         |
|    n_updates            | 10          |
|    policy_gradient_loss | -0.0189     |
|    std                  | 0.997       |
|    value_loss           | 655         |
-----------------------------------------
Note: Transient op started
Note: Transient op finished successfully
Note: Transient op started
Note: Transient op finished successfully
Note: Transient op started
Note: Transient op finished successfully
Note: Transient op started
Note: Transient op finished successfully
Note: Transient op started
Note: Transient op finished successfully
Note: Transient op started
Note: Transient op finished successfully
Note: Transient op started
Note: Transient op finished successfully
Note: Transient op started
Note: Transient op finished successfully
Note: Transient op started
Note: Transient op finished successfully
Note: Transient op started
Note: Transient op started
Note: Transient op finished successfully
Note: Transient op finished successfully
Note: Transient op started
Note: Transient op finished successfully
Note: Transient op started
Note: Transient op finished successfully
Note: Transient op started
Note: Transient op started
Note: Transient op finished successfully
Note: Transient op finished successfully
Note: Transient op started
Note: Transient op finished successfully
Note: Transient op started
Note: Transient op finished successfully
Note: Transient op started
Note: Transient op finished successfully
Note: Transient op started
Note: Transient op finished successfully
Note: Transient op started
Note: Transient op finished successfully
Note: Transient op started
Note: Transient op finished successfully
Note: Transient op started
Note: Transient op finished successfully
Note: Transient op started
Note: Transient op finished successfully
Note: Transient op started
Note: Transient op finished successfully
Note: Transient op started
Note: Transient op started
Note: Transient op finished successfully
Note: Transient op finished successfully
Note: Transient op started
Note: Transient op started
Note: Transient op finished successfully
Note: Transient op finished successfully
Note: Transient op started
Note: Transient op finished successfully
Note: Transient op started
Note: Transient op finished successfully
Note: Transient op started
Note: Transient op finished successfully
Note: Transient op started
Note: Transient op finished successfully
Note: Transient op started
Note: Transient op finished successfully
Note: Transient op started
Note: Transient op finished successfully
Note: Transient op started
Note: Transient op finished successfully
Note: Transient op started
Note: Transient op finished successfully
Note: Transient op started
Note: Transient op finished successfully
Note: Transient op started
Note: Transient op finished successfully
Note: Transient op started
Note: Transient op finished successfully
Note: Transient op started
Note: Transient op finished successfully
Note: Transient op started
Note: Transient op finished successfully
Note: Transient op started
Note: Transient op finished successfully
Note: Transient op started
Note: Transient op finished successfully
Note: Transient op started
Note: Transient op finished successfully
Note: Transient op started
Note: Transient op finished successfully
Note: Transient op started
Note: Transient op finished successfully
Note: Transient op started
Note: Transient op started
Note: Transient op finished successfully
Note: Transient op finished successfully
Note: Transient op started
Note: Transient op finished successfully
Note: Transient op started
Note: Transient op finished successfully
Note: Transient op started
Note: Transient op finished successfully
Note: Transient op started
Note: Transient op started
Note: Transient op finished successfully
Note: Transient op finished successfully
Note: Transient op started
Note: Transient op finished successfully
Note: Transient op started
Note: Transient op finished successfully
Note: Transient op started
Note: Transient op finished successfully
Note: Transient op started
Note: Transient op finished successfully
Note: Transient op started
Note: Transient op finished successfully
Note: Transient op started
Checking parameters for BSIM 4.5 model xm2:sky130_fd_pr__nfet_01v8__model.60
Checking parameters for BSIM 4.5 model xm1:sky130_fd_pr__nfet_01v8__model.60
Note: Transient op finished successfully
Note: Transient op started
Note: Transient op finished successfully
Note: Transient op started
Note: Transient op finished successfully
Note: Transient op started
Note: Transient op finished successfully
Note: Transient op started
Note: Transient op finished successfully
Note: Transient op started
Note: Transient op started
Note: Transient op finished successfully
Note: Transient op finished successfully
Note: Transient op started
Note: Transient op finished successfully
Note: Transient op started
Note: Transient op finished successfully
Note: Transient op started
Note: Transient op finished successfully
Note: Transient op started
Note: Transient op finished successfully
Note: Transient op started
Note: Transient op finished successfully
Note: Transient op started
Note: Transient op finished successfully
Note: Transient op started
Note: Transient op finished successfully
Note: Transient op started
Note: Transient op finished successfully
Note: Transient op started
Note: Transient op finished successfully
Note: Transient op started
Note: Transient op finished successfully
Note: Transient op started
Note: Transient op finished successfully
Note: Transient op started
Note: Transient op finished successfully
Note: Transient op started
Note: Transient op finished successfully
Note: Transient op started
Note: Transient op finished successfully
Note: Transient op started
Note: Transient op finished successfully
Note: Transient op started
Note: Transient op finished successfully
Note: Transient op started
Note: Transient op finished successfully
Note: Transient op started
Note: Transient op finished successfully
Note: Transient op started
Note: Transient op finished successfully
Note: Transient op started
Note: Transient op finished successfully
Note: Transient op started
Note: Transient op finished successfully
Note: Transient op started
Note: Transient op finished successfully
Note: Transient op started
Note: Transient op finished successfully
Note: Transient op started
Note: Transient op finished successfully
Note: Transient op started
Note: Transient op finished successfully
Note: Transient op started
Note: Transient op finished successfully
Note: Transient op started
Note: Transient op finished successfully
Note: Transient op started
Note: Transient op finished successfully
Note: Transient op started
Note: Transient op finished successfully
Note: Transient op started
Note: Transient op finished successfully
Note: Transient op started
Note: Transient op finished successfully
Note: Transient op started
Note: Transient op finished successfully
Note: Transient op started
Note: Transient op finished successfully
Note: Transient op started
Note: Transient op finished successfully
Note: Transient op started
Note: Transient op finished successfully
Note: Transient op started
Note: Transient op finished successfully
Note: Transient op started
Note: Transient op finished successfully
Note: Transient op started
Note: Transient op finished successfully
Note: Transient op started
Note: Transient op finished successfully
Note: Transient op started
Note: Transient op finished successfully
Note: Transient op started
Note: Transient op started
Note: Transient op finished successfully
Note: Transient op finished successfully
Note: Transient op started
Note: Transient op finished successfully
Note: Transient op started
Note: Transient op finished successfully
Note: Transient op started
Note: Transient op finished successfully
Note: Transient op started
Note: Transient op finished successfully
Note: Transient op started
Note: Transient op finished successfully
Note: Transient op started
Note: Transient op finished successfully
Note: Transient op started
Note: Transient op finished successfully
Note: Transient op started
Note: Transient op finished successfully
Note: Transient op started
Note: Transient op finished successfully
Note: Transient op started
Note: Transient op finished successfully
Note: Transient op started
Note: Transient op finished successfully
Note: Transient op started
Note: Transient op finished successfully
Note: Transient op started
Note: Transient op finished successfully
Note: Transient op started
Note: Transient op finished successfully
Note: Transient op started
Note: Transient op finished successfully
Note: Transient op started
Note: Transient op finished successfully
Note: Transient op started
Note: Transient op finished successfully
Note: Transient op started
Note: Transient op finished successfully
Note: Transient op started
Note: Transient op finished successfully
Note: Transient op started
Note: Transient op finished successfully
Note: Transient op started
Note: Transient op finished successfully
Note: Transient op started
Note: Transient op finished successfully
Note: Transient op started
Note: Transient op finished successfully
Note: Transient op started
Note: Transient op finished successfully
Note: Transient op started
Note: Transient op finished successfully
Note: Transient op started
Note: Transient op finished successfully
Note: Transient op started
Note: Transient op finished successfully
Note: Transient op started
Note: Transient op finished successfully
Note: Transient op started
Note: Transient op finished successfully
Note: Transient op started
Note: Transient op finished successfully
Note: Transient op started
Note: Transient op finished successfully
Note: Transient op started
Note: Transient op finished successfully
Note: Transient op started
Note: Transient op finished successfully
Note: Transient op started
Note: Transient op finished successfully
Note: Transient op started
Note: Transient op finished successfully
Note: Transient op started
Note: Transient op finished successfully
Note: Transient op started
Note: Transient op finished successfully
Note: Transient op started
Note: Transient op finished successfully
Note: Transient op started
Note: Transient op finished successfully
Note: Transient op started
Note: Transient op finished successfully
Note: Transient op started
Note: Transient op finished successfully
Note: Transient op started
Note: Transient op finished successfully
Note: Transient op started
Note: Transient op finished successfully
Note: Transient op started
Note: Transient op finished successfully
Note: Transient op started
Note: Transient op finished successfully
Note: Transient op started
Note: Transient op finished successfully
Note: Transient op started
Note: Transient op finished successfully
Note: Transient op started
Note: Transient op finished successfully
Note: Transient op started
Note: Transient op finished successfully
Note: Transient op started
Note: Transient op finished successfully
Note: Transient op started
Note: Transient op finished successfully
Note: Transient op started
Note: Transient op finished successfully
Note: Transient op started
Note: Transient op finished successfully
Note: Transient op started
Note: Transient op finished successfully
Note: Transient op started
Note: Transient op finished successfully
Note: Transient op started
Note: Transient op finished successfully
Note: Transient op started
Note: Transient op finished successfully
Note: Transient op started
Note: Transient op finished successfully
Note: Transient op started
Note: Transient op finished successfully
Note: Transient op started
Note: Transient op started
Note: Transient op finished successfully
Note: Transient op finished successfully
Note: Transient op started
Note: Transient op finished successfully
Note: Transient op started
Note: Transient op finished successfully
Note: Transient op started
Note: Transient op finished successfully
Note: Transient op started
Note: Transient op finished successfully
Note: Transient op started
Note: Transient op finished successfully
Note: Transient op started
Note: Transient op finished successfully
Note: Transient op started
Note: Transient op finished successfully
Note: Transient op started
Note: Transient op finished successfully
Note: Transient op started
Note: Transient op finished successfully
Note: Transient op started
Note: Transient op finished successfully
Note: Transient op started
Note: Transient op finished successfully
Note: Transient op started
Note: Transient op finished successfully
Note: Transient op started
Note: Transient op finished successfully
Note: Transient op started
Note: Transient op finished successfully
Note: Transient op started
Note: Transient op finished successfully
Note: Transient op started
Note: Transient op finished successfully
Note: Transient op started
Note: Transient op finished successfully
Note: Transient op started
Note: Transient op finished successfully
Note: Transient op started
Note: Transient op finished successfully
Note: Transient op started
Note: Transient op finished successfully
Note: Transient op started
Note: Transient op finished successfully
Note: Transient op started
Note: Transient op finished successfully
Note: Transient op started
Note: Transient op finished successfully
Note: Transient op started
Note: Transient op finished successfully
Note: Transient op started
Note: Transient op finished successfully
Note: Transient op started
Note: Transient op finished successfully
Note: Transient op started
Note: Transient op finished successfully
Note: Transient op started
Note: Transient op finished successfully
Note: Transient op started
Note: Transient op finished successfully
Note: Transient op started
Note: Transient op started
Note: Transient op finished successfully
Note: Transient op finished successfully
Note: Transient op started
Note: Transient op finished successfully
Note: Transient op started
Note: Transient op finished successfully
Note: Transient op started
Note: Transient op finished successfully
Note: Transient op started
Note: Transient op finished successfully
Note: Transient op started
Note: Transient op finished successfully
Note: Transient op started
Note: Transient op finished successfully
Note: Transient op started
Note: Transient op finished successfully
Note: Transient op started
Note: Transient op finished successfully
-----------------------------------------
| time/                   |             |
|    fps                  | 17          |
|    iterations           | 3           |
|    time_elapsed         | 176         |
|    total_timesteps      | 3072        |
| train/                  |             |
|    approx_kl            | 0.009300865 |
|    clip_fraction        | 0.0831      |
|    clip_range           | 0.2         |
|    entropy_loss         | -8.5        |
|    explained_variance   | 0.00563     |
|    learning_rate        | 0.0003      |
|    loss                 | 228         |
|    n_updates            | 20          |
|    policy_gradient_loss | -0.0174     |
|    std                  | 0.999       |
|    value_loss           | 477         |
-----------------------------------------
Note: Transient op started
Note: Transient op finished successfully
Note: Transient op started
Note: Transient op finished successfully
Note: Transient op started
Note: Transient op finished successfully
Note: Transient op started
Note: Transient op finished successfully
Note: Transient op started
Note: Transient op finished successfully
Note: Transient op started
Note: Transient op finished successfully
Note: Transient op started
Note: Transient op finished successfully
Note: Transient op started
Note: Transient op finished successfully
Note: Transient op started
Note: Transient op finished successfully
Note: Transient op started
Note: Transient op started
Note: Transient op finished successfully
Note: Transient op finished successfully
Note: Transient op started
Note: Transient op finished successfully
Note: Transient op started
Note: Transient op finished successfully
Note: Transient op started
Note: Transient op finished successfully
Note: Transient op started
Note: Transient op finished successfully
Note: Transient op started
Note: Transient op started
Note: Transient op finished successfully
Note: Transient op finished successfully
Note: Transient op started
Note: Transient op finished successfully
Note: Transient op started
Note: Transient op finished successfully
Note: Transient op started
Note: Transient op finished successfully
Note: Transient op started
Note: Transient op finished successfully
Note: Transient op started
Note: Transient op finished successfully
Note: Transient op started
Note: Transient op finished successfully
Note: Transient op started
Note: Transient op finished successfully
Note: Transient op started
Note: Transient op finished successfully
Note: Transient op started
Note: Transient op finished successfully
Note: Transient op started
Note: Transient op finished successfully
Note: Transient op started
Note: Transient op finished successfully
Note: Transient op started
Note: Transient op finished successfully
Note: Transient op started
Note: Transient op finished successfully
Note: Transient op started
Note: Transient op finished successfully
Note: Transient op started
Note: Transient op finished successfully
Note: Transient op started
Note: Transient op finished successfully
Note: Transient op started
Note: Transient op finished successfully
Note: Transient op started
Note: Transient op finished successfully
Note: Transient op started
Note: Transient op started
Note: Transient op finished successfully
Note: Transient op finished successfully
Note: Transient op started
Note: Transient op finished successfully
Note: Transient op started
Note: Transient op finished successfully
Note: Transient op started
Note: Transient op finished successfully
Note: Transient op started
Note: Transient op finished successfully
Note: Transient op started
Note: Transient op finished successfully
Note: Transient op started
Note: Transient op finished successfully
Note: Transient op started
Note: Transient op finished successfully
Note: Transient op started
Note: Transient op finished successfully
Note: Transient op started
Note: Transient op finished successfully
Note: Transient op started
Note: Transient op finished successfully
Note: Transient op started
Note: Transient op finished successfully
Note: Transient op started
Note: Transient op finished successfully
Note: Transient op started
Note: Transient op finished successfully
Note: Transient op started
Note: Transient op finished successfully
Note: Transient op started
Note: Transient op finished successfully
Note: Transient op started
Note: Transient op finished successfully
Note: Transient op started
Note: Transient op finished successfully
Note: Transient op started
Note: Transient op finished successfully
Note: Transient op started
Note: Transient op finished successfully
Note: Transient op started
Note: Transient op finished successfully
Note: Transient op started
Note: Transient op finished successfully
Note: Transient op started
Note: Transient op finished successfully
Note: Transient op started
Note: Transient op finished successfully
Note: Transient op started
Note: Transient op finished successfully
Note: Transient op started
Note: Transient op finished successfully
Note: Transient op started
Note: Transient op finished successfully
Note: Transient op started
Note: Transient op finished successfully
Note: Transient op started
Note: Transient op finished successfully
Note: Transient op started
Note: Transient op finished successfully
Note: Transient op started
Note: Transient op finished successfully
Note: Transient op started
Note: Transient op finished successfully
Note: Transient op started
Note: Transient op finished successfully
Note: Transient op started
Note: Transient op finished successfully
Note: Transient op started
Note: Transient op finished successfully
Note: Transient op started
Note: Transient op finished successfully
Note: Transient op started
Note: Transient op finished successfully
Note: Transient op started
Note: Transient op finished successfully
Note: Transient op started
Note: Transient op finished successfully
Note: Transient op started
Note: Transient op finished successfully
Note: Transient op started
Note: Transient op finished successfully
Note: Transient op started
Note: Transient op finished successfully
Note: Transient op started
Note: Transient op finished successfully
Note: Transient op started
Note: Transient op finished successfully
Note: Transient op started
Note: Transient op finished successfully
Note: Transient op started
Note: Transient op finished successfully
Note: Transient op started
Note: Transient op finished successfully
Note: Transient op started
Note: Transient op finished successfully
Note: Transient op started
Note: Transient op finished successfully
Note: Transient op started
Note: Transient op finished successfully
Note: Transient op started
Note: Transient op finished successfully
Note: Transient op started
Note: Transient op finished successfully
Note: Transient op started
Note: Transient op finished successfully
Note: Transient op started
Note: Transient op finished successfully
Note: Transient op started
Note: Transient op finished successfully
Note: Transient op started
Note: Transient op finished successfully
Note: Transient op started
Note: Transient op finished successfully
Note: Transient op started
Note: Transient op finished successfully
Note: Transient op started
Note: Transient op finished successfully
Note: Transient op started
Note: Transient op finished successfully
Note: Transient op started
Note: Transient op finished successfully
Note: Transient op started
Note: Transient op finished successfully
Note: Transient op started
Note: Transient op finished successfully
Note: Transient op started
Note: Transient op started
Note: Transient op finished successfully
Note: Transient op finished successfully
Note: Transient op started
Note: Transient op finished successfully
Note: Transient op started
Note: Transient op finished successfully
Note: Transient op started
Note: Transient op started
Note: Transient op finished successfully
Note: Transient op finished successfully
Note: Transient op started
Note: Transient op started
Note: Transient op started
Note: Transient op finished successfully
Note: Transient op finished successfully
Note: Transient op finished successfully
Note: Transient op started
Note: Transient op finished successfully
Note: Transient op started
Note: Transient op started
Note: Transient op finished successfully
Note: Transient op finished successfully
Note: Transient op started
Note: Transient op finished successfully
Note: Transient op started
Note: Transient op started
Note: Transient op finished successfully
Note: Transient op finished successfully
Note: Transient op started
Note: Transient op finished successfully
Note: Transient op started
Note: Transient op finished successfully
Note: Transient op started
Note: Transient op finished successfully
Note: Transient op started
Note: Transient op finished successfully
Note: Transient op started
Note: Transient op finished successfully
Note: Transient op started
Note: Transient op finished successfully
Note: Transient op started
Note: Transient op finished successfully
Note: Transient op started
Note: Transient op finished successfully
Note: Transient op started
Note: Transient op finished successfully
Note: Transient op started
Note: Transient op finished successfully
Note: Transient op started
Note: Transient op finished successfully
Note: Transient op started
Note: Transient op finished successfully
Note: Transient op started
Note: Transient op finished successfully
Note: Transient op started
Note: Transient op finished successfully
Note: Transient op started
Note: Transient op finished successfully
Note: Transient op started
Note: Transient op finished successfully
Note: Transient op started
Note: Transient op finished successfully
Note: Transient op started
Note: Transient op finished successfully
Note: Transient op started
Note: Transient op finished successfully
Note: Transient op started
Note: Transient op finished successfully
Note: Transient op started
Note: Transient op finished successfully
Note: Transient op started
Note: Transient op finished successfully
Note: Transient op started
Note: Transient op finished successfully
Note: Transient op started
Note: Transient op finished successfully
Note: Transient op started
Note: Transient op finished successfully
Note: Transient op started
Note: Transient op finished successfully
Note: Transient op started
Note: Transient op finished successfully
Note: Transient op started
Note: Transient op finished successfully
Note: Transient op started
Note: Transient op finished successfully
Note: Transient op started
Note: Transient op finished successfully
Note: Transient op started
Note: Transient op finished successfully
Note: Transient op started
Note: Transient op finished successfully
Note: Transient op started
Note: Transient op finished successfully
Note: Transient op started
Note: Transient op finished successfully
Note: Transient op started
Note: Transient op finished successfully
Note: Transient op started
Note: Transient op finished successfully
Note: Transient op started
Note: Transient op finished successfully
Note: Transient op started
Note: Transient op finished successfully
Note: Transient op started
Note: Transient op finished successfully
Note: Transient op started
Note: Transient op finished successfully
Note: Transient op started
Note: Transient op finished successfully
Note: Transient op started
Note: Transient op finished successfully
Note: Transient op started
Note: Transient op finished successfully
Note: Transient op started
Note: Transient op finished successfully
Note: Transient op started
Note: Transient op finished successfully
Note: Transient op started
Note: Transient op finished successfully
Note: Transient op started
Note: Transient op finished successfully
Note: Transient op started
Note: Transient op finished successfully
Note: Transient op started
Note: Transient op finished successfully
Note: Transient op started
Note: Transient op finished successfully
Note: Transient op started
Note: Transient op finished successfully
Note: Transient op started
Note: Transient op finished successfully
Note: Transient op started
Note: Transient op finished successfully
Note: Transient op started
Note: Transient op finished successfully
Note: Transient op started
Note: Transient op finished successfully
Note: Transient op started
Note: Transient op finished successfully
Note: Transient op started
Note: Transient op finished successfully
Note: Transient op started
Note: Transient op finished successfully
Note: Transient op started
Note: Transient op finished successfully
Note: Transient op started
Note: Transient op finished successfully
Note: Transient op started
Note: Transient op finished successfully
Note: Transient op started
Note: Transient op finished successfully
Note: Transient op started
Note: Transient op finished successfully
Note: Transient op started
Note: Transient op finished successfully
Note: Transient op started
Note: Transient op finished successfully
Note: Transient op started
Note: Transient op finished successfully
Note: Transient op started
Note: Transient op finished successfully
Note: Transient op started
Note: Transient op finished successfully
Note: Transient op started
Note: Transient op finished successfully
Note: Transient op started
Note: Transient op finished successfully
Note: Transient op started
Note: Transient op finished successfully
Note: Transient op started
Note: Transient op finished successfully
Note: Transient op started
Note: Transient op finished successfully
Note: Transient op started
Note: Transient op finished successfully
Note: Transient op started
Note: Transient op finished successfully
Note: Transient op started
Note: Transient op finished successfully
Note: Transient op started
Note: Transient op finished successfully
Note: Transient op started
Note: Transient op finished successfully
Note: Transient op started
Note: Transient op finished successfully
Note: Transient op started
Note: Transient op finished successfully
Note: Transient op started
Note: Transient op finished successfully
Note: Transient op started
Note: Transient op finished successfully
Note: Transient op started
Note: Transient op finished successfully
Note: Transient op started
Note: Transient op finished successfully
Note: Transient op started
Note: Transient op started
Note: Transient op finished successfully
Note: Transient op finished successfully
Note: Transient op started
Note: Transient op finished successfully
Note: Transient op started
Note: Transient op finished successfully
Note: Transient op started
Note: Transient op finished successfully
Note: Transient op started
Note: Transient op finished successfully
Note: Transient op started
Note: Transient op finished successfully
Note: Transient op started
Note: Transient op finished successfully
Note: Transient op started
Note: Transient op finished successfully
Note: Transient op started
Note: Transient op finished successfully
Note: Transient op started
Note: Transient op finished successfully
Note: Transient op started
Note: Transient op finished successfully
Note: Transient op started
Note: Transient op finished successfully
Note: Transient op started
Note: Transient op finished successfully
Note: Transient op started
Note: Transient op finished successfully
Note: Transient op started
Note: Transient op finished successfully
Note: Transient op started
Note: Transient op finished successfully
Note: Transient op started
Note: Transient op finished successfully
Note: Transient op started
Note: Transient op finished successfully
Note: Transient op started
Note: Transient op finished successfully
Note: Transient op started
Note: Transient op finished successfully
Note: Transient op started
Note: Transient op started
Note: Transient op finished successfully
Note: Transient op finished successfully
Note: Transient op started
Note: Transient op started
Note: Transient op finished successfully
Note: Transient op finished successfully
Note: Transient op started
Note: Transient op finished successfully
Note: Transient op started
Note: Transient op finished successfully
Note: Transient op started
Note: Transient op finished successfully
Note: Transient op started
Note: Transient op finished successfully
Note: Transient op started
Note: Transient op finished successfully
Note: Transient op started
Note: Transient op finished successfully
Note: Transient op started
Note: Transient op finished successfully
Note: Transient op started
Note: Transient op finished successfully
Note: Transient op started
Note: Transient op finished successfully
Note: Transient op started
Note: Transient op finished successfully
Note: Transient op started
Note: Transient op finished successfully
-----------------------------------------
| time/                   |             |
|    fps                  | 15          |
|    iterations           | 4           |
|    time_elapsed         | 264         |
|    total_timesteps      | 4096        |
| train/                  |             |
|    approx_kl            | 0.008365313 |
|    clip_fraction        | 0.0791      |
|    clip_range           | 0.2         |
|    entropy_loss         | -8.5        |
|    explained_variance   | 0.000557    |
|    learning_rate        | 0.0003      |
|    loss                 | 184         |
|    n_updates            | 30          |
|    policy_gradient_loss | -0.014      |
|    std                  | 0.998       |
|    value_loss           | 429         |
-----------------------------------------
Note: Transient op started
Note: Transient op finished successfully
Note: Transient op started
Note: Transient op finished successfully
Note: Transient op started
Note: Transient op finished successfully
Note: Transient op started
Note: Transient op finished successfully
Note: Transient op started
Note: Transient op finished successfully
Note: Transient op started
Note: Transient op finished successfully
Note: Transient op started
Note: Transient op finished successfully
Note: Transient op started
Note: Transient op finished successfully
Note: Transient op started
Note: Transient op finished successfully
Note: Transient op started
Note: Transient op finished successfully
Note: Transient op started
Note: Transient op finished successfully
Note: Transient op started
Note: Transient op finished successfully
Note: Transient op started
Note: Transient op finished successfully
Note: Transient op started
Note: Transient op started
Note: Transient op finished successfully
Note: Transient op finished successfully
Note: Transient op started
Note: Transient op finished successfully
Note: Transient op started
Note: Transient op finished successfully
Note: Transient op started
Note: Transient op finished successfully
Note: Transient op started
Note: Transient op finished successfully
Note: Transient op started
Note: Transient op finished successfully
Note: Transient op started
Note: Transient op finished successfully
Note: Transient op started
Note: Transient op finished successfully
Note: Transient op started
Note: Transient op finished successfully
Note: Transient op started
Note: Transient op finished successfully
Note: Transient op started
Note: Transient op finished successfully
Note: Transient op started
Note: Transient op finished successfully
Note: Transient op started
Note: Transient op finished successfully
Note: Transient op started
Note: Transient op finished successfully
Note: Transient op started
Note: Transient op finished successfully
Note: Transient op started
Note: Transient op finished successfully
Note: Transient op started
Note: Transient op finished successfully
Note: Transient op started
Note: Transient op finished successfully
Note: Transient op started
Note: Transient op finished successfully
Note: Transient op started
Note: Transient op finished successfully
Note: Transient op started
Note: Transient op finished successfully
Note: Transient op started
Note: Transient op finished successfully
Note: Transient op started
Note: Transient op finished successfully
Note: Transient op started
Note: Transient op finished successfully
Note: Transient op started
Note: Transient op finished successfully
Note: Transient op started
Note: Transient op finished successfully
Note: Transient op started
Note: Transient op started
Note: Transient op finished successfully
Note: Transient op finished successfully
Note: Transient op started
Note: Transient op started
Note: Transient op finished successfully
Note: Transient op finished successfully
Note: Transient op started
Note: Transient op finished successfully
Note: Transient op started
Note: Transient op finished successfully
Note: Transient op started
Note: Transient op finished successfully
Note: Transient op started
Note: Transient op finished successfully
Note: Transient op started
Note: Transient op finished successfully
Note: Transient op started
Note: Transient op finished successfully
Note: Transient op started
Note: Transient op finished successfully
Note: Transient op started
Note: Transient op finished successfully
Note: Transient op started
Note: Transient op finished successfully
Note: Transient op started
Note: Transient op finished successfully
Note: Transient op started
Note: Transient op finished successfully
Note: Transient op started
Note: Transient op finished successfully
Note: Transient op started
Note: Transient op finished successfully
Note: Transient op started
Note: Transient op started
Note: Transient op finished successfully
Note: Transient op finished successfully
Note: Transient op started
Note: Transient op finished successfully
Note: Transient op started
Note: Transient op finished successfully
Note: Transient op started
Note: Transient op finished successfully
Note: Transient op started
Note: Transient op finished successfully
Note: Transient op started
Note: Transient op finished successfully
Note: Transient op started
Note: Transient op finished successfully
Note: Transient op started
Note: Transient op finished successfully
Note: Transient op started
Note: Transient op finished successfully
Note: Transient op started
Note: Transient op finished successfully
Note: Transient op started
Note: Transient op finished successfully
Note: Transient op started
Note: Transient op finished successfully
Note: Transient op started
Note: Transient op finished successfully
Note: Transient op started
Note: Transient op finished successfully
Note: Transient op started
Note: Transient op finished successfully
Note: Transient op started
Note: Transient op finished successfully
Note: Transient op started
Note: Transient op finished successfully
Note: Transient op started
Note: Transient op finished successfully
Note: Transient op started
Note: Transient op finished successfully
Note: Transient op started
Note: Transient op finished successfully
Note: Transient op started
Note: Transient op finished successfully
Note: Transient op started
Note: Transient op finished successfully
Note: Transient op started
Note: Transient op finished successfully
Note: Transient op started
Note: Transient op finished successfully
Note: Transient op started
Note: Transient op finished successfully
Note: Transient op started
Note: Transient op finished successfully
Note: Transient op started
Note: Transient op finished successfully
Note: Transient op started
Note: Transient op finished successfully
Note: Transient op started
Note: Transient op finished successfully
Note: Transient op started
Note: Transient op finished successfully
Note: Transient op started
Note: Transient op finished successfully
Note: Transient op started
Note: Transient op finished successfully
Note: Transient op started
Note: Transient op finished successfully
Note: Transient op started
Note: Transient op finished successfully
Note: Transient op started
Note: Transient op finished successfully
Note: Transient op started
Note: Transient op finished successfully
Note: Transient op started
Note: Transient op finished successfully
Note: Transient op started
Note: Transient op finished successfully
Note: Transient op started
Note: Transient op finished successfully
Note: Transient op started
Note: Transient op finished successfully
Note: Transient op started
Note: Transient op finished successfully
Note: Transient op started
Note: Transient op finished successfully
Note: Transient op started
Note: Transient op finished successfully
Note: Transient op started
Note: Transient op finished successfully
Note: Transient op started
Note: Transient op finished successfully
Note: Transient op started
Note: Transient op finished successfully
Note: Transient op started
Note: Transient op finished successfully
Note: Transient op started
Note: Transient op finished successfully
Note: Transient op started
Note: Transient op finished successfully
Note: Transient op started
Note: Transient op finished successfully
Note: Transient op started
Note: Transient op finished successfully
Note: Transient op started
Note: Transient op finished successfully
Note: Transient op started
Note: Transient op finished successfully
Note: Transient op started
Note: Transient op finished successfully
Note: Transient op started
Note: Transient op finished successfully
Note: Transient op started
Note: Transient op finished successfully
Note: Transient op started
Note: Transient op finished successfully
Note: Transient op started
Note: Transient op finished successfully
Note: Transient op started
Note: Transient op finished successfully
Note: Transient op started
Note: Transient op finished successfully
Note: Transient op started
Note: Transient op finished successfully
Note: Transient op started
Note: Transient op finished successfully
Note: Transient op started
Note: Transient op finished successfully
Note: Transient op started
Note: Transient op finished successfully
Note: Transient op started
Note: Transient op finished successfully
Note: Transient op started
Note: Transient op finished successfully
Note: Transient op started
Note: Transient op finished successfully
Note: Transient op started
Note: Transient op finished successfully
Note: Transient op started
Note: Transient op finished successfully
Note: Transient op started
Note: Transient op finished successfully
Note: Transient op started
Note: Transient op finished successfully
Note: Transient op started
Note: Transient op finished successfully
Note: Transient op started
Note: Transient op finished successfully
Note: Transient op started
Note: Transient op finished successfully
Note: Transient op started
Note: Transient op finished successfully
Note: Transient op started
Note: Transient op finished successfully
Note: Transient op started
Note: Transient op finished successfully
Note: Transient op started
Note: Transient op finished successfully
Note: Transient op started
Note: Transient op finished successfully
Note: Transient op started
Note: Transient op finished successfully
Note: Transient op started
Note: Transient op finished successfully
Note: Transient op started
Note: Transient op finished successfully
Note: Transient op started
Note: Transient op finished successfully
Note: Transient op started
Note: Transient op finished successfully
Note: Transient op started
Note: Transient op finished successfully
Note: Transient op started
Note: Transient op finished successfully
Note: Transient op started
Note: Transient op finished successfully
Note: Transient op started
Note: Transient op finished successfully
Note: Transient op started
Note: Transient op finished successfully
Note: Transient op started
Note: Transient op finished successfully
Note: Transient op started
Note: Transient op finished successfully
Note: Transient op started
Note: Transient op finished successfully
Note: Transient op started
Note: Transient op finished successfully
Note: Transient op started
Note: Transient op finished successfully
Note: Transient op started
Note: Transient op finished successfully
Note: Transient op started
Note: Transient op finished successfully
Note: Transient op started
Note: Transient op finished successfully
Note: Transient op started
Note: Transient op finished successfully
Note: Transient op started
Note: Transient op finished successfully
Note: Transient op started
Note: Transient op finished successfully
Note: Transient op started
Note: Transient op finished successfully
Note: Transient op started
Note: Transient op finished successfully
Note: Transient op started
Note: Transient op finished successfully
Note: Transient op started
Note: Transient op finished successfully
Note: Transient op started
Note: Transient op finished successfully
Note: Transient op started
Note: Transient op finished successfully
Note: Transient op started
Note: Transient op finished successfully
Note: Transient op started
Note: Transient op finished successfully
Note: Transient op started
Note: Transient op finished successfully
Note: Transient op started
Note: Transient op finished successfully
Note: Transient op started
Note: Transient op finished successfully
Note: Transient op started
Note: Transient op finished successfully
Note: Transient op started
Note: Transient op finished successfully
Note: Transient op started
Note: Transient op finished successfully
Note: Transient op started
Note: Transient op finished successfully
Note: Transient op started
Note: Transient op finished successfully
Note: Transient op started
Note: Transient op finished successfully
Note: Transient op started
Note: Transient op finished successfully
Note: Transient op started
Note: Transient op finished successfully
Note: Transient op started
Note: Transient op finished successfully
Note: Transient op started
Note: Transient op finished successfully
Note: Transient op started
Note: Transient op finished successfully
Note: Transient op started
Note: Transient op finished successfully
Note: Transient op started
Note: Transient op finished successfully
Note: Transient op started
Note: Transient op finished successfully
Note: Transient op started
Note: Transient op finished successfully
Note: Transient op started
Note: Transient op finished successfully
Note: Transient op started
Note: Transient op finished successfully
Note: Transient op started
Note: Transient op finished successfully
Note: Transient op started
Note: Transient op finished successfully
Note: Transient op started
Note: Transient op finished successfully
Note: Transient op started
Note: Transient op finished successfully
Note: Transient op started
Note: Transient op finished successfully
Note: Transient op started
Note: Transient op finished successfully
Note: Transient op started
Note: Transient op finished successfully
Note: Transient op started
Note: Transient op finished successfully
Note: Transient op started
Note: Transient op finished successfully
-----------------------------------------
| time/                   |             |
|    fps                  | 13          |
|    iterations           | 5           |
|    time_elapsed         | 370         |
|    total_timesteps      | 5120        |
| train/                  |             |
|    approx_kl            | 0.010271593 |
|    clip_fraction        | 0.112       |
|    clip_range           | 0.2         |
|    entropy_loss         | -8.5        |
|    explained_variance   | -0.00894    |
|    learning_rate        | 0.0003      |
|    loss                 | 202         |
|    n_updates            | 40          |
|    policy_gradient_loss | -0.0179     |
|    std                  | 0.998       |
|    value_loss           | 417         |
-----------------------------------------
Note: Transient op started
Note: Transient op finished successfully
Note: Transient op started
Note: Transient op finished successfully
Note: Transient op started
Note: Transient op finished successfully
Note: Transient op started
Note: Transient op finished successfully
Note: Transient op started
Note: Transient op finished successfully
Note: Transient op started
Note: Transient op finished successfully
Note: Transient op started
Note: Transient op finished successfully
Note: Transient op started
Note: Transient op finished successfully
Note: Transient op started
Note: Transient op finished successfully
Note: Transient op started
Note: Transient op finished successfully
Note: Transient op started
Note: Transient op finished successfully
Note: Transient op started
Note: Transient op finished successfully
Note: Transient op started
Note: Transient op finished successfully
Note: Transient op started
Note: Transient op finished successfully
Note: Transient op started
Note: Transient op finished successfully
Note: Transient op started
Note: Transient op finished successfully
Note: Transient op started
Note: Transient op finished successfully
Note: Transient op started
Note: Transient op finished successfully
Note: Transient op started
Note: Transient op finished successfully
Note: Transient op started
Note: Transient op finished successfully
Note: Transient op started
Note: Transient op finished successfully
Note: Transient op started
Note: Transient op finished successfully
Note: Transient op started
Note: Transient op finished successfully
Note: Transient op started
Note: Transient op finished successfully
Note: Transient op started
Note: Transient op finished successfully
Note: Transient op started
Note: Transient op finished successfully
Note: Transient op started
Note: Transient op finished successfully
Note: Transient op started
Note: Transient op finished successfully
Note: Transient op started
Note: Transient op finished successfully
Note: Transient op started
Note: Transient op finished successfully
Note: Transient op started
Note: Transient op finished successfully
Note: Transient op started
Note: Transient op finished successfully
Note: Transient op started
Note: Transient op finished successfully
Note: Transient op started
Note: Transient op finished successfully
Note: Transient op started
Note: Transient op finished successfully
Note: Transient op started
Note: Transient op finished successfully
Note: Transient op started
Note: Transient op finished successfully
Note: Transient op started
Note: Transient op finished successfully
Note: Transient op started
Note: Transient op finished successfully
Note: Transient op started
Note: Transient op finished successfully
Note: Transient op started
Note: Transient op finished successfully
Note: Transient op started
Note: Transient op finished successfully
Note: Transient op started
Note: Transient op finished successfully
Note: Transient op started
Note: Transient op finished successfully
Note: Transient op started
Note: Transient op finished successfully
Note: Transient op started
Note: Transient op finished successfully
Note: Transient op started
Note: Transient op finished successfully
Note: Transient op started
Note: Transient op finished successfully
Note: Transient op started
Note: Transient op finished successfully
Note: Transient op started
Note: Transient op finished successfully
Note: Transient op started
Note: Transient op finished successfully
Note: Transient op started
Note: Transient op finished successfully
Note: Transient op started
Note: Transient op finished successfully
Note: Transient op started
Note: Transient op finished successfully
Note: Transient op started
Note: Transient op finished successfully
Note: Transient op started
Note: Transient op finished successfully
Note: Transient op started
Note: Transient op finished successfully
Note: Transient op started
Note: Transient op finished successfully
Note: Transient op started
Note: Transient op finished successfully
Note: Transient op started
Note: Transient op finished successfully
Note: Transient op started
Note: Transient op finished successfully
Note: Transient op started
Note: Transient op finished successfully
Note: Transient op started
Note: Transient op finished successfully
Note: Transient op started
Note: Transient op finished successfully
Note: Transient op started
Note: Transient op finished successfully
Note: Transient op started
Note: Transient op finished successfully
Note: Transient op started
Note: Transient op finished successfully
Note: Transient op started
Note: Transient op finished successfully
Note: Transient op started
Note: Transient op finished successfully
Note: Transient op started
Note: Transient op finished successfully
Note: Transient op started
Note: Transient op finished successfully
Note: Transient op started
Note: Transient op finished successfully
Note: Transient op started
Note: Transient op finished successfully
Note: Transient op started
Note: Transient op finished successfully
Note: Transient op started
Note: Transient op finished successfully
Note: Transient op started
Note: Transient op finished successfully
Note: Transient op started
Note: Transient op finished successfully
Note: Transient op started
Note: Transient op finished successfully
Note: Transient op started
Note: Transient op finished successfully
Note: Transient op started
Note: Transient op finished successfully
Note: Transient op started
Note: Transient op finished successfully
Note: Transient op started
Note: Transient op finished successfully
Note: Transient op started
Note: Transient op finished successfully
Note: Transient op started
Note: Transient op finished successfully
Note: Transient op started
Note: Transient op finished successfully
Note: Transient op started
Note: Transient op finished successfully
Note: Transient op started
Note: Transient op finished successfully
Note: Transient op started
Note: Transient op started
Note: Transient op finished successfully
Note: Transient op finished successfully
Note: Transient op started
Note: Transient op finished successfully
Note: Transient op started
Note: Transient op finished successfully
Note: Transient op started
Note: Transient op finished successfully
Note: Transient op started
Note: Transient op finished successfully
Note: Transient op started
Note: Transient op finished successfully
Note: Transient op started
Note: Transient op finished successfully
Note: Transient op started
Note: Transient op finished successfully
Note: Transient op started
Note: Transient op finished successfully
Note: Transient op started
Note: Transient op finished successfully
Note: Transient op started
Note: Transient op finished successfully
Note: Transient op started
Note: Transient op finished successfully
Note: Transient op started
Note: Transient op finished successfully
Note: Transient op started
Note: Transient op finished successfully
Note: Transient op started
Note: Transient op finished successfully
Note: Transient op started
Note: Transient op finished successfully
Note: Transient op started
Note: Transient op finished successfully
Note: Transient op started
Note: Transient op finished successfully
Note: Transient op started
Note: Transient op finished successfully
Note: Transient op started
Note: Transient op finished successfully
Note: Transient op started
Note: Transient op finished successfully
Note: Transient op started
Note: Transient op finished successfully
Note: Transient op started
Note: Transient op finished successfully
Note: Transient op started
Note: Transient op finished successfully
Note: Transient op started
Note: Transient op finished successfully
Note: Transient op started
Note: Transient op finished successfully
Note: Transient op started
Note: Transient op finished successfully
Note: Transient op started
Note: Transient op finished successfully
Note: Transient op started
Note: Transient op finished successfully
Note: Transient op started
Note: Transient op finished successfully
Note: Transient op started
Note: Transient op finished successfully
Note: Transient op started
Note: Transient op finished successfully
Note: Transient op started
Note: Transient op finished successfully
Note: Transient op started
Note: Transient op finished successfully
Note: Transient op started
Note: Transient op finished successfully
Note: Transient op started
Note: Transient op finished successfully
Note: Transient op started
Note: Transient op finished successfully
Note: Transient op started
Note: Transient op finished successfully
Note: Transient op started
Note: Transient op finished successfully
Note: Transient op started
Note: Transient op finished successfully
Note: Transient op started
Note: Transient op started
Note: Transient op finished successfully
Note: Transient op finished successfully
Note: Transient op started
Note: Transient op finished successfully
Note: Transient op started
Note: Transient op finished successfully
Note: Transient op started
Note: Transient op finished successfully
Note: Transient op started
Note: Transient op finished successfully
Note: Transient op started
Note: Transient op finished successfully
Note: Transient op started
Note: Transient op finished successfully
Note: Transient op started
Note: Transient op finished successfully
Note: Transient op started
Note: Transient op finished successfully
Note: Transient op started
Note: Transient op finished successfully
Note: Transient op started
Note: Transient op finished successfully
Note: Transient op started
Note: Transient op finished successfully
Note: Transient op started
Note: Transient op finished successfully
Note: Transient op started
Note: Transient op finished successfully
Note: Transient op started
Note: Transient op finished successfully
Note: Transient op started
Note: Transient op finished successfully
Note: Transient op started
Note: Transient op finished successfully
Note: Transient op started
Note: Transient op finished successfully
Note: Transient op started
Note: Transient op finished successfully
Note: Transient op started
Note: Transient op finished successfully
Note: Transient op started
Note: Transient op finished successfully
Note: Transient op started
Note: Transient op finished successfully
Note: Transient op started
Note: Transient op finished successfully
Note: Transient op started
Note: Transient op finished successfully
Note: Transient op started
Note: Transient op finished successfully
Note: Transient op started
Note: Transient op finished successfully
Note: Transient op started
Note: Transient op finished successfully
Note: Transient op started
Note: Transient op finished successfully
Note: Transient op started
Note: Transient op finished successfully
Note: Transient op started
Note: Transient op finished successfully
Note: Transient op started
Note: Transient op started
Note: Transient op finished successfully
Note: Transient op finished successfully
Note: Transient op started
Note: Transient op finished successfully
Note: Transient op started
Note: Transient op finished successfully
Note: Transient op started
Note: Transient op finished successfully
Note: Transient op started
Note: Transient op finished successfully
Note: Transient op started
Note: Transient op finished successfully
Note: Transient op started
Note: Transient op finished successfully
Note: Transient op started
Note: Transient op finished successfully
Note: Transient op started
Note: Transient op finished successfully
Note: Transient op started
Note: Transient op finished successfully
Note: Transient op started
Note: Transient op finished successfully
Note: Transient op started
Note: Transient op finished successfully
Note: Transient op started
Note: Transient op finished successfully
Note: Transient op started
Note: Transient op finished successfully
Note: Transient op started
Note: Transient op finished successfully
Note: Transient op started
Note: Transient op finished successfully
Note: Transient op started
Note: Transient op finished successfully
Note: Transient op started
Note: Transient op finished successfully
Note: Transient op started
Note: Transient op finished successfully
Note: Transient op started
Note: Transient op finished successfully
Note: Transient op started
Note: Transient op finished successfully
Note: Transient op started
Note: Transient op finished successfully
Note: Transient op started
Note: Transient op finished successfully
Note: Transient op started
Note: Transient op finished successfully
Note: Transient op started
Note: Transient op finished successfully
Note: Transient op started
Note: Transient op finished successfully
Note: Transient op started
Note: Transient op finished successfully
Note: Transient op started
Note: Transient op finished successfully
Note: Transient op started
Note: Transient op finished successfully
Note: Transient op started
Note: Transient op finished successfully
Note: Transient op started
Note: Transient op finished successfully
Note: Transient op started
Note: Transient op finished successfully
Note: Transient op started
Note: Transient op finished successfully
Note: Transient op started
Note: Transient op finished successfully
Note: Transient op started
Note: Transient op finished successfully
Note: Transient op started
Note: Transient op finished successfully
Note: Transient op started
Note: Transient op finished successfully
Note: Transient op started
Note: Transient op finished successfully
Note: Transient op started
Note: Transient op finished successfully
Note: Transient op started
Note: Transient op finished successfully
Note: Transient op started
Note: Transient op finished successfully
Note: Transient op started
Note: Transient op finished successfully
Note: Transient op started
Note: Transient op finished successfully
Note: Transient op started
Note: Transient op finished successfully
Note: Transient op started
Note: Transient op finished successfully
Note: Transient op started
Note: Transient op finished successfully
Note: Transient op started
Note: Transient op finished successfully
Note: Transient op started
Note: Transient op finished successfully
Note: Transient op started
Note: Transient op finished successfully
Note: Transient op started
Note: Transient op finished successfully
Note: Transient op started
Note: Transient op finished successfully
Note: Transient op started
Note: Transient op finished successfully
Note: Transient op started
Note: Transient op finished successfully
Note: Transient op started
Note: Transient op finished successfully
Note: Transient op started
Note: Transient op finished successfully
Note: Transient op started
Note: Transient op finished successfully
Note: Transient op started
Note: Transient op finished successfully
Note: Transient op started
Note: Transient op finished successfully
Note: Transient op started
Note: Transient op finished successfully
Note: Transient op started
Note: Transient op finished successfully
Note: Transient op started
Note: Transient op finished successfully
Note: Transient op started
Note: Transient op finished successfully
Note: Transient op started
Note: Transient op finished successfully
Note: Transient op started
Note: Transient op finished successfully
Note: Transient op started
Note: Transient op finished successfully
Note: Transient op started
Note: Transient op finished successfully
Note: Transient op started
Note: Transient op finished successfully
Note: Transient op started
Note: Transient op finished successfully
Note: Transient op started
Note: Transient op finished successfully
Note: Transient op started
Note: Transient op finished successfully
Note: Transient op started
Note: Transient op finished successfully
Note: Transient op started
Note: Transient op finished successfully
Note: Transient op started
Note: Transient op finished successfully
Note: Transient op started
Note: Transient op finished successfully
Note: Transient op started
Note: Transient op finished successfully
Note: Transient op started
Note: Transient op finished successfully
Note: Transient op started
Note: Transient op finished successfully
Note: Transient op started
Note: Transient op finished successfully
Note: Transient op started
Note: Transient op finished successfully
Note: Transient op started
Note: Transient op finished successfully
-----------------------------------------
| time/                   |             |
|    fps                  | 12          |
|    iterations           | 6           |
|    time_elapsed         | 485         |
|    total_timesteps      | 6144        |
| train/                  |             |
|    approx_kl            | 0.010469943 |
|    clip_fraction        | 0.126       |
|    clip_range           | 0.2         |
|    entropy_loss         | -8.5        |
|    explained_variance   | 0.000105    |
|    learning_rate        | 0.0003      |
|    loss                 | 98.4        |
|    n_updates            | 50          |
|    policy_gradient_loss | -0.0207     |
|    std                  | 0.999       |
|    value_loss           | 257         |
-----------------------------------------
Note: Transient op started
Note: Transient op finished successfully
Note: Transient op started
Note: Transient op finished successfully
Note: Transient op started
Note: Transient op finished successfully
Note: Transient op started
Note: Transient op finished successfully
Note: Transient op started
Note: Transient op finished successfully
Note: Transient op started
Note: Transient op finished successfully
Note: Transient op started
Note: Transient op finished successfully
Note: Transient op started
Note: Transient op finished successfully
Note: Transient op started
Note: Transient op finished successfully
Note: Transient op started
Note: Transient op started
Note: Transient op finished successfully
Note: Transient op finished successfully
Note: Transient op started
Note: Transient op finished successfully
Note: Transient op started
Note: Transient op finished successfully
Note: Transient op started
Note: Transient op started
Note: Transient op finished successfully
Note: Transient op finished successfully
Note: Transient op started
Note: Transient op finished successfully
Note: Transient op started
Note: Transient op finished successfully
Note: Transient op started
Note: Transient op finished successfully
Note: Transient op started
Note: Transient op finished successfully
Note: Transient op started
Note: Transient op finished successfully
Note: Transient op started
Note: Transient op finished successfully
Note: Transient op started
Note: Transient op finished successfully
Note: Transient op started
Note: Transient op finished successfully
Note: Transient op started
Note: Transient op finished successfully
Note: Transient op started
Note: Transient op started
Note: Transient op finished successfully
Note: Transient op finished successfully
Note: Transient op started
Note: Transient op finished successfully
Note: Transient op started
Note: Transient op finished successfully
Note: Transient op started
Note: Transient op finished successfully
Note: Transient op started
Note: Transient op finished successfully
Note: Transient op started
Note: Transient op finished successfully
Note: Transient op started
Note: Transient op finished successfully
Note: Transient op started
Note: Transient op finished successfully
Note: Transient op started
Note: Transient op finished successfully
Note: Transient op started
Note: Transient op finished successfully
Note: Transient op started
Note: Transient op finished successfully
Note: Transient op started
Note: Transient op finished successfully
Note: Transient op started
Note: Transient op finished successfully
Note: Transient op started
Note: Transient op finished successfully
Note: Transient op started
Note: Transient op finished successfully
Note: Transient op started
Note: Transient op finished successfully
Note: Transient op started
Note: Transient op finished successfully
Note: Transient op started
Note: Transient op finished successfully
Note: Transient op started
Note: Transient op finished successfully
Note: Transient op started
Note: Transient op finished successfully
Note: Transient op started
Note: Transient op finished successfully
Note: Transient op started
Note: Transient op finished successfully
Note: Transient op started
Note: Transient op finished successfully
Note: Transient op started
Note: Transient op finished successfully
Note: Transient op started
Note: Transient op finished successfully
Note: Transient op started
Note: Transient op finished successfully
Note: Transient op started
Note: Transient op finished successfully
Note: Transient op started
Note: Transient op finished successfully
Note: Transient op started
Note: Transient op finished successfully
Note: Transient op started
Note: Transient op finished successfully
Note: Transient op started
Note: Transient op finished successfully
Note: Transient op started
Note: Transient op finished successfully
Note: Transient op started
Note: Transient op finished successfully
Note: Transient op started
Note: Transient op finished successfully
Note: Transient op started
Note: Transient op finished successfully
Note: Transient op started
Note: Transient op finished successfully
Note: Transient op started
Note: Transient op finished successfully
Note: Transient op started
Note: Transient op finished successfully
Note: Transient op started
Note: Transient op finished successfully
Note: Transient op started
Note: Transient op finished successfully
Note: Transient op started
Note: Transient op finished successfully
Note: Transient op started
Note: Transient op finished successfully
Note: Transient op started
Note: Transient op finished successfully
Note: Transient op started
Note: Transient op finished successfully
Note: Transient op started
Note: Transient op finished successfully
Note: Transient op started
Note: Transient op finished successfully
Note: Transient op started
Note: Transient op finished successfully
Note: Transient op started
Note: Transient op finished successfully
Note: Transient op started
Note: Transient op finished successfully
Note: Transient op started
Note: Transient op finished successfully
Note: Transient op started
Note: Transient op finished successfully
Note: Transient op started
Note: Transient op finished successfully
Note: Transient op started
Note: Transient op finished successfully
Note: Transient op started
Note: Transient op finished successfully
Note: Transient op started
Note: Transient op finished successfully
Note: Transient op started
Note: Transient op finished successfully
Note: Transient op started
Note: Transient op finished successfully
Note: Transient op started
Note: Transient op finished successfully
Note: Transient op started
Note: Transient op finished successfully
Note: Transient op started
Note: Transient op finished successfully
Note: Transient op started
Note: Transient op finished successfully
Note: Transient op started
Note: Transient op finished successfully
Note: Transient op started
Note: Transient op finished successfully
Note: Transient op started
Note: Transient op finished successfully
Note: Transient op started
Note: Transient op finished successfully
Note: Transient op started
Note: Transient op finished successfully
Note: Transient op started
Note: Transient op started
Note: Transient op finished successfully
Note: Transient op finished successfully
Note: Transient op started
Note: Transient op finished successfully
Note: Transient op started
Note: Transient op finished successfully
Note: Transient op started
Note: Transient op finished successfully
Note: Transient op started
Note: Transient op finished successfully
Note: Transient op started
Note: Transient op finished successfully
Note: Transient op started
Note: Transient op finished successfully
Note: Transient op started
Note: Transient op finished successfully
Note: Transient op started
Note: Transient op finished successfully
Note: Transient op started
Note: Transient op finished successfully
Note: Transient op started
Note: Transient op finished successfully
Note: Transient op started
Note: Transient op finished successfully
Note: Transient op started
Note: Transient op finished successfully
Note: Transient op started
Note: Transient op finished successfully
Note: Transient op started
Note: Transient op finished successfully
Note: Transient op started
Note: Transient op finished successfully
Note: Transient op started
Note: Transient op finished successfully
Note: Transient op started
Note: Transient op finished successfully
Note: Transient op started
Note: Transient op finished successfully
Note: Transient op started
Note: Transient op finished successfully
Note: Transient op started
Note: Transient op finished successfully
Note: Transient op started
Note: Transient op finished successfully
Note: Transient op started
Note: Transient op finished successfully
Note: Transient op started
Note: Transient op finished successfully
Note: Transient op started
Note: Transient op finished successfully
Note: Transient op started
Note: Transient op finished successfully
Note: Transient op started
Note: Transient op finished successfully
Note: Transient op started
Note: Transient op finished successfully
Note: Transient op started
Note: Transient op finished successfully
Note: Transient op started
Note: Transient op finished successfully
Note: Transient op started
Note: Transient op finished successfully
Note: Transient op started
Note: Transient op finished successfully
Note: Transient op started
Note: Transient op finished successfully
Note: Transient op started
Note: Transient op finished successfully
Note: Transient op started
Note: Transient op finished successfully
Note: Transient op started
Note: Transient op finished successfully
Note: Transient op started
Note: Transient op finished successfully
Note: Transient op started
Note: Transient op finished successfully
Note: Transient op started
Note: Transient op finished successfully
Note: Transient op started
Note: Transient op finished successfully
Note: Transient op started
Note: Transient op finished successfully
Note: Transient op started
Note: Transient op finished successfully
Note: Transient op started
Note: Transient op finished successfully
Note: Transient op started
Note: Transient op finished successfully
Note: Transient op started
Note: Transient op finished successfully
Note: Transient op started
Note: Transient op finished successfully
Note: Transient op started
Note: Transient op finished successfully
Note: Transient op started
Note: Transient op finished successfully
Note: Transient op started
Note: Transient op finished successfully
Note: Transient op started
Note: Transient op finished successfully
Note: Transient op started
Note: Transient op finished successfully
Note: Transient op started
Note: Transient op finished successfully
Note: Transient op started
Note: Transient op finished successfully
Note: Transient op started
Note: Transient op finished successfully
Note: Transient op started
Note: Transient op finished successfully
Note: Transient op started
Note: Transient op finished successfully
Note: Transient op started
Note: Transient op finished successfully
Note: Transient op started
Note: Transient op finished successfully
Note: Transient op started
Note: Transient op finished successfully
Note: Transient op started
Note: Transient op finished successfully
Note: Transient op started
Note: Transient op finished successfully
Note: Transient op started
Note: Transient op finished successfully
Note: Transient op started
Note: Transient op finished successfully
Note: Transient op started
Note: Transient op finished successfully
Note: Transient op started
Note: Transient op finished successfully
Note: Transient op started
Note: Transient op finished successfully
Note: Transient op started
Note: Transient op finished successfully
Note: Transient op started
Note: Transient op finished successfully
Note: Transient op started
Note: Transient op finished successfully
Note: Transient op started
Note: Transient op finished successfully
Note: Transient op started
Note: Transient op finished successfully
Note: Transient op started
Note: Transient op finished successfully
Note: Transient op started
Note: Transient op finished successfully
Note: Transient op started
Note: Transient op finished successfully
Note: Transient op started
Note: Transient op finished successfully
Note: Transient op started
Note: Transient op finished successfully
Note: Transient op started
Note: Transient op finished successfully
Note: Transient op started
Note: Transient op finished successfully
Note: Transient op started
Note: Transient op finished successfully
Note: Transient op started
Note: Transient op finished successfully
Note: Transient op started
Note: Transient op finished successfully
Note: Transient op started
Note: Transient op finished successfully
Note: Transient op started
Note: Transient op finished successfully
Note: Transient op started
Note: Transient op finished successfully
Note: Transient op started
Note: Transient op finished successfully
Note: Transient op started
Note: Transient op finished successfully
Note: Transient op started
Note: Transient op finished successfully
Note: Transient op started
Note: Transient op finished successfully
Note: Transient op started
Note: Transient op finished successfully
Note: Transient op started
Note: Transient op finished successfully
Note: Transient op started
Note: Transient op finished successfully
Note: Transient op started
Note: Transient op finished successfully
Note: Transient op started
Note: Transient op finished successfully
Note: Transient op started
Note: Transient op finished successfully
Note: Transient op started
Note: Transient op finished successfully
Note: Transient op started
Note: Transient op finished successfully
Note: Transient op started
Note: Transient op finished successfully
Note: Transient op started
Note: Transient op finished successfully
Note: Transient op started
Note: Transient op finished successfully
Note: Transient op started
Note: Transient op finished successfully
Note: Transient op started
Note: Transient op finished successfully
Note: Transient op started
Note: Transient op finished successfully
Note: Transient op started
Note: Transient op finished successfully
Note: Transient op started
Note: Transient op finished successfully
Note: Transient op started
Note: Transient op finished successfully
Note: Transient op started
Note: Transient op finished successfully
Note: Transient op started
Note: Transient op finished successfully
Note: Transient op started
Note: Transient op finished successfully
Note: Transient op started
Note: Transient op finished successfully
Note: Transient op started
Note: Transient op finished successfully
Note: Transient op started
Note: Transient op finished successfully
Note: Transient op started
Note: Transient op finished successfully
Note: Transient op started
Note: Transient op finished successfully
Note: Transient op started
Note: Transient op finished successfully
Note: Transient op started
Note: Transient op finished successfully
Note: Transient op started
Note: Transient op finished successfully
Note: Transient op started
Note: Transient op finished successfully
Note: Transient op started
Note: Transient op finished successfully
Note: Transient op started
Note: Transient op finished successfully
Note: Transient op started
Note: Transient op finished successfully
Note: Transient op started
Note: Transient op finished successfully
Note: Transient op started
Note: Transient op finished successfully
Note: Transient op started
Note: Transient op finished successfully
Note: Transient op started
Note: Transient op finished successfully
Note: Transient op started
Note: Transient op finished successfully
Note: Transient op started
Note: Transient op finished successfully
Note: Transient op started
Note: Transient op finished successfully
Note: Transient op started
Note: Transient op finished successfully
Note: Transient op started
Note: Transient op finished successfully
Note: Transient op started
Note: Transient op finished successfully
Note: Transient op started
Note: Transient op started
Note: Transient op finished successfully
Note: Transient op started
Note: Transient op finished successfully
Note: Transient op finished successfully
Note: Transient op started
Note: Transient op finished successfully
Note: Transient op started
Note: Transient op finished successfully
Note: Transient op started
Note: Transient op finished successfully
Note: Transient op started
Note: Transient op finished successfully
Note: Transient op started
Note: Transient op finished successfully
Note: Transient op started
Note: Transient op finished successfully
Note: Transient op started
Note: Transient op finished successfully
Note: Transient op started
Note: Transient op finished successfully
Note: Transient op started
Note: Transient op finished successfully
Note: Transient op started
Note: Transient op finished successfully
Note: Transient op started
Note: Transient op finished successfully
Note: Transient op started
Note: Transient op finished successfully
Note: Transient op started
Note: Transient op started
Note: Transient op finished successfully
Note: Transient op finished successfully
Note: Transient op started
Note: Transient op finished successfully
Note: Transient op started
Note: Transient op finished successfully
Note: Transient op started
Note: Transient op finished successfully
Note: Transient op started
Note: Transient op finished successfully
Note: Transient op started
Note: Transient op started
Note: Transient op finished successfully
Note: Transient op finished successfully
Note: Transient op started
Note: Transient op finished successfully
Note: Transient op started
Note: Transient op finished successfully
Note: Transient op started
Note: Transient op finished successfully
Note: Transient op started
Note: Transient op finished successfully
Note: Transient op started
Note: Transient op finished successfully
Note: Transient op started
Note: Transient op finished successfully
Note: Transient op started
Note: Transient op finished successfully
Note: Transient op started
Note: Transient op finished successfully
Note: Transient op started
Note: Transient op finished successfully
Note: Transient op started
Note: Transient op finished successfully
Note: Transient op started
Note: Transient op started
Note: Transient op finished successfully
Note: Transient op finished successfully
Note: Transient op started
Note: Transient op finished successfully
Note: Transient op started
Note: Transient op finished successfully
Note: Transient op started
Note: Transient op started
Note: Transient op finished successfully
Note: Transient op finished successfully
Note: Transient op started
Note: Transient op started
Note: Transient op finished successfully
Note: Transient op finished successfully
Note: Transient op started
Note: Transient op started
Note: Transient op finished successfully
Note: Transient op finished successfully
Note: Transient op started
Note: Transient op finished successfully
Note: Transient op started
Note: Transient op finished successfully
Note: Transient op started
Note: Transient op finished successfully
Note: Transient op started
Note: Transient op finished successfully
Note: Transient op started
Note: Transient op finished successfully
Note: Transient op started
Note: Transient op finished successfully
Note: Transient op started
Note: Transient op finished successfully
Note: Transient op started
Note: Transient op finished successfully
Note: Transient op started
Note: Transient op started
Note: Transient op finished successfully
Note: Transient op finished successfully
Note: Transient op started
Note: Transient op finished successfully
Note: Transient op started
Note: Transient op finished successfully
Note: Transient op started
Note: Transient op finished successfully
Note: Transient op started
Note: Transient op finished successfully
Note: Transient op started
Note: Transient op finished successfully
Note: Transient op started
Note: Transient op finished successfully
Note: Transient op started
Note: Transient op finished successfully
Note: Transient op started
Note: Transient op started
Note: Transient op finished successfully
Note: Transient op finished successfully
Note: Transient op started
Note: Transient op finished successfully
Note: Transient op started
Note: Transient op finished successfully
Note: Transient op started
Note: Transient op started
Note: Transient op finished successfully
Note: Transient op finished successfully
Note: Transient op started
Note: Transient op finished successfully
Note: Transient op started
Note: Transient op finished successfully
Note: Transient op started
Note: Transient op finished successfully
Note: Transient op started
Note: Transient op finished successfully
Note: Transient op started
Note: Transient op finished successfully
Note: Transient op started
Note: Transient op finished successfully
Note: Transient op started
Note: Transient op finished successfully
Note: Transient op started
Note: Transient op finished successfully
Note: Transient op started
Note: Transient op finished successfully
Note: Transient op started
Note: Transient op finished successfully
Note: Transient op started
Note: Transient op finished successfully
Note: Transient op started
Note: Transient op finished successfully
Note: Transient op started
Note: Transient op finished successfully
Note: Transient op started
Note: Transient op finished successfully
Note: Transient op started
Note: Transient op finished successfully
Note: Transient op started
Note: Transient op finished successfully
Note: Transient op started
Note: Transient op finished successfully
Note: Transient op started
Note: Transient op finished successfully
Note: Transient op started
Note: Transient op finished successfully
Note: Transient op started
Note: Transient op finished successfully
Note: Transient op started
Note: Transient op finished successfully
Note: Transient op started
Note: Transient op finished successfully
Note: Transient op started
Note: Transient op finished successfully
Note: Transient op started
Note: Transient op finished successfully
-----------------------------------------
| time/                   |             |
|    fps                  | 11          |
|    iterations           | 7           |
|    time_elapsed         | 617         |
|    total_timesteps      | 7168        |
| train/                  |             |
|    approx_kl            | 0.011418013 |
|    clip_fraction        | 0.0992      |
|    clip_range           | 0.2         |
|    entropy_loss         | -8.5        |
|    explained_variance   | -0.00268    |
|    learning_rate        | 0.0003      |
|    loss                 | 76.2        |
|    n_updates            | 60          |
|    policy_gradient_loss | -0.0205     |
|    std                  | 0.996       |
|    value_loss           | 196         |
-----------------------------------------
Note: Transient op started
Note: Transient op finished successfully
Note: Transient op started
Note: Transient op finished successfully
Note: Transient op started
Note: Transient op finished successfully
Note: Transient op started
Note: Transient op finished successfully
Note: Transient op started
Note: Transient op finished successfully
Note: Transient op started
Note: Transient op finished successfully
Note: Transient op started
Note: Transient op finished successfully
Note: Transient op started
Note: Transient op finished successfully
Note: Transient op started
Note: Transient op finished successfully
Note: Transient op started
Note: Transient op finished successfully
Note: Transient op started
Note: Transient op finished successfully
Note: Transient op started
Note: Transient op finished successfully
Note: Transient op started
Note: Transient op finished successfully
Note: Transient op started
Note: Transient op finished successfully
Note: Transient op started
Note: Transient op finished successfully
Note: Transient op started
Note: Transient op finished successfully
Note: Transient op started
Note: Transient op finished successfully
Note: Transient op started
Note: Transient op finished successfully
Note: Transient op started
Note: Transient op finished successfully
Note: Transient op started
Note: Transient op finished successfully
Note: Transient op started
Note: Transient op finished successfully
Note: Transient op started
Note: Transient op finished successfully
Note: Transient op started
Note: Transient op finished successfully
Note: Transient op started
Note: Transient op finished successfully
Note: Transient op started
Note: Transient op finished successfully
Note: Transient op started
Note: Transient op finished successfully
Note: Transient op started
Note: Transient op finished successfully
Note: Transient op started
Note: Transient op finished successfully
Note: Transient op started
Note: Transient op finished successfully
Note: Transient op started
Note: Transient op finished successfully
Note: Transient op started
Note: Transient op finished successfully
Note: Transient op started
Note: Transient op finished successfully
Note: Transient op started
Note: Transient op finished successfully
Note: Transient op started
Note: Transient op finished successfully
Note: Transient op started
Note: Transient op finished successfully
Note: Transient op started
Note: Transient op finished successfully
Note: Transient op started
Note: Transient op finished successfully
Note: Transient op started
Note: Transient op finished successfully
Note: Transient op started
Note: Transient op finished successfully
Note: Transient op started
Note: Transient op finished successfully
Note: Transient op started
Note: Transient op finished successfully
Note: Transient op started
Note: Transient op finished successfully
Note: Transient op started
Note: Transient op started
Note: Transient op finished successfully
Note: Transient op finished successfully
Note: Transient op started
Note: Transient op finished successfully
Note: Transient op started
Note: Transient op finished successfully
Note: Transient op started
Note: Transient op finished successfully
Note: Transient op started
Note: Transient op finished successfully
Note: Transient op started
Note: Transient op finished successfully
Note: Transient op started
Note: Transient op finished successfully
Note: Transient op started
Note: Transient op finished successfully
Note: Transient op started
Note: Transient op finished successfully
Note: Transient op started
Note: Transient op finished successfully
Note: Transient op started
Note: Transient op finished successfully
Note: Transient op started
Note: Transient op finished successfully
Note: Transient op started
Note: Transient op finished successfully
Note: Transient op started
Note: Transient op finished successfully
Note: Transient op started
Note: Transient op finished successfully
Note: Transient op started
Note: Transient op finished successfully
Note: Transient op started
Note: Transient op finished successfully
Note: Transient op started
Note: Transient op finished successfully
Note: Transient op started
Note: Transient op finished successfully
Note: Transient op started
Note: Transient op finished successfully
Note: Transient op started
Note: Transient op finished successfully
Note: Transient op started
Note: Transient op finished successfully
Note: Transient op started
Note: Transient op finished successfully
Note: Transient op started
Note: Transient op finished successfully
Note: Transient op started
Note: Transient op finished successfully
Note: Transient op started
Note: Transient op finished successfully
Note: Transient op started
Note: Transient op finished successfully
Note: Transient op started
Note: Transient op finished successfully
Note: Transient op started
Note: Transient op finished successfully
Note: Transient op started
Note: Transient op finished successfully
Note: Transient op started
Note: Transient op finished successfully
Note: Transient op started
Note: Transient op finished successfully
Note: Transient op started
Note: Transient op finished successfully
Note: Transient op started
Note: Transient op finished successfully
Note: Transient op started
Note: Transient op finished successfully
Note: Transient op started
Note: Transient op finished successfully
Note: Transient op started
Note: Transient op finished successfully
Note: Transient op started
Note: Transient op finished successfully
Note: Transient op started
Note: Transient op finished successfully
Note: Transient op started
Note: Transient op finished successfully
Note: Transient op started
Note: Transient op finished successfully
Note: Transient op started
Note: Transient op finished successfully
Note: Transient op started
Note: Transient op finished successfully
Note: Transient op started
Note: Transient op finished successfully
Note: Transient op started
Note: Transient op finished successfully
Note: Transient op started
Note: Transient op finished successfully
Note: Transient op started
Note: Transient op finished successfully
Note: Transient op started
Note: Transient op finished successfully
Note: Transient op started
Note: Transient op finished successfully
Note: Transient op started
Note: Transient op finished successfully
Note: Transient op started
Note: Transient op finished successfully
Note: Transient op started
Note: Transient op finished successfully
Note: Transient op started
Note: Transient op finished successfully
Note: Transient op started
Note: Transient op finished successfully
Note: Transient op started
Note: Transient op finished successfully
Note: Transient op started
Note: Transient op finished successfully
Note: Transient op started
Note: Transient op finished successfully
Note: Transient op started
Note: Transient op finished successfully
Note: Transient op started
Note: Transient op finished successfully
Note: Transient op started
Note: Transient op finished successfully
Note: Transient op started
Note: Transient op finished successfully
Note: Transient op started
Note: Transient op finished successfully
Note: Transient op started
Note: Transient op started
Note: Transient op finished successfully
Note: Transient op finished successfully
Note: Transient op started
Note: Transient op finished successfully
Note: Transient op started
Note: Transient op finished successfully
Note: Transient op started
Note: Transient op started
Note: Transient op finished successfully
Note: Transient op finished successfully
Note: Transient op started
Note: Transient op finished successfully
Note: Transient op started
Note: Transient op finished successfully
Note: Transient op started
Note: Transient op finished successfully
Note: Transient op started
Note: Transient op finished successfully
Note: Transient op started
Note: Transient op finished successfully
Note: Transient op started
Note: Transient op finished successfully
Note: Transient op started
Note: Transient op finished successfully
Note: Transient op started
Note: Transient op finished successfully
Note: Transient op started
Note: Transient op finished successfully
Note: Transient op started
Note: Transient op finished successfully
Note: Transient op started
Note: Transient op finished successfully
Note: Transient op started
Note: Transient op finished successfully
Note: Transient op started
Note: Transient op finished successfully
Note: Transient op started
Note: Transient op finished successfully
Note: Transient op started
Note: Transient op finished successfully
Note: Transient op started
Note: Transient op finished successfully
Note: Transient op started
Note: Transient op finished successfully
Note: Transient op started
Note: Transient op finished successfully
Note: Transient op started
Note: Transient op finished successfully
Note: Transient op started
Note: Transient op finished successfully
Note: Transient op started
Note: Transient op finished successfully
Note: Transient op started
Note: Transient op started
Note: Transient op finished successfully
Note: Transient op finished successfully
Note: Transient op started
Note: Transient op finished successfully
Note: Transient op started
Note: Transient op finished successfully
Note: Transient op started
Note: Transient op finished successfully
Note: Transient op started
Note: Transient op finished successfully
Note: Transient op started
Note: Transient op finished successfully
Note: Transient op started
Note: Transient op finished successfully
Note: Transient op started
Note: Transient op finished successfully
Note: Transient op started
Note: Transient op finished successfully
Note: Transient op started
Note: Transient op finished successfully
Note: Transient op started
Note: Transient op finished successfully
Note: Transient op started
Note: Transient op finished successfully
Note: Transient op started
Note: Transient op finished successfully
Note: Transient op started
Note: Transient op finished successfully
Note: Transient op started
Note: Transient op started
Note: Transient op finished successfully
Note: Transient op finished successfully
Note: Transient op started
Note: Transient op finished successfully
Note: Transient op started
Note: Transient op finished successfully
Note: Transient op started
Note: Transient op started
Note: Transient op finished successfully
Note: Transient op finished successfully
Note: Transient op started
Note: Transient op finished successfully
Note: Transient op started
Note: Transient op finished successfully
Note: Transient op started
Note: Transient op finished successfully
Note: Transient op started
Note: Transient op started
Note: Transient op finished successfully
Note: Transient op finished successfully
Note: Transient op started
Note: Transient op finished successfully
Note: Transient op started
Note: Transient op finished successfully
Note: Transient op started
Note: Transient op finished successfully
Note: Transient op started
Note: Transient op finished successfully
Note: Transient op started
Note: Transient op finished successfully
Note: Transient op started
Note: Transient op finished successfully
Note: Transient op started
Note: Transient op finished successfully
Note: Transient op started
Note: Transient op finished successfully
Note: Transient op started
Note: Transient op finished successfully
Note: Transient op started
Note: Transient op finished successfully
Note: Transient op started
Note: Transient op finished successfully
Note: Transient op started
Note: Transient op finished successfully
Note: Transient op started
Note: Transient op finished successfully
Note: Transient op started
Note: Transient op finished successfully
Note: Transient op started
Note: Transient op finished successfully
Note: Transient op started
Note: Transient op finished successfully
Note: Transient op started
Note: Transient op finished successfully
Note: Transient op started
Note: Transient op finished successfully
Note: Transient op started
Note: Transient op finished successfully
Note: Transient op started
Note: Transient op finished successfully
Note: Transient op started
Note: Transient op finished successfully
Note: Transient op started
Note: Transient op finished successfully
Note: Transient op started
Note: Transient op finished successfully
Note: Transient op started
Note: Transient op finished successfully
Note: Transient op started
Note: Transient op finished successfully
Note: Transient op started
Note: Transient op finished successfully
Note: Transient op started
Note: Transient op finished successfully
Note: Transient op started
Note: Transient op finished successfully
Note: Transient op started
Note: Transient op finished successfully
Note: Transient op started
Note: Transient op finished successfully
Note: Transient op started
Note: Transient op finished successfully
Note: Transient op started
Note: Transient op finished successfully
Note: Transient op started
Note: Transient op finished successfully
Note: Transient op started
Note: Transient op finished successfully
Note: Transient op started
Note: Transient op finished successfully
Note: Transient op started
Note: Transient op finished successfully
Note: Transient op started
Note: Transient op finished successfully
Note: Transient op started
Note: Transient op finished successfully
Note: Transient op started
Note: Transient op finished successfully
Note: Transient op started
Note: Transient op finished successfully
Note: Transient op started
Note: Transient op finished successfully
Note: Transient op started
Note: Transient op finished successfully
Note: Transient op started
Note: Transient op finished successfully
Note: Transient op started
Note: Transient op finished successfully
Note: Transient op started
Note: Transient op finished successfully
Note: Transient op started
Note: Transient op finished successfully
Note: Transient op started
Note: Transient op finished successfully
Note: Transient op started
Note: Transient op finished successfully
Note: Transient op started
Note: Transient op finished successfully
Note: Transient op started
Note: Transient op finished successfully
Note: Transient op started
Note: Transient op finished successfully
Note: Transient op started
Note: Transient op finished successfully
Note: Transient op started
Note: Transient op finished successfully
Note: Transient op started
Note: Transient op finished successfully
Note: Transient op started
Note: Transient op finished successfully
Note: Transient op started
Note: Transient op finished successfully
Note: Transient op started
Note: Transient op finished successfully
Note: Transient op started
Note: Transient op finished successfully
Note: Transient op started
Note: Transient op finished successfully
Note: Transient op started
Note: Transient op finished successfully
Note: Transient op started
Note: Transient op finished successfully
Note: Transient op started
Note: Transient op finished successfully
Note: Transient op started
Note: Transient op finished successfully
Note: Transient op started
Note: Transient op finished successfully
Note: Transient op started
Note: Transient op finished successfully
Note: Transient op started
Note: Transient op finished successfully
Note: Transient op started
Note: Transient op finished successfully
Note: Transient op started
Note: Transient op finished successfully
Note: Transient op started
Note: Transient op finished successfully
Note: Transient op started
Note: Transient op finished successfully
Note: Transient op started
Note: Transient op finished successfully
Note: Transient op started
Note: Transient op finished successfully
Note: Transient op started
Note: Transient op finished successfully
Note: Transient op started
Note: Transient op finished successfully
Note: Transient op started
Note: Transient op finished successfully
Note: Transient op started
Note: Transient op finished successfully
Note: Transient op started
Note: Transient op finished successfully
Note: Transient op started
Note: Transient op finished successfully
Note: Transient op started
Note: Transient op finished successfully
Note: Transient op started
Note: Transient op finished successfully
Note: Transient op started
Note: Transient op finished successfully
Note: Transient op started
Note: Transient op finished successfully
Note: Transient op started
Note: Transient op finished successfully
Note: Transient op started
Note: Transient op finished successfully
Note: Transient op started
Note: Transient op finished successfully
Note: Transient op started
Note: Transient op finished successfully
Note: Transient op started
Note: Transient op finished successfully
Note: Transient op started
Note: Transient op finished successfully
-----------------------------------------
| time/                   |             |
|    fps                  | 10          |
|    iterations           | 8           |
|    time_elapsed         | 768         |
|    total_timesteps      | 8192        |
| train/                  |             |
|    approx_kl            | 0.026145902 |
|    clip_fraction        | 0.262       |
|    clip_range           | 0.2         |
|    entropy_loss         | -8.48       |
|    explained_variance   | -0.00399    |
|    learning_rate        | 0.0003      |
|    loss                 | 86.8        |
|    n_updates            | 70          |
|    policy_gradient_loss | -0.0372     |
|    std                  | 0.995       |
|    value_loss           | 192         |
-----------------------------------------
Note: Transient op started
Note: Transient op finished successfully
Note: Transient op started
Note: Transient op finished successfully
Note: Transient op started
Note: Transient op started
Note: Transient op finished successfully
Note: Transient op finished successfully
Note: Transient op started
Note: Transient op finished successfully
Note: Transient op started
Note: Transient op finished successfully
Note: Transient op started
Note: Transient op finished successfully
Note: Transient op started
Note: Transient op finished successfully
Note: Transient op started
Note: Transient op finished successfully
Note: Transient op started
Note: Transient op finished successfully
Note: Transient op started
Note: Transient op finished successfully
Note: Transient op started
Note: Transient op finished successfully
Note: Transient op started
Note: Transient op finished successfully
Note: Transient op started
Note: Transient op finished successfully
Note: Transient op started
Note: Transient op finished successfully
Note: Transient op started
Note: Transient op finished successfully
Note: Transient op started
Note: Transient op finished successfully
Note: Transient op started
Note: Transient op finished successfully
Note: Transient op started
Note: Transient op finished successfully
Note: Transient op started
Note: Transient op finished successfully
Note: Transient op started
Note: Transient op finished successfully
Note: Transient op started
Note: Transient op finished successfully
Note: Transient op started
Note: Transient op finished successfully
Note: Transient op started
Note: Transient op finished successfully
Note: Transient op started
Note: Transient op finished successfully
Note: Transient op started
Note: Transient op finished successfully
Note: Transient op started
Note: Transient op finished successfully
Note: Transient op started
Note: Transient op finished successfully
Note: Transient op started
Note: Transient op started
Note: Transient op finished successfully
Note: Transient op finished successfully
Note: Transient op started
Note: Transient op finished successfully
Note: Transient op started
Note: Transient op finished successfully
Note: Transient op started
Note: Transient op finished successfully
Note: Transient op started
Note: Transient op finished successfully
Note: Transient op started
Note: Transient op finished successfully
Note: Transient op started
Note: Transient op finished successfully
Note: Transient op started
Note: Transient op finished successfully
Note: Transient op started
Note: Transient op finished successfully
Note: Transient op started
Note: Transient op finished successfully
Note: Transient op started
Note: Transient op finished successfully
Note: Transient op started
Note: Transient op finished successfully
Note: Transient op started
Note: Transient op finished successfully
Note: Transient op started
Note: Transient op finished successfully
Note: Transient op started
Note: Transient op finished successfully
Note: Transient op started
Note: Transient op started
Note: Transient op finished successfully
Note: Transient op finished successfully
Note: Transient op started
Note: Transient op finished successfully
Note: Transient op started
Note: Transient op finished successfully
Note: Transient op started
Note: Transient op finished successfully
Note: Transient op started
Note: Transient op finished successfully
Note: Transient op started
Note: Transient op finished successfully
Note: Transient op started
Note: Transient op started
Note: Transient op finished successfully
Note: Transient op finished successfully
Note: Transient op started
Note: Transient op finished successfully
Note: Transient op started
Note: Transient op finished successfully
Note: Transient op started
Note: Transient op finished successfully
Note: Transient op started
Note: Transient op finished successfully
Note: Transient op started
Note: Transient op finished successfully
Note: Transient op started
Note: Transient op finished successfully
Note: Transient op started
Note: Transient op finished successfully
Note: Transient op started
Note: Transient op started
Note: Transient op finished successfully
Note: Transient op finished successfully
Note: Transient op started
Note: Transient op finished successfully
Note: Transient op started
Note: Transient op started
Note: Transient op finished successfully
Note: Transient op finished successfully
Note: Transient op started
Note: Transient op finished successfully
Note: Transient op started
Note: Transient op finished successfully
Note: Transient op started
Note: Transient op finished successfully
Note: Transient op started
Note: Transient op finished successfully
Note: Transient op started
Note: Transient op finished successfully
Note: Transient op started
Note: Transient op started
Note: Transient op finished successfully
Note: Transient op finished successfully
Note: Transient op started
Note: Transient op finished successfully
Note: Transient op started
Note: Transient op finished successfully
Note: Transient op started
Note: Transient op finished successfully
Note: Transient op started
Note: Transient op finished successfully
Note: Transient op started
Note: Transient op finished successfully
Note: Transient op started
Note: Transient op finished successfully
Note: Transient op started
Note: Transient op finished successfully
Note: Transient op started
Note: Transient op finished successfully
Note: Transient op started
Note: Transient op finished successfully
Note: Transient op started
Note: Transient op finished successfully
Note: Transient op started
Note: Transient op finished successfully
Note: Transient op started
Note: Transient op finished successfully
Note: Transient op started
Note: Transient op finished successfully
Note: Transient op started
Note: Transient op finished successfully
Note: Transient op started
Note: Transient op finished successfully
Note: Transient op started
Note: Transient op finished successfully
Note: Transient op started
Note: Transient op finished successfully
Note: Transient op started
Note: Transient op finished successfully
Note: Transient op started
Note: Transient op finished successfully
Note: Transient op started
Note: Transient op finished successfully
Note: Transient op started
Note: Transient op finished successfully
Note: Transient op started
Note: Transient op finished successfully
Note: Transient op started
Note: Transient op started
Note: Transient op finished successfully
Note: Transient op finished successfully
Note: Transient op started
Note: Transient op finished successfully
Note: Transient op started
Note: Transient op finished successfully
Note: Transient op started
Note: Transient op finished successfully
Note: Transient op started
Note: Transient op finished successfully
Note: Transient op started
Note: Transient op finished successfully
Note: Transient op started
Note: Transient op finished successfully
Note: Transient op started
Note: Transient op finished successfully
Note: Transient op started
Note: Transient op finished successfully
Note: Transient op started
Note: Transient op finished successfully
Note: Transient op started
Note: Transient op finished successfully
Note: Transient op started
Note: Transient op finished successfully
Note: Transient op started
Note: Transient op finished successfully
Note: Transient op started
Note: Transient op started
Note: Transient op finished successfully
Note: Transient op finished successfully
Note: Transient op started
Note: Transient op finished successfully
Note: Transient op started
Note: Transient op finished successfully
Note: Transient op started
Note: Transient op finished successfully
Note: Transient op started
Note: Transient op finished successfully
Note: Transient op started
Note: Transient op finished successfully
Note: Transient op started
Note: Transient op finished successfully
Note: Transient op started
Note: Transient op finished successfully
Note: Transient op started
Note: Transient op finished successfully
Note: Transient op started
Note: Transient op finished successfully
Note: Transient op started
Note: Transient op finished successfully
Note: Transient op started
Note: Transient op finished successfully
Note: Transient op started
Note: Transient op finished successfully
Note: Transient op started
Note: Transient op finished successfully
Note: Transient op started
Note: Transient op finished successfully
Note: Transient op started
Note: Transient op finished successfully
Note: Transient op started
Note: Transient op finished successfully
Note: Transient op started
Note: Transient op finished successfully
Note: Transient op started
Note: Transient op finished successfully
Note: Transient op started
Note: Transient op started
Note: Transient op finished successfully
Note: Transient op finished successfully
Note: Transient op started
Note: Transient op finished successfully
Note: Transient op started
Note: Transient op finished successfully
Note: Transient op started
Note: Transient op finished successfully
Note: Transient op started
Note: Transient op finished successfully
Note: Transient op started
Note: Transient op finished successfully
Note: Transient op started
Note: Transient op finished successfully
Note: Transient op started
Note: Transient op finished successfully
Note: Transient op started
Note: Transient op finished successfully
Note: Transient op started
Note: Transient op finished successfully
Note: Transient op started
Note: Transient op finished successfully
Note: Transient op started
Note: Transient op finished successfully
Note: Transient op started
Note: Transient op finished successfully
Note: Transient op started
Note: Transient op finished successfully
Note: Transient op started
Note: Transient op finished successfully
Note: Transient op started
Note: Transient op finished successfully
Note: Transient op started
Note: Transient op finished successfully
Note: Transient op started
Note: Transient op finished successfully
Note: Transient op started
Note: Transient op started
Note: Transient op finished successfully
Note: Transient op finished successfully
Note: Transient op started
Note: Transient op finished successfully
Note: Transient op started
Note: Transient op finished successfully
Note: Transient op started
Note: Transient op started
Note: Transient op finished successfully
Note: Transient op finished successfully
Note: Transient op started
Note: Transient op finished successfully
Note: Transient op started
Note: Transient op finished successfully
Note: Transient op started
Note: Transient op finished successfully
Note: Transient op started
Note: Transient op finished successfully
Note: Transient op started
Note: Transient op finished successfully
Note: Transient op started
Note: Transient op finished successfully
Note: Transient op started
Note: Transient op finished successfully
Note: Transient op started
Note: Transient op finished successfully
Note: Transient op started
Note: Transient op finished successfully
Note: Transient op started
Note: Transient op finished successfully
Note: Transient op started
Note: Transient op finished successfully
Note: Transient op started
Note: Transient op finished successfully
Note: Transient op started
Note: Transient op started
Note: Transient op finished successfully
Note: Transient op finished successfully
Note: Transient op started
Note: Transient op finished successfully
Note: Transient op started
Note: Transient op finished successfully
Note: Transient op started
Note: Transient op finished successfully
Note: Transient op started
Note: Transient op finished successfully
Note: Transient op started
Note: Transient op started
Note: Transient op finished successfully
Note: Transient op finished successfully
Note: Transient op started
Note: Transient op finished successfully
Note: Transient op started
Note: Transient op finished successfully
Note: Transient op started
Note: Transient op finished successfully
Note: Transient op started
Note: Transient op finished successfully
Note: Transient op started
Note: Transient op finished successfully
Note: Transient op started
Note: Transient op finished successfully
Note: Transient op started
Note: Transient op finished successfully
Note: Transient op started
Note: Transient op finished successfully
Note: Transient op started
Note: Transient op finished successfully
Note: Transient op started
Note: Transient op finished successfully
Note: Transient op started
Note: Transient op finished successfully
Note: Transient op started
Note: Transient op finished successfully
Note: Transient op started
Note: Transient op finished successfully
Note: Transient op started
Note: Transient op finished successfully
Note: Transient op started
Note: Transient op finished successfully
Note: Transient op started
Note: Transient op finished successfully
Note: Transient op started
Note: Transient op finished successfully
Note: Transient op started
Note: Transient op finished successfully
Note: Transient op started
Note: Transient op finished successfully
Note: Transient op started
Note: Transient op finished successfully
Note: Transient op started
Note: Transient op finished successfully
Note: Transient op started
Note: Transient op finished successfully
Note: Transient op started
Note: Transient op finished successfully
Note: Transient op started
Note: Transient op finished successfully
Note: Transient op started
Note: Transient op finished successfully
Note: Transient op started
Note: Transient op finished successfully
Note: Transient op started
Note: Transient op finished successfully
Note: Transient op started
Note: Transient op finished successfully
Note: Transient op started
Note: Transient op started
Note: Transient op finished successfully
Note: Transient op finished successfully
Note: Transient op started
Note: Transient op finished successfully
Note: Transient op started
Note: Transient op finished successfully
Note: Transient op started
Note: Transient op started
Note: Transient op finished successfully
Note: Transient op finished successfully
Note: Transient op started
Note: Transient op finished successfully
Note: Transient op started
Note: Transient op finished successfully
Note: Transient op started
Note: Transient op finished successfully
Note: Transient op started
Note: Transient op finished successfully
Note: Transient op started
Note: Transient op finished successfully
Note: Transient op started
Note: Transient op finished successfully
Note: Transient op started
Note: Transient op finished successfully
Note: Transient op started
Note: Transient op finished successfully
Note: Transient op started
Note: Transient op started
Note: Transient op finished successfully
Note: Transient op finished successfully
Note: Transient op started
Note: Transient op started
Note: Transient op finished successfully
Note: Transient op finished successfully
Note: Transient op started
Note: Transient op finished successfully
Note: Transient op started
Note: Transient op finished successfully
Note: Transient op started
Note: Transient op finished successfully
Note: Transient op started
Note: Transient op finished successfully
Note: Transient op started
Note: Transient op finished successfully
Note: Transient op started
Note: Transient op finished successfully
Note: Transient op started
Note: Transient op finished successfully
Note: Transient op started
Note: Transient op finished successfully
Note: Transient op started
Note: Transient op finished successfully
Note: Transient op started
Note: Transient op finished successfully
Note: Transient op started
Note: Transient op finished successfully
Note: Transient op started
Note: Transient op finished successfully
Note: Transient op started
Note: Transient op finished successfully
Note: Transient op started
Note: Transient op finished successfully
Note: Transient op started
Note: Transient op finished successfully
Note: Transient op started
Note: Transient op started
Note: Transient op finished successfully
Note: Transient op finished successfully
Note: Transient op started
Note: Transient op finished successfully
Note: Transient op started
Note: Transient op finished successfully
Note: Transient op started
Note: Transient op finished successfully
Note: Transient op started
Note: Transient op finished successfully
Note: Transient op started
Note: Transient op finished successfully
Note: Transient op started
Note: Transient op finished successfully
Note: Transient op started
Note: Transient op finished successfully
Note: Transient op started
Note: Transient op finished successfully
Note: Transient op started
Note: Transient op finished successfully
Note: Transient op started
Note: Transient op finished successfully
Note: Transient op started
Note: Transient op started
Note: Transient op finished successfully
Note: Transient op finished successfully
Note: Transient op started
Note: Transient op finished successfully
Note: Transient op started
Note: Transient op finished successfully
Note: Transient op started
Note: Transient op started
Note: Transient op finished successfully
Note: Transient op finished successfully
Note: Transient op started
Note: Transient op finished successfully
Note: Transient op started
Note: Transient op finished successfully
Note: Transient op started
Note: Transient op finished successfully
Note: Transient op started
Note: Transient op finished successfully
Note: Transient op started
Note: Transient op finished successfully
Note: Transient op started
Note: Transient op finished successfully
Note: Transient op started
Note: Transient op finished successfully
Note: Transient op started
Note: Transient op finished successfully
Note: Transient op started
Note: Transient op finished successfully
Note: Transient op started
Note: Transient op finished successfully
Note: Transient op started
Note: Transient op finished successfully
Note: Transient op started
Note: Transient op finished successfully
Note: Transient op started
Note: Transient op finished successfully
Note: Transient op started
Note: Transient op finished successfully
Note: Transient op started
Note: Transient op finished successfully
Note: Transient op started
Note: Transient op finished successfully
Note: Transient op started
Note: Transient op finished successfully
Note: Transient op started
Note: Transient op finished successfully
Note: Transient op started
Note: Transient op finished successfully
Note: Transient op started
Note: Transient op finished successfully
Note: Transient op started
Note: Transient op finished successfully
Note: Transient op started
Note: Transient op finished successfully
Note: Transient op started
Note: Transient op finished successfully
Note: Transient op started
Note: Transient op finished successfully
Note: Transient op started
Note: Transient op finished successfully
Note: Transient op started
Note: Transient op finished successfully
Note: Transient op started
Note: Transient op finished successfully
Note: Transient op started
Note: Transient op finished successfully
Note: Transient op started
Note: Transient op finished successfully
Note: Transient op started
Note: Transient op finished successfully
Note: Transient op started
Note: Transient op finished successfully
Note: Transient op started
Note: Transient op finished successfully
Note: Transient op started
Note: Transient op finished successfully
Note: Transient op started
Note: Transient op finished successfully
Note: Transient op started
Note: Transient op finished successfully
Note: Transient op started
Note: Transient op finished successfully
Note: Transient op started
Note: Transient op started
Note: Transient op finished successfully
Note: Transient op finished successfully
Note: Transient op started
Note: Transient op finished successfully
Note: Transient op started
Note: Transient op finished successfully
Note: Transient op started
Note: Transient op finished successfully
Note: Transient op started
Note: Transient op finished successfully
Note: Transient op started
Note: Transient op finished successfully
Note: Transient op started
Note: Transient op finished successfully
Note: Transient op started
Note: Transient op finished successfully
Note: Transient op started
Note: Transient op finished successfully
Note: Transient op started
Note: Transient op finished successfully
Note: Transient op started
Note: Transient op finished successfully
Note: Transient op started
Note: Transient op finished successfully
Note: Transient op started
Note: Transient op finished successfully
Note: Transient op started
Note: Transient op finished successfully
Note: Transient op started
Note: Transient op started
Note: Transient op finished successfully
Note: Transient op finished successfully
Note: Transient op started
Note: Transient op finished successfully
Note: Transient op started
Note: Transient op finished successfully
Note: Transient op started
Note: Transient op started
Note: Transient op finished successfully
Note: Transient op finished successfully
Note: Transient op started
Note: Transient op finished successfully
Note: Transient op started
Note: Transient op finished successfully
Note: Transient op started
Note: Transient op finished successfully
Note: Transient op started
Note: Transient op finished successfully
Note: Transient op started
Note: Transient op finished successfully
Note: Transient op started
Note: Transient op finished successfully
Note: Transient op started
Note: Transient op finished successfully
Note: Transient op started
Note: Transient op finished successfully
Note: Transient op started
Note: Transient op finished successfully
Note: Transient op started
Note: Transient op finished successfully
Note: Transient op started
Note: Transient op finished successfully
Note: Transient op started
Note: Transient op finished successfully
Note: Transient op started
Note: Transient op finished successfully
Note: Transient op started
Note: Transient op finished successfully
Note: Transient op started
Note: Transient op finished successfully
Note: Transient op started
Note: Transient op finished successfully
Note: Transient op started
Note: Transient op finished successfully
Note: Transient op started
Note: Transient op finished successfully
Note: Transient op started
Note: Transient op finished successfully
Note: Transient op started
Note: Transient op finished successfully
Note: Transient op started
Note: Transient op finished successfully
Note: Transient op started
Note: Transient op finished successfully
Note: Transient op started
Note: Transient op finished successfully
Note: Transient op started
Note: Transient op finished successfully
Note: Transient op started
Note: Transient op finished successfully
Note: Transient op started
Note: Transient op finished successfully
Note: Transient op started
Note: Transient op finished successfully
Note: Transient op started
Note: Transient op finished successfully
Note: Transient op started
Note: Transient op finished successfully
Note: Transient op started
Note: Transient op finished successfully
Note: Transient op started
Note: Transient op finished successfully
Note: Transient op started
Note: Transient op finished successfully
Note: Transient op started
Note: Transient op finished successfully
Note: Transient op started
Note: Transient op finished successfully
Note: Transient op started
Note: Transient op finished successfully
Note: Transient op started
Note: Transient op finished successfully
Note: Transient op started
Note: Transient op finished successfully
Note: Transient op started
Note: Transient op finished successfully
Note: Transient op started
Note: Transient op finished successfully
Note: Transient op started
Note: Transient op finished successfully
Note: Transient op started
Note: Transient op finished successfully
Note: Transient op started
Note: Transient op finished successfully
-----------------------------------------
| time/                   |             |
|    fps                  | 9           |
|    iterations           | 9           |
|    time_elapsed         | 941         |
|    total_timesteps      | 9216        |
| train/                  |             |
|    approx_kl            | 0.014429918 |
|    clip_fraction        | 0.152       |
|    clip_range           | 0.2         |
|    entropy_loss         | -8.45       |
|    explained_variance   | -0.000705   |
|    learning_rate        | 0.0003      |
|    loss                 | 67          |
|    n_updates            | 80          |
|    policy_gradient_loss | -0.0259     |
|    std                  | 0.984       |
|    value_loss           | 139         |
-----------------------------------------
Note: Transient op started
Note: Transient op finished successfully
Note: Transient op started
Note: Transient op finished successfully
Note: Transient op started
Note: Transient op finished successfully
Note: Transient op started
Note: Transient op finished successfully
Note: Transient op started
Note: Transient op finished successfully
Note: Transient op started
Note: Transient op finished successfully
Note: Transient op started
Note: Transient op finished successfully
Note: Transient op started
Note: Transient op finished successfully
Note: Transient op started
Note: Transient op started
Note: Transient op finished successfully
Note: Transient op finished successfully
Note: Transient op started
Note: Transient op finished successfully
Note: Transient op started
Note: Transient op finished successfully
Note: Transient op started
Note: Transient op finished successfully
Note: Transient op started
Note: Transient op finished successfully
Note: Transient op started
Note: Transient op finished successfully
Note: Transient op started
Note: Transient op finished successfully
Note: Transient op started
Note: Transient op finished successfully
Note: Transient op started
Note: Transient op finished successfully
Note: Transient op started
Note: Transient op finished successfully
Note: Transient op started
Note: Transient op finished successfully
Note: Transient op started
Note: Transient op finished successfully
Note: Transient op started
Note: Transient op finished successfully
Note: Transient op started
Note: Transient op finished successfully
Note: Transient op started
Note: Transient op finished successfully
Note: Transient op started
Note: Transient op finished successfully
Note: Transient op started
Note: Transient op finished successfully
Note: Transient op started
Note: Transient op finished successfully
Note: Transient op started
Note: Transient op finished successfully
Note: Transient op started
Note: Transient op finished successfully
Note: Transient op started
Note: Transient op started
Note: Transient op finished successfully
Note: Transient op finished successfully
Note: Transient op started
Note: Transient op started
Note: Transient op finished successfully
Note: Transient op finished successfully
Note: Transient op started
Note: Transient op started
Note: Transient op finished successfully
Note: Transient op finished successfully
Note: Transient op started
Note: Transient op finished successfully
Note: Transient op started
Note: Transient op finished successfully
Note: Transient op started
Note: Transient op finished successfully
Note: Transient op started
Note: Transient op finished successfully
Note: Transient op started
Note: Transient op finished successfully
Note: Transient op started
Note: Transient op finished successfully
Note: Transient op started
Note: Transient op finished successfully
Note: Transient op started
Note: Transient op finished successfully
Note: Transient op started
Note: Transient op finished successfully
Note: Transient op started
Note: Transient op started
Note: Transient op finished successfully
Note: Transient op finished successfully
Note: Transient op started
Note: Transient op finished successfully
Note: Transient op started
Note: Transient op finished successfully
Note: Transient op started
Note: Transient op finished successfully
Note: Transient op started
Note: Transient op finished successfully
Note: Transient op started
Note: Transient op finished successfully
Note: Transient op started
Note: Transient op finished successfully
Note: Transient op started
Note: Transient op finished successfully
Note: Transient op started
Note: Transient op finished successfully
Note: Transient op started
Note: Transient op finished successfully
Note: Transient op started
Note: Transient op finished successfully
Note: Transient op started
Note: Transient op finished successfully
Note: Transient op started
Note: Transient op finished successfully
Note: Transient op started
Note: Transient op finished successfully
Note: Transient op started
Note: Transient op finished successfully
Note: Transient op started
Note: Transient op finished successfully
Note: Transient op started
Note: Transient op finished successfully
Note: Transient op started
Note: Transient op finished successfully
Note: Transient op started
Note: Transient op finished successfully
Note: Transient op started
Note: Transient op finished successfully
Note: Transient op started
Note: Transient op finished successfully
Note: Transient op started
Note: Transient op finished successfully
Note: Transient op started
Note: Transient op finished successfully
Note: Transient op started
Note: Transient op finished successfully
Note: Transient op started
Note: Transient op finished successfully
Note: Transient op started
Note: Transient op finished successfully
Note: Transient op started
Note: Transient op finished successfully
Note: Transient op started
Note: Transient op finished successfully
Note: Transient op started
Note: Transient op finished successfully
Note: Transient op started
Note: Transient op finished successfully
Note: Transient op started
Note: Transient op finished successfully
Note: Transient op started
Note: Transient op finished successfully
Note: Transient op started
Note: Transient op finished successfully
Note: Transient op started
Note: Transient op finished successfully
Note: Transient op started
Note: Transient op finished successfully
Note: Transient op started
Note: Transient op finished successfully
Note: Transient op started
Note: Transient op finished successfully
Note: Transient op started
Note: Transient op finished successfully
Note: Transient op started
Note: Transient op finished successfully
Note: Transient op started
Note: Transient op finished successfully
Note: Transient op started
Note: Transient op finished successfully
Note: Transient op started
Note: Transient op finished successfully
Note: Transient op started
Note: Transient op finished successfully
Note: Transient op started
Note: Transient op finished successfully
Note: Transient op started
Note: Transient op finished successfully
Note: Transient op started
Note: Transient op finished successfully
Note: Transient op started
Note: Transient op finished successfully
Note: Transient op started
Note: Transient op finished successfully
Note: Transient op started
Note: Transient op finished successfully
Note: Transient op started
Note: Transient op finished successfully
Note: Transient op started
Note: Transient op finished successfully
Note: Transient op started
Note: Transient op finished successfully
Note: Transient op started
Note: Transient op finished successfully
Note: Transient op started
Note: Transient op finished successfully
Note: Transient op started
Note: Transient op finished successfully
Note: Transient op started
Note: Transient op finished successfully
Note: Transient op started
Note: Transient op finished successfully
Note: Transient op started
Note: Transient op finished successfully
Note: Transient op started
Note: Transient op finished successfully
Note: Transient op started
Note: Transient op finished successfully
Note: Transient op started
Note: Transient op started
Note: Transient op finished successfully
Note: Transient op finished successfully
Note: Transient op started
Note: Transient op started
Note: Transient op finished successfully
Note: Transient op finished successfully
Note: Transient op started
Note: Transient op finished successfully
Note: Transient op started
Note: Transient op finished successfully
Note: Transient op started
Note: Transient op finished successfully
Note: Transient op started
Note: Transient op finished successfully
Note: Transient op started
Note: Transient op finished successfully
Note: Transient op started
Note: Transient op finished successfully
Note: Transient op started
Note: Transient op finished successfully
Note: Transient op started
Note: Transient op finished successfully
Note: Transient op started
Note: Transient op finished successfully
Note: Transient op started
Note: Transient op finished successfully
Note: Transient op started
Note: Transient op finished successfully
Note: Transient op started
Note: Transient op finished successfully
Note: Transient op started
Note: Transient op finished successfully
Note: Transient op started
Note: Transient op finished successfully
Note: Transient op started
Note: Transient op finished successfully
Note: Transient op started
Note: Transient op finished successfully
Note: Transient op started
Note: Transient op finished successfully
Note: Transient op started
Note: Transient op finished successfully
Note: Transient op started
Note: Transient op finished successfully
Note: Transient op started
Note: Transient op finished successfully
Note: Transient op started
Note: Transient op finished successfully
Note: Transient op started
Note: Transient op finished successfully
Note: Transient op started
Note: Transient op finished successfully
Note: Transient op started
Note: Transient op finished successfully
Note: Transient op started
Note: Transient op finished successfully
Note: Transient op started
Note: Transient op finished successfully
Note: Transient op started
Note: Transient op finished successfully
Note: Transient op started
Note: Transient op finished successfully
Note: Transient op started
Note: Transient op finished successfully
Note: Transient op started
Note: Transient op finished successfully
Note: Transient op started
Note: Transient op finished successfully
Note: Transient op started
Note: Transient op finished successfully
Note: Transient op started
Note: Transient op finished successfully
Note: Transient op started
Note: Transient op finished successfully
Note: Transient op started
Note: Transient op finished successfully
Note: Transient op started
Note: Transient op finished successfully
Note: Transient op started
Note: Transient op finished successfully
Note: Transient op started
Note: Transient op finished successfully
Note: Transient op started
Note: Transient op finished successfully
Note: Transient op started
Note: Transient op finished successfully
Note: Transient op started
Note: Transient op finished successfully
Note: Transient op started
Note: Transient op finished successfully
Note: Transient op started
Note: Transient op finished successfully
Note: Transient op started
Note: Transient op finished successfully
Note: Transient op started
Note: Transient op finished successfully
Note: Transient op started
Note: Transient op finished successfully
Note: Transient op started
Note: Transient op finished successfully
Note: Transient op started
Note: Transient op finished successfully
Note: Transient op started
Note: Transient op finished successfully
Note: Transient op started
Note: Transient op finished successfully
Note: Transient op started
Note: Transient op finished successfully
Note: Transient op started
Note: Transient op finished successfully
Note: Transient op started
Note: Transient op finished successfully
Note: Transient op started
Note: Transient op finished successfully
Note: Transient op started
Note: Transient op finished successfully
Note: Transient op started
Note: Transient op finished successfully
Note: Transient op started
Note: Transient op finished successfully
Note: Transient op started
Note: Transient op finished successfully
Note: Transient op started
Note: Transient op finished successfully
Note: Transient op started
Note: Transient op finished successfully
Note: Transient op started
Note: Transient op finished successfully
Note: Transient op started
Note: Transient op finished successfully
Note: Transient op started
Note: Transient op finished successfully
Note: Transient op started
Note: Transient op finished successfully
Note: Transient op started
Note: Transient op finished successfully
Note: Transient op started
Note: Transient op finished successfully
Note: Transient op started
Note: Transient op finished successfully
Note: Transient op started
Note: Transient op finished successfully
Note: Transient op started
Note: Transient op finished successfully
Note: Transient op started
Note: Transient op finished successfully
Note: Transient op started
Note: Transient op finished successfully
Note: Transient op started
Note: Transient op finished successfully
Note: Transient op started
Note: Transient op finished successfully
Note: Transient op started
Note: Transient op finished successfully
Note: Transient op started
Note: Transient op finished successfully
Note: Transient op started
Note: Transient op finished successfully
Note: Transient op started
Note: Transient op finished successfully
Note: Transient op started
Note: Transient op started
Note: Transient op finished successfully
Note: Transient op finished successfully
Note: Transient op started
Note: Transient op finished successfully
Note: Transient op started
Note: Transient op finished successfully
Note: Transient op started
Note: Transient op finished successfully
Note: Transient op started
Note: Transient op finished successfully
Note: Transient op started
Note: Transient op finished successfully
Note: Transient op started
Note: Transient op finished successfully
Note: Transient op started
Note: Transient op finished successfully
Note: Transient op started
Note: Transient op finished successfully
Note: Transient op started
Note: Transient op finished successfully
Note: Transient op started
Note: Transient op finished successfully
Note: Transient op started
Note: Transient op finished successfully
Note: Transient op started
Note: Transient op finished successfully
Note: Transient op started
Note: Transient op finished successfully
Note: Transient op started
Note: Transient op finished successfully
Note: Transient op started
Note: Transient op finished successfully
Note: Transient op started
Note: Transient op finished successfully
Note: Transient op started
Note: Transient op finished successfully
Note: Transient op started
Note: Transient op finished successfully
Note: Transient op started
Note: Transient op finished successfully
Note: Transient op started
Note: Transient op started
Note: Transient op finished successfully
Note: Transient op finished successfully
Note: Transient op started
Note: Transient op finished successfully
Note: Transient op started
Note: Transient op finished successfully
Note: Transient op started
Note: Transient op finished successfully
Note: Transient op started
Note: Transient op finished successfully
Note: Transient op started
Note: Transient op finished successfully
Note: Transient op started
Note: Transient op finished successfully
Note: Transient op started
Note: Transient op finished successfully
Note: Transient op started
Note: Transient op finished successfully
Note: Transient op started
Note: Transient op finished successfully
Note: Transient op started
Note: Transient op finished successfully
Note: Transient op started
Note: Transient op finished successfully
Note: Transient op started
Note: Transient op finished successfully
Note: Transient op started
Note: Transient op finished successfully
Note: Transient op started
Note: Transient op finished successfully
Note: Transient op started
Note: Transient op finished successfully
Note: Transient op started
Note: Transient op finished successfully
Note: Transient op started
Note: Transient op started
Note: Transient op finished successfully
Note: Transient op started
Note: Transient op finished successfully
Note: Transient op finished successfully
Note: Transient op started
Note: Transient op finished successfully
Note: Transient op started
Note: Transient op finished successfully
Note: Transient op started
Note: Transient op finished successfully
Note: Transient op started
Note: Transient op finished successfully
Note: Transient op started
Note: Transient op finished successfully
Note: Transient op started
Note: Transient op finished successfully
Note: Transient op started
Note: Transient op finished successfully
Note: Transient op started
Note: Transient op finished successfully
Note: Transient op started
Note: Transient op finished successfully
Note: Transient op started
Note: Transient op finished successfully
Note: Transient op started
Note: Transient op finished successfully
Note: Transient op started
Note: Transient op finished successfully
Note: Transient op started
Note: Transient op finished successfully
Note: Transient op started
Note: Transient op finished successfully
Note: Transient op started
Note: Transient op finished successfully
Note: Transient op started
Note: Transient op finished successfully
Note: Transient op started
Note: Transient op finished successfully
Note: Transient op started
Note: Transient op finished successfully
Note: Transient op started
Note: Transient op finished successfully
Note: Transient op started
Note: Transient op finished successfully
Note: Transient op started
Note: Transient op finished successfully
Note: Transient op started
Note: Transient op finished successfully
Note: Transient op started
Note: Transient op finished successfully
Note: Transient op started
Note: Transient op finished successfully
Note: Transient op started
Note: Transient op finished successfully
Note: Transient op started
Note: Transient op finished successfully
Note: Transient op started
Note: Transient op finished successfully
Note: Transient op started
Note: Transient op finished successfully
Note: Transient op started
Note: Transient op finished successfully
Note: Transient op started
Note: Transient op finished successfully
Note: Transient op started
Note: Transient op finished successfully
Note: Transient op started
Note: Transient op finished successfully
Note: Transient op started
Note: Transient op finished successfully
Note: Transient op started
Note: Transient op finished successfully
Note: Transient op started
Note: Transient op finished successfully
Note: Transient op started
Note: Transient op finished successfully
Note: Transient op started
Note: Transient op finished successfully
Note: Transient op started
Note: Transient op finished successfully
Note: Transient op started
Note: Transient op finished successfully
Note: Transient op started
Note: Transient op finished successfully
Note: Transient op started
Note: Transient op finished successfully
Note: Transient op started
Note: Transient op finished successfully
Note: Transient op started
Note: Transient op finished successfully
Note: Transient op started
Note: Transient op finished successfully
Note: Transient op started
Note: Transient op finished successfully
Note: Transient op started
Note: Transient op finished successfully
Note: Transient op started
Note: Transient op finished successfully
Note: Transient op started
Note: Transient op finished successfully
Note: Transient op started
Note: Transient op finished successfully
Note: Transient op started
Note: Transient op finished successfully
Note: Transient op started
Note: Transient op finished successfully
Note: Transient op started
Note: Transient op finished successfully
Note: Transient op started
Note: Transient op finished successfully
Note: Transient op started
Note: Transient op finished successfully
-----------------------------------------
| time/                   |             |
|    fps                  | 9           |
|    iterations           | 10          |
|    time_elapsed         | 1123        |
|    total_timesteps      | 10240       |
| train/                  |             |
|    approx_kl            | 0.012971744 |
|    clip_fraction        | 0.151       |
|    clip_range           | 0.2         |
|    entropy_loss         | -8.39       |
|    explained_variance   | 0.0022      |
|    learning_rate        | 0.0003      |
|    loss                 | 93.1        |
|    n_updates            | 90          |
|    policy_gradient_loss | -0.0237     |
|    std                  | 0.977       |
|    value_loss           | 169         |
-----------------------------------------
Note: Transient op started
Note: Transient op finished successfully
Note: Transient op started
Note: Transient op finished successfully
Note: Transient op started
Note: Transient op finished successfully
Note: Transient op started
Note: Transient op finished successfully
Note: Transient op started
Note: Transient op finished successfully
Note: Transient op started
Note: Transient op finished successfully
Note: Transient op started
Note: Transient op finished successfully
Note: Transient op started
Note: Transient op finished successfully
Note: Transient op started
Note: Transient op finished successfully
Note: Transient op started
Note: Transient op finished successfully
Note: Transient op started
Note: Transient op finished successfully
Note: Transient op started
Note: Transient op finished successfully
Note: Transient op started
Note: Transient op started
Note: Transient op finished successfully
Note: Transient op finished successfully
Note: Transient op started
Note: Transient op finished successfully
Note: Transient op started
Note: Transient op finished successfully
Note: Transient op started
Note: Transient op finished successfully
Note: Transient op started
Note: Transient op finished successfully
Note: Transient op started
Note: Transient op finished successfully
Note: Transient op started
Note: Transient op finished successfully
Note: Transient op started
Note: Transient op finished successfully
Note: Transient op started
Note: Transient op finished successfully
Note: Transient op started
Note: Transient op finished successfully
Note: Transient op started
Note: Transient op finished successfully
Note: Transient op started
Note: Transient op finished successfully
Note: Transient op started
Note: Transient op finished successfully
Note: Transient op started
Note: Transient op finished successfully
Note: Transient op started
Note: Transient op finished successfully
Note: Transient op started
Note: Transient op finished successfully
Note: Transient op started
Note: Transient op finished successfully
Note: Transient op started
Note: Transient op finished successfully
Note: Transient op started
Note: Transient op finished successfully
Note: Transient op started
Note: Transient op finished successfully
Note: Transient op started
Note: Transient op finished successfully
Note: Transient op started
Note: Transient op finished successfully
Note: Transient op started
Note: Transient op finished successfully
Note: Transient op started
Note: Transient op finished successfully
Note: Transient op started
Note: Transient op finished successfully
Note: Transient op started
Note: Transient op finished successfully
Note: Transient op started
Note: Transient op finished successfully
Note: Transient op started
Note: Transient op finished successfully
Note: Transient op started
Note: Transient op finished successfully
Note: Transient op started
Note: Transient op finished successfully
Note: Transient op started
Note: Transient op finished successfully
Note: Transient op started
Note: Transient op finished successfully
Note: Transient op started
Note: Transient op finished successfully
Note: Transient op started
Note: Transient op finished successfully
Note: Transient op started
Note: Transient op finished successfully
Note: Transient op started
Note: Transient op finished successfully
Note: Transient op started
Note: Transient op finished successfully
Note: Transient op started
Note: Transient op finished successfully
Note: Transient op started
Note: Transient op finished successfully
Note: Transient op started
Note: Transient op finished successfully
Note: Transient op started
Note: Transient op finished successfully
Note: Transient op started
Note: Transient op finished successfully
Note: Transient op started
Note: Transient op finished successfully
Note: Transient op started
Note: Transient op finished successfully
Note: Transient op started
Note: Transient op finished successfully
Note: Transient op started
Note: Transient op finished successfully
Note: Transient op started
Note: Transient op finished successfully
Note: Transient op started
Note: Transient op finished successfully
Note: Transient op started
Note: Transient op finished successfully
Note: Transient op started
Note: Transient op finished successfully
Note: Transient op started
Note: Transient op finished successfully
Note: Transient op started
Note: Transient op finished successfully
Note: Transient op started
Note: Transient op finished successfully
Note: Transient op started
Note: Transient op finished successfully
Note: Transient op started
Note: Transient op finished successfully
Note: Transient op started
Note: Transient op finished successfully
Note: Transient op started
Note: Transient op finished successfully
Note: Transient op started
Note: Transient op finished successfully
Note: Transient op started
Note: Transient op finished successfully
Note: Transient op started
Note: Transient op finished successfully
Note: Transient op started
Note: Transient op finished successfully
Note: Transient op started
Note: Transient op finished successfully
Note: Transient op started
Note: Transient op finished successfully
Note: Transient op started
Note: Transient op finished successfully
Note: Transient op started
Note: Transient op finished successfully
Note: Transient op started
Note: Transient op finished successfully
Note: Transient op started
Note: Transient op finished successfully
Note: Transient op started
Note: Transient op finished successfully
Note: Transient op started
Note: Transient op finished successfully
Note: Transient op started
Note: Transient op finished successfully
Note: Transient op started
Note: Transient op finished successfully
Note: Transient op started
Note: Transient op finished successfully
Note: Transient op started
Note: Transient op finished successfully
Note: Transient op started
Note: Transient op finished successfully
Note: Transient op started
Note: Transient op started
Note: Transient op finished successfully
Note: Transient op finished successfully
Note: Transient op started
Note: Transient op finished successfully
Note: Transient op started
Note: Transient op finished successfully
Note: Transient op started
Note: Transient op finished successfully
Note: Transient op started
Note: Transient op finished successfully
Note: Transient op started
Note: Transient op finished successfully
Note: Transient op started
Note: Transient op started
Note: Transient op finished successfully
Note: Transient op finished successfully
Note: Transient op started
Note: Transient op finished successfully
Note: Transient op started
Note: Transient op finished successfully
Note: Transient op started
Note: Transient op finished successfully
Note: Transient op started
Note: Transient op finished successfully
Note: Transient op started
Note: Transient op finished successfully
Note: Transient op started
Note: Transient op finished successfully
Note: Transient op started
Note: Transient op finished successfully
Note: Transient op started
Note: Transient op finished successfully
Note: Transient op started
Note: Transient op finished successfully
Note: Transient op started
Note: Transient op finished successfully
Note: Transient op started
Note: Transient op finished successfully
Note: Transient op started
Note: Transient op finished successfully
Note: Transient op started
Note: Transient op finished successfully
Note: Transient op started
Note: Transient op finished successfully
Note: Transient op started
Note: Transient op finished successfully
Note: Transient op started
Note: Transient op finished successfully
Note: Transient op started
Note: Transient op finished successfully
Note: Transient op started
Note: Transient op finished successfully
Note: Transient op started
Note: Transient op finished successfully
Note: Transient op started
Note: Transient op finished successfully
Note: Transient op started
Note: Transient op finished successfully
Note: Transient op started
Note: Transient op finished successfully
Note: Transient op started
Note: Transient op finished successfully
Note: Transient op started
Note: Transient op finished successfully
Note: Transient op started
Note: Transient op finished successfully
Note: Transient op started
Note: Transient op finished successfully
Note: Transient op started
Note: Transient op finished successfully
Note: Transient op started
Note: Transient op finished successfully
Note: Transient op started
Note: Transient op finished successfully
Note: Transient op started
Note: Transient op finished successfully
Note: Transient op started
Note: Transient op finished successfully
Note: Transient op started
Note: Transient op finished successfully
Note: Transient op started
Note: Transient op finished successfully
Note: Transient op started
Note: Transient op finished successfully
Note: Transient op started
Note: Transient op started
Note: Transient op finished successfully
Note: Transient op finished successfully
Note: Transient op started
Note: Transient op finished successfully
Note: Transient op started
Note: Transient op finished successfully
Note: Transient op started
Note: Transient op finished successfully
Note: Transient op started
Note: Transient op finished successfully
Note: Transient op started
Note: Transient op finished successfully
Note: Transient op started
Note: Transient op finished successfully
Note: Transient op started
Note: Transient op finished successfully
Note: Transient op started
Note: Transient op finished successfully
Note: Transient op started
Note: Transient op finished successfully
Note: Transient op started
Note: Transient op finished successfully
Note: Transient op started
Note: Transient op finished successfully
Note: Transient op started
Note: Transient op finished successfully
Note: Transient op started
Note: Transient op finished successfully
Note: Transient op started
Note: Transient op finished successfully
Note: Transient op started
Note: Transient op finished successfully
Note: Transient op started
Note: Transient op finished successfully
Note: Transient op started
Note: Transient op finished successfully
Note: Transient op started
Note: Transient op finished successfully
Note: Transient op started
Note: Transient op finished successfully
Note: Transient op started
Note: Transient op finished successfully
Note: Transient op started
Note: Transient op finished successfully
Note: Transient op started
Note: Transient op finished successfully
Note: Transient op started
Note: Transient op finished successfully
Note: Transient op started
Note: Transient op finished successfully
Note: Transient op started
Note: Transient op finished successfully
Note: Transient op started
Note: Transient op finished successfully
Note: Transient op started
Note: Transient op finished successfully
Note: Transient op started
Note: Transient op finished successfully
Note: Transient op started
Note: Transient op finished successfully
Note: Transient op started
Note: Transient op finished successfully
Note: Transient op started
Note: Transient op finished successfully
Note: Transient op started
Note: Transient op finished successfully
Note: Transient op started
Note: Transient op finished successfully
Note: Transient op started
Note: Transient op finished successfully
Note: Transient op started
Note: Transient op finished successfully
Note: Transient op started
Note: Transient op finished successfully
Note: Transient op started
Note: Transient op finished successfully
Note: Transient op started
Note: Transient op finished successfully
Note: Transient op started
Note: Transient op finished successfully
Note: Transient op started
Note: Transient op finished successfully
Note: Transient op started
Note: Transient op finished successfully
Note: Transient op started
Note: Transient op finished successfully
Note: Transient op started
Note: Transient op finished successfully
Note: Transient op started
Note: Transient op finished successfully
Note: Transient op started
Note: Transient op finished successfully
Note: Transient op started
Note: Transient op finished successfully
Note: Transient op started
Note: Transient op finished successfully
Note: Transient op started
Note: Transient op finished successfully
Note: Transient op started
Note: Transient op finished successfully
Note: Transient op started
Note: Transient op finished successfully
Note: Transient op started
Note: Transient op finished successfully
Note: Transient op started
Note: Transient op finished successfully
Note: Transient op started
Note: Transient op finished successfully
Note: Transient op started
Note: Transient op finished successfully
Note: Transient op started
Note: Transient op finished successfully
Note: Transient op started
Note: Transient op started
Note: Transient op finished successfully
Note: Transient op finished successfully
Note: Transient op started
Note: Transient op finished successfully
Note: Transient op started
Note: Transient op finished successfully
Note: Transient op started
Note: Transient op finished successfully
Note: Transient op started
Note: Transient op finished successfully
Note: Transient op started
Note: Transient op finished successfully
Note: Transient op started
Note: Transient op finished successfully
Note: Transient op started
Note: Transient op finished successfully
Note: Transient op started
Note: Transient op finished successfully
Note: Transient op started
Note: Transient op finished successfully
Note: Transient op started
Note: Transient op started
Note: Transient op finished successfully
Note: Transient op finished successfully
Note: Transient op started
Note: Transient op started
Note: Transient op finished successfully
Note: Transient op finished successfully
Note: Transient op started
Note: Transient op finished successfully
Note: Transient op started
Note: Transient op finished successfully
Note: Transient op started
Note: Transient op finished successfully
Note: Transient op started
Note: Transient op finished successfully
Note: Transient op started
Note: Transient op finished successfully
Note: Transient op started
Note: Transient op finished successfully
Note: Transient op started
Note: Transient op finished successfully
Note: Transient op started
Note: Transient op finished successfully
Note: Transient op started
Note: Transient op finished successfully
Note: Transient op started
Note: Transient op finished successfully
Note: Transient op started
Note: Transient op finished successfully
Note: Transient op started
Note: Transient op finished successfully
Note: Transient op started
Note: Transient op finished successfully
Note: Transient op started
Note: Transient op finished successfully
Note: Transient op started
Note: Transient op finished successfully
Note: Transient op started
Note: Transient op finished successfully
Note: Transient op started
Note: Transient op finished successfully
Note: Transient op started
Note: Transient op started
Note: Transient op finished successfully
Note: Transient op finished successfully
Note: Transient op started
Note: Transient op finished successfully
Note: Transient op started
Note: Transient op finished successfully
Note: Transient op started
Note: Transient op started
Note: Transient op finished successfully
Note: Transient op finished successfully
Note: Transient op started
Note: Transient op started
Note: Transient op finished successfully
Note: Transient op finished successfully
Note: Transient op started
Note: Transient op finished successfully
Note: Transient op started
Note: Transient op finished successfully
Note: Transient op started
Note: Transient op started
Note: Transient op finished successfully
Note: Transient op finished successfully
Note: Transient op started
Note: Transient op finished successfully
Note: Transient op started
Note: Transient op finished successfully
Note: Transient op started
Note: Transient op finished successfully
Note: Transient op started
Note: Transient op finished successfully
Note: Transient op started
Note: Transient op started
Note: Transient op finished successfully
Note: Transient op finished successfully
Note: Transient op started
Note: Transient op started
Note: Transient op finished successfully
Note: Transient op finished successfully
Note: Transient op started
Note: Transient op finished successfully
Note: Transient op started
Note: Transient op finished successfully
Note: Transient op started
Note: Transient op finished successfully
Note: Transient op started
Note: Transient op finished successfully
Note: Transient op started
Note: Transient op finished successfully
Note: Transient op started
Note: Transient op finished successfully
Note: Transient op started
Note: Transient op finished successfully
Note: Transient op started
Note: Transient op finished successfully
Note: Transient op started
Note: Transient op finished successfully
Note: Transient op started
Note: Transient op finished successfully
Note: Transient op started
Note: Transient op finished successfully
Note: Transient op started
Note: Transient op finished successfully
Note: Transient op started
Note: Transient op finished successfully
Note: Transient op started
Note: Transient op finished successfully
Note: Transient op started
Note: Transient op finished successfully
Note: Transient op started
Note: Transient op finished successfully
Note: Transient op started
Note: Transient op finished successfully
Note: Transient op started
Note: Transient op finished successfully
Note: Transient op started
Note: Transient op finished successfully
Note: Transient op started
Note: Transient op finished successfully
Note: Transient op started
Note: Transient op finished successfully
Note: Transient op started
Note: Transient op finished successfully
Note: Transient op started
Note: Transient op finished successfully
Note: Transient op started
Note: Transient op finished successfully
Note: Transient op started
Note: Transient op finished successfully
Note: Transient op started
Note: Transient op finished successfully
Note: Transient op started
Note: Transient op finished successfully
Note: Transient op started
Note: Transient op finished successfully
Note: Transient op started
Note: Transient op finished successfully
Note: Transient op started
Note: Transient op finished successfully
Note: Transient op started
Note: Transient op finished successfully
Note: Transient op started
Note: Transient op finished successfully
Note: Transient op started
Note: Transient op finished successfully
Note: Transient op started
Note: Transient op finished successfully
Note: Transient op started
Note: Transient op started
Note: Transient op finished successfully
Note: Transient op finished successfully
Note: Transient op started
Note: Transient op finished successfully
Note: Transient op started
Note: Transient op finished successfully
Note: Transient op started
Note: Transient op finished successfully
Note: Transient op started
Note: Transient op finished successfully
Note: Transient op started
Note: Transient op finished successfully
Note: Transient op started
Note: Transient op finished successfully
Note: Transient op started
Note: Transient op finished successfully
Note: Transient op started
Note: Transient op finished successfully
Note: Transient op started
Note: Transient op finished successfully
Note: Transient op started
Note: Transient op finished successfully
Note: Transient op started
Note: Transient op finished successfully
Note: Transient op started
Note: Transient op finished successfully
Note: Transient op started
Note: Transient op finished successfully
Note: Transient op started
Note: Transient op finished successfully
Note: Transient op started
Note: Transient op finished successfully
Note: Transient op started
Note: Transient op finished successfully
-----------------------------------------
| time/                   |             |
|    fps                  | 8           |
|    iterations           | 11          |
|    time_elapsed         | 1293        |
|    total_timesteps      | 11264       |
| train/                  |             |
|    approx_kl            | 0.012571119 |
|    clip_fraction        | 0.124       |
|    clip_range           | 0.2         |
|    entropy_loss         | -8.37       |
|    explained_variance   | 0.00424     |
|    learning_rate        | 0.0003      |
|    loss                 | 68.5        |
|    n_updates            | 100         |
|    policy_gradient_loss | -0.0216     |
|    std                  | 0.977       |
|    value_loss           | 138         |
-----------------------------------------
Note: Transient op started
Note: Transient op finished successfully
Note: Transient op started
Note: Transient op finished successfully
Note: Transient op started
Note: Transient op finished successfully
Note: Transient op started
Note: Transient op finished successfully
Note: Transient op started
Note: Transient op started
Note: Transient op finished successfully
Note: Transient op finished successfully
Note: Transient op started
Note: Transient op finished successfully
Note: Transient op started
Note: Transient op finished successfully
Note: Transient op started
Note: Transient op finished successfully
Note: Transient op started
Note: Transient op finished successfully
Note: Transient op started
Note: Transient op finished successfully
Note: Transient op started
Note: Transient op finished successfully
Note: Transient op started
Note: Transient op finished successfully
Note: Transient op started
Note: Transient op finished successfully
Note: Transient op started
Note: Transient op finished successfully
Note: Transient op started
Note: Transient op finished successfully
Note: Transient op started
Note: Transient op finished successfully
Note: Transient op started
Note: Transient op finished successfully
Note: Transient op started
Note: Transient op finished successfully
Note: Transient op started
Note: Transient op finished successfully
Note: Transient op started
Note: Transient op finished successfully
Note: Transient op started
Note: Transient op finished successfully
Note: Transient op started
Note: Transient op finished successfully
Note: Transient op started
Note: Transient op finished successfully
Note: Transient op started
Note: Transient op finished successfully
Note: Transient op started
Note: Transient op finished successfully
Note: Transient op started
Note: Transient op finished successfully
Note: Transient op started
Note: Transient op started
Note: Transient op started
Note: Transient op finished successfully
Note: Transient op finished successfully
Note: Transient op finished successfully
Note: Transient op started
Note: Transient op started
Note: Transient op finished successfully
Note: Transient op finished successfully
Note: Transient op started
Note: Transient op finished successfully
Note: Transient op started
Note: Transient op started
Note: Transient op finished successfully
Note: Transient op finished successfully
Note: Transient op started
Note: Transient op finished successfully
Note: Transient op started
Note: Transient op finished successfully
Note: Transient op started
Note: Transient op finished successfully
Note: Transient op started
Note: Transient op finished successfully
Note: Transient op started
Note: Transient op finished successfully
Note: Transient op started
Note: Transient op finished successfully
Note: Transient op started
Note: Transient op finished successfully
Note: Transient op started
Note: Transient op finished successfully
Note: Transient op started
Note: Transient op finished successfully
Note: Transient op started
Note: Transient op finished successfully
Note: Transient op started
Note: Transient op finished successfully
Note: Transient op started
Note: Transient op finished successfully
Note: Transient op started
Note: Transient op finished successfully
Note: Transient op started
Note: Transient op finished successfully
Note: Transient op started
Note: Transient op finished successfully
Note: Transient op started
Note: Transient op finished successfully
Note: Transient op started
Note: Transient op finished successfully
Note: Transient op started
Note: Transient op finished successfully
Note: Transient op started
Note: Transient op finished successfully
Note: Transient op started
Note: Transient op finished successfully
Note: Transient op started
Note: Transient op finished successfully
Note: Transient op started
Note: Transient op finished successfully
Note: Transient op started
Note: Transient op finished successfully
Note: Transient op started
Note: Transient op finished successfully
Note: Transient op started
Note: Transient op finished successfully
Note: Transient op started
Note: Transient op finished successfully
Note: Transient op started
Note: Transient op finished successfully
Note: Transient op started
Note: Transient op finished successfully
Note: Transient op started
Note: Transient op finished successfully
Note: Transient op started
Note: Transient op finished successfully
Note: Transient op started
Note: Transient op finished successfully
Note: Transient op started
Note: Transient op finished successfully
Note: Transient op started
Note: Transient op finished successfully
Note: Transient op started
Note: Transient op finished successfully
Note: Transient op started
Note: Transient op finished successfully
Note: Transient op started
Note: Transient op finished successfully
Note: Transient op started
Note: Transient op finished successfully
Note: Transient op started
Note: Transient op finished successfully
Note: Transient op started
Note: Transient op finished successfully
Note: Transient op started
Note: Transient op finished successfully
Note: Transient op started
Note: Transient op finished successfully
Note: Transient op started
Note: Transient op finished successfully
Note: Transient op started
Note: Transient op finished successfully
Note: Transient op started
Note: Transient op finished successfully
Note: Transient op started
Note: Transient op finished successfully
Note: Transient op started
Note: Transient op finished successfully
Note: Transient op started
Note: Transient op finished successfully
Note: Transient op started
Note: Transient op finished successfully
Note: Transient op started
Note: Transient op finished successfully
Note: Transient op started
Note: Transient op started
Note: Transient op started
Note: Transient op finished successfully
Note: Transient op finished successfully
Note: Transient op finished successfully
Note: Transient op started
Note: Transient op finished successfully
Note: Transient op started
Note: Transient op started
Note: Transient op finished successfully
Note: Transient op finished successfully
Note: Transient op started
Note: Transient op started
Note: Transient op finished successfully
Note: Transient op finished successfully
Note: Transient op started
Note: Transient op finished successfully
Note: Transient op started
Note: Transient op finished successfully
Note: Transient op started
Note: Transient op finished successfully
Note: Transient op started
Note: Transient op finished successfully
Note: Transient op started
Note: Transient op finished successfully
Note: Transient op started
Note: Transient op finished successfully
Note: Transient op started
Note: Transient op finished successfully
Note: Transient op started
Note: Transient op finished successfully
Note: Transient op started
Note: Transient op finished successfully
Note: Transient op started
Note: Transient op finished successfully
Note: Transient op started
Note: Transient op finished successfully
Note: Transient op started
Note: Transient op finished successfully
Note: Transient op started
Note: Transient op finished successfully
Note: Transient op started
Note: Transient op started
Note: Transient op finished successfully
Note: Transient op finished successfully
Note: Transient op started
Note: Transient op finished successfully
Note: Transient op started
Note: Transient op finished successfully
Note: Transient op started
Note: Transient op finished successfully
Note: Transient op started
Note: Transient op finished successfully
Note: Transient op started
Note: Transient op finished successfully
Note: Transient op started
Note: Transient op finished successfully
Note: Transient op started
Note: Transient op finished successfully
Note: Transient op started
Note: Transient op finished successfully
Note: Transient op started
Note: Transient op started
Note: Transient op finished successfully
Note: Transient op finished successfully
Note: Transient op started
Note: Transient op started
Note: Transient op started
Note: Transient op finished successfully
Note: Transient op finished successfully
Note: Transient op finished successfully
Note: Transient op started
Note: Transient op started
Note: Transient op started
Note: Transient op finished successfully
Note: Transient op finished successfully
Note: Transient op finished successfully
Note: Transient op started
Note: Transient op finished successfully
Note: Transient op started
Note: Transient op finished successfully
Note: Transient op started
Note: Transient op finished successfully
Note: Transient op started
Note: Transient op finished successfully
Note: Transient op started
Note: Transient op started
Note: Transient op finished successfully
Note: Transient op finished successfully
Note: Transient op started
Note: Transient op finished successfully
Note: Transient op started
Note: Transient op finished successfully
Note: Transient op started
Note: Transient op finished successfully
Note: Transient op started
Note: Transient op finished successfully
Note: Transient op started
Note: Transient op finished successfully
Note: Transient op started
Note: Transient op finished successfully
Note: Transient op started
Note: Transient op finished successfully
Note: Transient op started
Note: Transient op finished successfully
Note: Transient op started
Note: Transient op finished successfully
Note: Transient op started
Note: Transient op started
Note: Transient op finished successfully
Note: Transient op finished successfully
Note: Transient op started
Note: Transient op finished successfully
Note: Transient op started
Note: Transient op finished successfully
Note: Transient op started
Note: Transient op finished successfully
Note: Transient op started
Note: Transient op finished successfully
Note: Transient op started
Note: Transient op finished successfully
Note: Transient op started
Note: Transient op finished successfully
Note: Transient op started
Note: Transient op finished successfully
Note: Transient op started
Note: Transient op finished successfully
Note: Transient op started
Note: Transient op finished successfully
Note: Transient op started
Note: Transient op finished successfully
Note: Transient op started
Note: Transient op finished successfully
Note: Transient op started
Note: Transient op finished successfully
Note: Transient op started
Note: Transient op finished successfully
Note: Transient op started
Note: Transient op finished successfully
Note: Transient op started
Note: Transient op finished successfully
Note: Transient op started
Note: Transient op finished successfully
Note: Transient op started
Note: Transient op finished successfully
Note: Transient op started
Note: Transient op finished successfully
Note: Transient op started
Note: Transient op finished successfully
Note: Transient op started
Note: Transient op finished successfully
Note: Transient op started
Note: Transient op finished successfully
Note: Transient op started
Note: Transient op finished successfully
Note: Transient op started
Note: Transient op finished successfully
Note: Transient op started
Note: Transient op finished successfully
Note: Transient op started
Note: Transient op finished successfully
Note: Transient op started
Note: Transient op finished successfully
Note: Transient op started
Note: Transient op finished successfully
Note: Transient op started
Note: Transient op finished successfully
Note: Transient op started
Note: Transient op finished successfully
Note: Transient op started
Note: Transient op finished successfully
Note: Transient op started
Note: Transient op finished successfully
Note: Transient op started
Note: Transient op started
Note: Transient op finished successfully
Note: Transient op finished successfully
Note: Transient op started
Note: Transient op finished successfully
Note: Transient op started
Note: Transient op finished successfully
Note: Transient op started
Note: Transient op started
Note: Transient op finished successfully
Note: Transient op finished successfully
Note: Transient op started
Note: Transient op finished successfully
Note: Transient op started
Note: Transient op finished successfully
Note: Transient op started
Note: Transient op finished successfully
Note: Transient op started
Note: Transient op finished successfully
Note: Transient op started
Note: Transient op finished successfully
Note: Transient op started
Note: Transient op finished successfully
Note: Transient op started
Note: Transient op finished successfully
Note: Transient op started
Note: Transient op finished successfully
Note: Transient op started
Note: Transient op finished successfully
Note: Transient op started
Note: Transient op finished successfully
Note: Transient op started
Note: Transient op finished successfully
Note: Transient op started
Note: Transient op finished successfully
Note: Transient op started
Note: Transient op finished successfully
Note: Transient op started
Note: Transient op finished successfully
Note: Transient op started
Note: Transient op finished successfully
Note: Transient op started
Note: Transient op finished successfully
Note: Transient op started
Note: Transient op finished successfully
Note: Transient op started
Note: Transient op finished successfully
Note: Transient op started
Note: Transient op finished successfully
Note: Transient op started
Note: Transient op finished successfully
Note: Transient op started
Note: Transient op finished successfully
Note: Transient op started
Note: Transient op finished successfully
Note: Transient op started
Note: Transient op finished successfully
Note: Transient op started
Note: Transient op finished successfully
Note: Transient op started
Note: Transient op started
Note: Transient op started
Note: Transient op finished successfully
Note: Transient op finished successfully
Note: Transient op finished successfully
Note: Transient op started
Note: Transient op finished successfully
Note: Transient op started
Note: Transient op finished successfully
Note: Transient op started
Note: Transient op finished successfully
Note: Transient op started
Note: Transient op finished successfully
Note: Transient op started
Note: Transient op finished successfully
Note: Transient op started
Note: Transient op finished successfully
Note: Transient op started
Note: Transient op started
Note: Transient op finished successfully
Note: Transient op finished successfully
Note: Transient op started
Note: Transient op finished successfully
Note: Transient op started
Note: Transient op finished successfully
Note: Transient op started
Note: Transient op finished successfully
Note: Transient op started
Note: Transient op finished successfully
Note: Transient op started
Note: Transient op finished successfully
Note: Transient op started
Note: Transient op finished successfully
Note: Transient op started
Note: Transient op started
Note: Transient op finished successfully
Note: Transient op finished successfully
Note: Transient op started
Note: Transient op finished successfully
Note: Transient op started
Note: Transient op finished successfully
Note: Transient op started
Note: Transient op finished successfully
Note: Transient op started
Note: Transient op finished successfully
Note: Transient op started
Note: Transient op finished successfully
Note: Transient op started
Note: Transient op finished successfully
Note: Transient op started
Note: Transient op finished successfully
Note: Transient op started
Note: Transient op finished successfully
Note: Transient op started
Note: Transient op finished successfully
Note: Transient op started
Note: Transient op finished successfully
Note: Transient op started
Note: Transient op finished successfully
Note: Transient op started
Note: Transient op finished successfully
Note: Transient op started
Note: Transient op finished successfully
Note: Transient op started
Note: Transient op finished successfully
Note: Transient op started
Note: Transient op started
Note: Transient op finished successfully
Note: Transient op finished successfully
Note: Transient op started
Note: Transient op finished successfully
Note: Transient op started
Note: Transient op finished successfully
Note: Transient op started
Note: Transient op finished successfully
Note: Transient op started
Note: Transient op finished successfully
Note: Transient op started
Note: Transient op finished successfully
Note: Transient op started
Note: Transient op finished successfully
Note: Transient op started
Note: Transient op finished successfully
Note: Transient op started
Note: Transient op finished successfully
Note: Transient op started
Note: Transient op finished successfully
Note: Transient op started
Note: Transient op finished successfully
Note: Transient op started
Note: Transient op finished successfully
Note: Transient op started
Note: Transient op finished successfully
Note: Transient op started
Note: Transient op finished successfully
Note: Transient op started
Note: Transient op finished successfully
Note: Transient op started
Note: Transient op finished successfully
Note: Transient op started
Note: Transient op finished successfully
Note: Transient op started
Note: Transient op finished successfully
Note: Transient op started
Note: Transient op finished successfully
Note: Transient op started
Note: Transient op finished successfully
Note: Transient op started
Note: Transient op finished successfully
Note: Transient op started
Note: Transient op finished successfully
Note: Transient op started
Note: Transient op finished successfully
Note: Transient op started
Note: Transient op finished successfully
Note: Transient op started
Note: Transient op finished successfully
Note: Transient op started
Note: Transient op finished successfully
Note: Transient op started
Note: Transient op finished successfully
Note: Transient op started
Note: Transient op finished successfully
Note: Transient op started
Note: Transient op finished successfully
Note: Transient op started
Note: Transient op finished successfully
Note: Transient op started
Note: Transient op finished successfully
Note: Transient op started
Note: Transient op finished successfully
Note: Transient op started
Note: Transient op finished successfully
Note: Transient op started
Note: Transient op finished successfully
Note: Transient op started
Note: Transient op finished successfully
Note: Transient op started
Note: Transient op finished successfully
Note: Transient op started
Note: Transient op finished successfully
Note: Transient op started
Note: Transient op finished successfully
Note: Transient op started
Note: Transient op finished successfully
Note: Transient op started
Note: Transient op finished successfully
Note: Transient op started
Note: Transient op finished successfully
Note: Transient op started
Note: Transient op finished successfully
Note: Transient op started
Note: Transient op finished successfully
Note: Transient op started
Note: Transient op finished successfully
Note: Transient op started
Note: Transient op started
Note: Transient op finished successfully
Note: Transient op finished successfully
Note: Transient op started
Note: Transient op started
Note: Transient op finished successfully
Note: Transient op finished successfully
Note: Transient op started
Note: Transient op started
Note: Transient op finished successfully
Note: Transient op finished successfully
Note: Transient op started
Note: Transient op finished successfully
Note: Transient op started
Note: Transient op finished successfully
Note: Transient op started
Note: Transient op finished successfully
Note: Transient op started
Note: Transient op finished successfully
Note: Transient op started
Note: Transient op finished successfully
Note: Transient op started
Note: Transient op finished successfully
Note: Transient op started
Note: Transient op finished successfully
Note: Transient op started
Note: Transient op finished successfully
Note: Transient op started
Note: Transient op finished successfully
Note: Transient op started
Note: Transient op finished successfully
Note: Transient op started
Note: Transient op finished successfully
Note: Transient op started
Note: Transient op finished successfully
Note: Transient op started
Note: Transient op finished successfully
Note: Transient op started
Note: Transient op finished successfully
Note: Transient op started
Note: Transient op finished successfully
Note: Transient op started
Note: Transient op finished successfully
Note: Transient op started
Note: Transient op finished successfully
Note: Transient op started
Note: Transient op finished successfully
Note: Transient op started
Note: Transient op finished successfully
Note: Transient op started
Note: Transient op finished successfully
Note: Transient op started
Note: Transient op finished successfully
Note: Transient op started
Note: Transient op finished successfully
Note: Transient op started
Note: Transient op finished successfully
Note: Transient op started
Note: Transient op finished successfully
Note: Transient op started
Note: Transient op finished successfully
Note: Transient op started
Note: Transient op finished successfully
Note: Transient op started
Note: Transient op finished successfully
Note: Transient op started
Note: Transient op finished successfully
Note: Transient op started
Note: Transient op finished successfully
Note: Transient op started
Note: Transient op finished successfully
Note: Transient op started
Note: Transient op finished successfully
Note: Transient op started
Note: Transient op started
Note: Transient op finished successfully
Note: Transient op finished successfully
Note: Transient op started
Note: Transient op finished successfully
Note: Transient op started
Note: Transient op finished successfully
Note: Transient op started
Note: Transient op finished successfully
Note: Transient op started
Note: Transient op finished successfully
Note: Transient op started
Note: Transient op finished successfully
Note: Transient op started
Note: Transient op finished successfully
Note: Transient op started
Note: Transient op finished successfully
Note: Transient op started
Note: Transient op finished successfully
Note: Transient op started
Note: Transient op finished successfully
Note: Transient op started
Note: Transient op finished successfully
Note: Transient op started
Note: Transient op finished successfully
Note: Transient op started
Note: Transient op finished successfully
Note: Transient op started
Note: Transient op finished successfully
Note: Transient op started
Note: Transient op finished successfully
Note: Transient op started
Note: Transient op finished successfully
Note: Transient op started
Note: Transient op finished successfully
Note: Transient op started
Note: Transient op finished successfully
Note: Transient op started
Note: Transient op finished successfully
-----------------------------------------
| time/                   |             |
|    fps                  | 8           |
|    iterations           | 12          |
|    time_elapsed         | 1477        |
|    total_timesteps      | 12288       |
| train/                  |             |
|    approx_kl            | 0.013897979 |
|    clip_fraction        | 0.107       |
|    clip_range           | 0.2         |
|    entropy_loss         | -8.36       |
|    explained_variance   | -0.0199     |
|    learning_rate        | 0.0003      |
|    loss                 | 70          |
|    n_updates            | 110         |
|    policy_gradient_loss | -0.0196     |
|    std                  | 0.975       |
|    value_loss           | 137         |
-----------------------------------------
Note: Transient op started
Note: Transient op finished successfully
Note: Transient op started
Note: Transient op finished successfully
Note: Transient op started
Note: Transient op started
Note: Transient op finished successfully
Note: Transient op finished successfully
Note: Transient op started
Note: Transient op finished successfully
Note: Transient op started
Note: Transient op finished successfully
Note: Transient op started
Note: Transient op finished successfully
Note: Transient op started
Note: Transient op finished successfully
Note: Transient op started
Note: Transient op finished successfully
Note: Transient op started
Note: Transient op finished successfully
Note: Transient op started
Note: Transient op finished successfully
Note: Transient op started
Note: Transient op finished successfully
Note: Transient op started
Note: Transient op finished successfully
Note: Transient op started
Note: Transient op finished successfully
Note: Transient op started
Note: Transient op finished successfully
Note: Transient op started
Note: Transient op finished successfully
Note: Transient op started
Note: Transient op finished successfully
Note: Transient op started
Note: Transient op finished successfully
Note: Transient op started
Note: Transient op finished successfully
Note: Transient op started
Note: Transient op finished successfully
Note: Transient op started
Note: Transient op finished successfully
Note: Transient op started
Note: Transient op finished successfully
Note: Transient op started
Note: Transient op finished successfully
Note: Transient op started
Note: Transient op finished successfully
Note: Transient op started
Note: Transient op finished successfully
Note: Transient op started
Note: Transient op finished successfully
Note: Transient op started
Note: Transient op finished successfully
Note: Transient op started
Note: Transient op started
Note: Transient op finished successfully
Note: Transient op finished successfully
Note: Transient op started
Note: Transient op started
Note: Transient op finished successfully
Note: Transient op finished successfully
Note: Transient op started
Note: Transient op finished successfully
Note: Transient op started
Note: Transient op finished successfully
Note: Transient op started
Note: Transient op finished successfully
Note: Transient op started
Note: Transient op finished successfully
Note: Transient op started
Note: Transient op finished successfully
Note: Transient op started
Note: Transient op finished successfully
Note: Transient op started
Note: Transient op finished successfully
Note: Transient op started
Note: Transient op finished successfully
Note: Transient op started
Note: Transient op finished successfully
Note: Transient op started
Note: Transient op finished successfully
Note: Transient op started
Note: Transient op finished successfully
Note: Transient op started
Note: Transient op finished successfully
Note: Transient op started
Note: Transient op finished successfully
Note: Transient op started
Note: Transient op finished successfully
Note: Transient op started
Note: Transient op finished successfully
Note: Transient op started
Note: Transient op finished successfully
Note: Transient op started
Note: Transient op finished successfully
Note: Transient op started
Note: Transient op finished successfully
Note: Transient op started
Note: Transient op finished successfully
Note: Transient op started
Note: Transient op finished successfully
Note: Transient op started
Note: Transient op finished successfully
Note: Transient op started
Note: Transient op finished successfully
Note: Transient op started
Note: Transient op finished successfully
Note: Transient op started
Note: Transient op started
Note: Transient op finished successfully
Note: Transient op finished successfully
Note: Transient op started
Note: Transient op finished successfully
Note: Transient op started
Note: Transient op finished successfully
Note: Transient op started
Note: Transient op finished successfully
Note: Transient op started
Note: Transient op finished successfully
Note: Transient op started
Note: Transient op finished successfully
Note: Transient op started
Note: Transient op finished successfully
Note: Transient op started
Note: Transient op finished successfully
Note: Transient op started
Note: Transient op finished successfully
Note: Transient op started
Note: Transient op finished successfully
Note: Transient op started
Note: Transient op finished successfully
Note: Transient op started
Note: Transient op finished successfully
Note: Transient op started
Note: Transient op finished successfully
Note: Transient op started
Note: Transient op finished successfully
Note: Transient op started
Note: Transient op finished successfully
Note: Transient op started
Note: Transient op finished successfully
Note: Transient op started
Note: Transient op finished successfully
Note: Transient op started
Note: Transient op finished successfully
Note: Transient op started
Note: Transient op finished successfully
Note: Transient op started
Note: Transient op finished successfully
Note: Transient op started
Note: Transient op finished successfully
Note: Transient op started
Note: Transient op finished successfully
Note: Transient op started
Note: Transient op finished successfully
Note: Transient op started
Note: Transient op finished successfully
Note: Transient op started
Note: Transient op finished successfully
Note: Transient op started
Note: Transient op finished successfully
Note: Transient op started
Note: Transient op finished successfully
Note: Transient op started
Note: Transient op finished successfully
Note: Transient op started
Note: Transient op finished successfully
Note: Transient op started
Note: Transient op finished successfully
Note: Transient op started
Note: Transient op finished successfully
Note: Transient op started
Note: Transient op finished successfully
Note: Transient op started
Note: Transient op started
Note: Transient op finished successfully
Note: Transient op finished successfully
Note: Transient op started
Note: Transient op finished successfully
Note: Transient op started
Note: Transient op finished successfully
Note: Transient op started
Note: Transient op finished successfully
Note: Transient op started
Note: Transient op finished successfully
Note: Transient op started
Note: Transient op finished successfully
Note: Transient op started
Note: Transient op finished successfully
Note: Transient op started
Note: Transient op finished successfully
Note: Transient op started
Note: Transient op finished successfully
Note: Transient op started
Note: Transient op finished successfully
Note: Transient op started
Note: Transient op finished successfully
Note: Transient op started
Note: Transient op finished successfully
Note: Transient op started
Note: Transient op finished successfully
Note: Transient op started
Note: Transient op finished successfully
Note: Transient op started
Note: Transient op started
Note: Transient op finished successfully
Note: Transient op finished successfully
Note: Transient op started
Note: Transient op finished successfully
Note: Transient op started
Note: Transient op finished successfully
Note: Transient op started
Note: Transient op finished successfully
Note: Transient op started
Note: Transient op finished successfully
Note: Transient op started
Note: Transient op finished successfully
Note: Transient op started
Note: Transient op finished successfully
Note: Transient op started
Note: Transient op finished successfully
Note: Transient op started
Note: Transient op finished successfully
Note: Transient op started
Note: Transient op finished successfully
Note: Transient op started
Note: Transient op finished successfully
Note: Transient op started
Note: Transient op finished successfully
Note: Transient op started
Note: Transient op finished successfully
Note: Transient op started
Note: Transient op finished successfully
Note: Transient op started
Note: Transient op finished successfully
Note: Transient op started
Note: Transient op finished successfully
Note: Transient op started
Note: Transient op finished successfully
Note: Transient op started
Note: Transient op finished successfully
Note: Transient op started
Note: Transient op finished successfully
Note: Transient op started
Note: Transient op finished successfully
Note: Transient op started
Note: Transient op finished successfully
Note: Transient op started
Note: Transient op finished successfully
Note: Transient op started
Note: Transient op finished successfully
Note: Transient op started
Note: Transient op finished successfully
Note: Transient op started
Note: Transient op finished successfully
Note: Transient op started
Note: Transient op finished successfully
Note: Transient op started
Note: Transient op finished successfully
Note: Transient op started
Note: Transient op finished successfully
Note: Transient op started
Note: Transient op finished successfully
Note: Transient op started
Note: Transient op finished successfully
Note: Transient op started
Note: Transient op finished successfully
Note: Transient op started
Note: Transient op finished successfully
Note: Transient op started
Note: Transient op finished successfully
Note: Transient op started
Note: Transient op finished successfully
Note: Transient op started
Note: Transient op finished successfully
Note: Transient op started
Note: Transient op finished successfully
Note: Transient op started
Note: Transient op finished successfully
Note: Transient op started
Note: Transient op finished successfully
Note: Transient op started
Note: Transient op finished successfully
Note: Transient op started
Note: Transient op finished successfully
Note: Transient op started
Note: Transient op finished successfully
Note: Transient op started
Note: Transient op finished successfully
Note: Transient op started
Note: Transient op finished successfully
Note: Transient op started
Note: Transient op finished successfully
Note: Transient op started
Note: Transient op finished successfully
Note: Transient op started
Note: Transient op finished successfully
Note: Transient op started
Note: Transient op finished successfully
Note: Transient op started
Note: Transient op finished successfully
Note: Transient op started
Note: Transient op finished successfully
Note: Transient op started
Note: Transient op finished successfully
Note: Transient op started
Note: Transient op finished successfully
Note: Transient op started
Note: Transient op finished successfully
Note: Transient op started
Note: Transient op finished successfully
Note: Transient op started
Note: Transient op finished successfully
Note: Transient op started
Note: Transient op finished successfully
Note: Transient op started
Note: Transient op finished successfully
Note: Transient op started
Note: Transient op finished successfully
Note: Transient op started
Note: Transient op finished successfully
Note: Transient op started
Note: Transient op finished successfully
Note: Transient op started
Note: Transient op finished successfully
Note: Transient op started
Note: Transient op finished successfully
Note: Transient op started
Note: Transient op finished successfully
Note: Transient op started
Note: Transient op finished successfully
Note: Transient op started
Note: Transient op finished successfully
Note: Transient op started
Note: Transient op finished successfully
Note: Transient op started
Note: Transient op finished successfully
Note: Transient op started
Note: Transient op finished successfully
Note: Transient op started
Note: Transient op finished successfully
Note: Transient op started
Note: Transient op finished successfully
Note: Transient op started
Note: Transient op finished successfully
Note: Transient op started
Note: Transient op finished successfully
Note: Transient op started
Note: Transient op finished successfully
Note: Transient op started
Note: Transient op finished successfully
Note: Transient op started
Note: Transient op finished successfully
Note: Transient op started
Note: Transient op finished successfully
Note: Transient op started
Note: Transient op finished successfully
Note: Transient op started
Note: Transient op finished successfully
Note: Transient op started
Note: Transient op finished successfully
Note: Transient op started
Note: Transient op finished successfully
Note: Transient op started
Note: Transient op finished successfully
Note: Transient op started
Note: Transient op finished successfully
Note: Transient op started
Note: Transient op finished successfully
Note: Transient op started
Note: Transient op finished successfully
Note: Transient op started
Note: Transient op finished successfully
Note: Transient op started
Note: Transient op finished successfully
Note: Transient op started
Note: Transient op finished successfully
Note: Transient op started
Note: Transient op finished successfully
Note: Transient op started
Note: Transient op finished successfully
Note: Transient op started
Note: Transient op finished successfully
Note: Transient op started
Note: Transient op finished successfully
Note: Transient op started
Note: Transient op finished successfully
Note: Transient op started
Note: Transient op finished successfully
Note: Transient op started
Note: Transient op finished successfully
Note: Transient op started
Note: Transient op finished successfully
Note: Transient op started
Note: Transient op finished successfully
Note: Transient op started
Note: Transient op finished successfully
Note: Transient op started
Note: Transient op finished successfully
Note: Transient op started
Note: Transient op finished successfully
Note: Transient op started
Note: Transient op finished successfully
Note: Transient op started
Note: Transient op started
Note: Transient op finished successfully
Note: Transient op finished successfully
Note: Transient op started
Note: Transient op finished successfully
Note: Transient op started
Note: Transient op finished successfully
Note: Transient op started
Note: Transient op finished successfully
Note: Transient op started
Note: Transient op finished successfully
Note: Transient op started
Note: Transient op started
Note: Transient op finished successfully
Note: Transient op finished successfully
Note: Transient op started
Note: Transient op started
Note: Transient op finished successfully
Note: Transient op finished successfully
Note: Transient op started
Note: Transient op finished successfully
Note: Transient op started
Note: Transient op finished successfully
Note: Transient op started
Note: Transient op finished successfully
Note: Transient op started
Note: Transient op finished successfully
Note: Transient op started
Note: Transient op finished successfully
Note: Transient op started
Note: Transient op finished successfully
Note: Transient op started
Note: Transient op finished successfully
Note: Transient op started
Note: Transient op finished successfully
Note: Transient op started
Note: Transient op finished successfully
Note: Transient op started
Note: Transient op finished successfully
Note: Transient op started
Note: Transient op finished successfully
Note: Transient op started
Note: Transient op finished successfully
Note: Transient op started
Note: Transient op finished successfully
Note: Transient op started
Note: Transient op finished successfully
Note: Transient op started
Note: Transient op finished successfully
Note: Transient op started
Note: Transient op finished successfully
Note: Transient op started
Note: Transient op finished successfully
Note: Transient op started
Note: Transient op finished successfully
Note: Transient op started
Note: Transient op finished successfully
Note: Transient op started
Note: Transient op finished successfully
Note: Transient op started
Note: Transient op finished successfully
Note: Transient op started
Note: Transient op finished successfully
Note: Transient op started
Note: Transient op started
Note: Transient op finished successfully
Note: Transient op finished successfully
Note: Transient op started
Note: Transient op finished successfully
Note: Transient op started
Note: Transient op finished successfully
Note: Transient op started
Note: Transient op finished successfully
Note: Transient op started
Note: Transient op finished successfully
Note: Transient op started
Note: Transient op finished successfully
Note: Transient op started
Note: Transient op finished successfully
Note: Transient op started
Note: Transient op finished successfully
Note: Transient op started
Note: Transient op finished successfully
Note: Transient op started
Note: Transient op finished successfully
Note: Transient op started
Note: Transient op finished successfully
Note: Transient op started
Note: Transient op finished successfully
Note: Transient op started
Note: Transient op finished successfully
Note: Transient op started
Note: Transient op finished successfully
Note: Transient op started
Note: Transient op finished successfully
Note: Transient op started
Note: Transient op finished successfully
Note: Transient op started
Note: Transient op finished successfully
Note: Transient op started
Note: Transient op finished successfully
Note: Transient op started
Note: Transient op finished successfully
Note: Transient op started
Note: Transient op finished successfully
Note: Transient op started
Note: Transient op started
Note: Transient op finished successfully
Note: Transient op finished successfully
Note: Transient op started
Note: Transient op finished successfully
Note: Transient op started
Note: Transient op finished successfully
Note: Transient op started
Note: Transient op finished successfully
Note: Transient op started
Note: Transient op finished successfully
Note: Transient op started
Note: Transient op finished successfully
Note: Transient op started
Note: Transient op finished successfully
Note: Transient op started
Note: Transient op finished successfully
Note: Transient op started
Note: Transient op finished successfully
Note: Transient op started
Note: Transient op finished successfully
Note: Transient op started
Note: Transient op finished successfully
Note: Transient op started
Note: Transient op started
Note: Transient op finished successfully
Note: Transient op finished successfully
Note: Transient op started
Note: Transient op finished successfully
Note: Transient op started
Note: Transient op finished successfully
Note: Transient op started
Note: Transient op started
Note: Transient op finished successfully
Note: Transient op finished successfully
Note: Transient op started
Note: Transient op finished successfully
Note: Transient op started
Note: Transient op finished successfully
Note: Transient op started
Note: Transient op finished successfully
Note: Transient op started
Note: Transient op finished successfully
Note: Transient op started
Note: Transient op finished successfully
Note: Transient op started
Note: Transient op finished successfully
Note: Transient op started
Note: Transient op finished successfully
Note: Transient op started
Note: Transient op finished successfully
Note: Transient op started
Note: Transient op finished successfully
Note: Transient op started
Note: Transient op finished successfully
Note: Transient op started
Note: Transient op finished successfully
Note: Transient op started
Note: Transient op finished successfully
Note: Transient op started
Note: Transient op finished successfully
Note: Transient op started
Note: Transient op finished successfully
Note: Transient op started
Note: Transient op finished successfully
------------------------------------------
| time/                   |              |
|    fps                  | 7            |
|    iterations           | 13           |
|    time_elapsed         | 1674         |
|    total_timesteps      | 13312        |
| train/                  |              |
|    approx_kl            | 0.0092198625 |
|    clip_fraction        | 0.057        |
|    clip_range           | 0.2          |
|    entropy_loss         | -8.36        |
|    explained_variance   | -0.00794     |
|    learning_rate        | 0.0003       |
|    loss                 | 53           |
|    n_updates            | 120          |
|    policy_gradient_loss | -0.014       |
|    std                  | 0.974        |
|    value_loss           | 125          |
------------------------------------------
Note: Transient op started
Note: Transient op finished successfully
Note: Transient op started
Note: Transient op finished successfully
Note: Transient op started
Note: Transient op finished successfully
Note: Transient op started
Note: Transient op finished successfully
Note: Transient op started
Note: Transient op finished successfully
Note: Transient op started
Note: Transient op finished successfully
Note: Transient op started
Note: Transient op started
Note: Transient op finished successfully
Note: Transient op finished successfully
Note: Transient op started
Note: Transient op finished successfully
Note: Transient op started
Note: Transient op finished successfully
Note: Transient op started
Note: Transient op finished successfully
Note: Transient op started
Note: Transient op finished successfully
Note: Transient op started
Note: Transient op finished successfully
Note: Transient op started
Note: Transient op finished successfully
Note: Transient op started
Note: Transient op finished successfully
Note: Transient op started
Note: Transient op finished successfully
Note: Transient op started
Note: Transient op finished successfully
Note: Transient op started
Note: Transient op started
Note: Transient op finished successfully
Note: Transient op finished successfully
Note: Transient op started
Note: Transient op started
Note: Transient op finished successfully
Note: Transient op finished successfully
Note: Transient op started
Note: Transient op finished successfully
Note: Transient op started
Note: Transient op finished successfully
Note: Transient op started
Note: Transient op finished successfully
Note: Transient op started
Note: Transient op finished successfully
Note: Transient op started
Note: Transient op finished successfully
Note: Transient op started
Note: Transient op finished successfully
Note: Transient op started
Note: Transient op finished successfully
Note: Transient op started
Note: Transient op finished successfully
Note: Transient op started
Note: Transient op finished successfully
Note: Transient op started
Note: Transient op finished successfully
Note: Transient op started
Note: Transient op finished successfully
Note: Transient op started
Note: Transient op finished successfully
Note: Transient op started
Note: Transient op finished successfully
Note: Transient op started
Note: Transient op finished successfully
Note: Transient op started
Note: Transient op finished successfully
Note: Transient op started
Note: Transient op started
Note: Transient op finished successfully
Note: Transient op finished successfully
Note: Transient op started
Note: Transient op started
Note: Transient op finished successfully
Note: Transient op finished successfully
Note: Transient op started
Note: Transient op finished successfully
Note: Transient op started
Note: Transient op finished successfully
Note: Transient op started
Note: Transient op finished successfully
Note: Transient op started
Note: Transient op finished successfully
Note: Transient op started
Note: Transient op finished successfully
Note: Transient op started
Note: Transient op finished successfully
Note: Transient op started
Note: Transient op finished successfully
Note: Transient op started
Note: Transient op finished successfully
Note: Transient op started
Note: Transient op started
Note: Transient op started
Note: Transient op finished successfully
Note: Transient op finished successfully
Note: Transient op finished successfully
Note: Transient op started
Note: Transient op finished successfully
Note: Transient op started
Note: Transient op started
Note: Transient op finished successfully
Note: Transient op finished successfully
Note: Transient op started
Note: Transient op finished successfully
Note: Transient op started
Note: Transient op started
Note: Transient op finished successfully
Note: Transient op finished successfully
Note: Transient op started
Note: Transient op started
Note: Transient op finished successfully
Note: Transient op finished successfully
Note: Transient op started
Note: Transient op finished successfully
Note: Transient op started
Note: Transient op finished successfully
Note: Transient op started
Note: Transient op finished successfully
Note: Transient op started
Note: Transient op finished successfully
Note: Transient op started
Note: Transient op finished successfully
Note: Transient op started
Note: Transient op finished successfully
Note: Transient op started
Note: Transient op finished successfully
Note: Transient op started
Note: Transient op started
Note: Transient op finished successfully
Note: Transient op finished successfully
Note: Transient op started
Note: Transient op finished successfully
Note: Transient op started
Note: Transient op finished successfully
Note: Transient op started
Note: Transient op finished successfully
Note: Transient op started
Note: Transient op finished successfully
Note: Transient op started
Note: Transient op finished successfully
Note: Transient op started
Note: Transient op finished successfully
Note: Transient op started
Note: Transient op finished successfully
Note: Transient op started
Note: Transient op finished successfully
Note: Transient op started
Note: Transient op started
Note: Transient op finished successfully
Note: Transient op finished successfully
Note: Transient op started
Note: Transient op finished successfully
Note: Transient op started
Note: Transient op finished successfully
Note: Transient op started
Note: Transient op finished successfully
Note: Transient op started
Note: Transient op finished successfully
Note: Transient op started
Note: Transient op finished successfully
Note: Transient op started
Note: Transient op finished successfully
Note: Transient op started
Note: Transient op finished successfully
Note: Transient op started
Note: Transient op finished successfully
Note: Transient op started
Note: Transient op finished successfully
Note: Transient op started
Note: Transient op finished successfully
Note: Transient op started
Note: Transient op finished successfully
Note: Transient op started
Note: Transient op finished successfully
Note: Transient op started
Note: Transient op finished successfully
Note: Transient op started
Note: Transient op finished successfully
Note: Transient op started
Note: Transient op finished successfully
Note: Transient op started
Note: Transient op finished successfully
Note: Transient op started
Note: Transient op finished successfully
Note: Transient op started
Note: Transient op finished successfully
Note: Transient op started
Note: Transient op finished successfully
Note: Transient op started
Note: Transient op finished successfully
Note: Transient op started
Note: Transient op finished successfully
Note: Transient op started
Note: Transient op finished successfully
Note: Transient op started
Note: Transient op finished successfully
Note: Transient op started
Note: Transient op finished successfully
Note: Transient op started
Note: Transient op finished successfully
Note: Transient op started
Note: Transient op finished successfully
Note: Transient op started
Note: Transient op finished successfully
Note: Transient op started
Note: Transient op finished successfully
Note: Transient op started
Note: Transient op finished successfully
Note: Transient op started
Note: Transient op finished successfully
Note: Transient op started
Note: Transient op finished successfully
Note: Transient op started
Note: Transient op finished successfully
Note: Transient op started
Note: Transient op finished successfully
Note: Transient op started
Note: Transient op finished successfully
Note: Transient op started
Note: Transient op finished successfully
Note: Transient op started
Note: Transient op finished successfully
Note: Transient op started
Note: Transient op finished successfully
Note: Transient op started
Note: Transient op finished successfully
Note: Transient op started
Note: Transient op finished successfully
Note: Transient op started
Note: Transient op finished successfully
Note: Transient op started
Note: Transient op finished successfully
Note: Transient op started
Note: Transient op finished successfully
Note: Transient op started
Note: Transient op finished successfully
Note: Transient op started
Note: Transient op finished successfully
Note: Transient op started
Note: Transient op finished successfully
Note: Transient op started
Note: Transient op started
Note: Transient op finished successfully
Note: Transient op finished successfully
Note: Transient op started
Note: Transient op finished successfully
Note: Transient op started
Note: Transient op finished successfully
Note: Transient op started
Note: Transient op finished successfully
Note: Transient op started
Note: Transient op finished successfully
Note: Transient op started
Note: Transient op finished successfully
Note: Transient op started
Note: Transient op finished successfully
Note: Transient op started
Note: Transient op finished successfully
Note: Transient op started
Note: Transient op finished successfully
Note: Transient op started
Note: Transient op finished successfully
Note: Transient op started
Note: Transient op finished successfully
Note: Transient op started
Note: Transient op finished successfully
Note: Transient op started
Note: Transient op finished successfully
Note: Transient op started
Note: Transient op finished successfully
Note: Transient op started
Note: Transient op finished successfully
Note: Transient op started
Note: Transient op finished successfully
Note: Transient op started
Note: Transient op finished successfully
Note: Transient op started
Note: Transient op finished successfully
Note: Transient op started
Note: Transient op finished successfully
Note: Transient op started
Note: Transient op finished successfully
Note: Transient op started
Note: Transient op finished successfully
Note: Transient op started
Note: Transient op finished successfully
Note: Transient op started
Note: Transient op finished successfully
Note: Transient op started
Note: Transient op finished successfully
Note: Transient op started
Note: Transient op finished successfully
Note: Transient op started
Note: Transient op finished successfully
Note: Transient op started
Note: Transient op finished successfully
Note: Transient op started
Note: Transient op finished successfully
Note: Transient op started
Note: Transient op finished successfully
Note: Transient op started
Note: Transient op finished successfully
Note: Transient op started
Note: Transient op finished successfully
Note: Transient op started
Note: Transient op finished successfully
Note: Transient op started
Note: Transient op finished successfully
Note: Transient op started
Note: Transient op finished successfully
Note: Transient op started
Note: Transient op finished successfully
Note: Transient op started
Note: Transient op finished successfully
Note: Transient op started
Note: Transient op finished successfully
Note: Transient op started
Note: Transient op finished successfully
Note: Transient op started
Note: Transient op finished successfully
Note: Transient op started
Note: Transient op finished successfully
Note: Transient op started
Note: Transient op finished successfully
Note: Transient op started
Note: Transient op finished successfully
Note: Transient op started
Note: Transient op finished successfully
Note: Transient op started
Note: Transient op finished successfully
Note: Transient op started
Note: Transient op finished successfully
Note: Transient op started
Note: Transient op started
Note: Transient op finished successfully
Note: Transient op started
Note: Transient op finished successfully
Note: Transient op finished successfully
Note: Transient op started
Note: Transient op finished successfully
Note: Transient op started
Note: Transient op started
Note: Transient op finished successfully
Note: Transient op finished successfully
Note: Transient op started
Note: Transient op finished successfully
Note: Transient op started
Note: Transient op finished successfully
Note: Transient op started
Note: Transient op started
Note: Transient op finished successfully
Note: Transient op finished successfully
Note: Transient op started
Note: Transient op finished successfully
Note: Transient op started
Note: Transient op finished successfully
Note: Transient op started
Note: Transient op finished successfully
Note: Transient op started
Note: Transient op finished successfully
Note: Transient op started
Note: Transient op finished successfully
Note: Transient op started
Note: Transient op finished successfully
Note: Transient op started
Note: Transient op finished successfully
Note: Transient op started
Note: Transient op started
Note: Transient op finished successfully
Note: Transient op finished successfully
Note: Transient op started
Note: Transient op finished successfully
Note: Transient op started
Note: Transient op finished successfully
Note: Transient op started
Note: Transient op finished successfully
Note: Transient op started
Note: Transient op finished successfully
Note: Transient op started
Note: Transient op finished successfully
Note: Transient op started
Note: Transient op finished successfully
Note: Transient op started
Note: Transient op finished successfully
Note: Transient op started
Note: Transient op finished successfully
Note: Transient op started
Note: Transient op finished successfully
Note: Transient op started
Note: Transient op finished successfully
Note: Transient op started
Note: Transient op started
Note: Transient op finished successfully
Note: Transient op finished successfully
Note: Transient op started
Note: Transient op finished successfully
Note: Transient op started
Note: Transient op finished successfully
Note: Transient op started
Note: Transient op started
Note: Transient op finished successfully
Note: Transient op finished successfully
Note: Transient op started
Note: Transient op finished successfully
Note: Transient op started
Note: Transient op finished successfully
Note: Transient op started
Note: Transient op started
Note: Transient op finished successfully
Note: Transient op finished successfully
Note: Transient op started
Note: Transient op finished successfully
Note: Transient op started
Note: Transient op started
Note: Transient op finished successfully
Note: Transient op finished successfully
Note: Transient op started
Note: Transient op finished successfully
Note: Transient op started
Note: Transient op finished successfully
Note: Transient op started
Note: Transient op started
Note: Transient op finished successfully
Note: Transient op finished successfully
Note: Transient op started
Note: Transient op finished successfully
Note: Transient op started
Note: Transient op finished successfully
Note: Transient op started
Note: Transient op finished successfully
Note: Transient op started
Note: Transient op finished successfully
Note: Transient op started
Note: Transient op started
Note: Transient op finished successfully
Note: Transient op started
Note: Transient op finished successfully
Note: Transient op finished successfully
Note: Transient op started
Note: Transient op finished successfully
Note: Transient op started
Note: Transient op started
Note: Transient op finished successfully
Note: Transient op finished successfully
Note: Transient op started
Note: Transient op started
Note: Transient op finished successfully
Note: Transient op finished successfully
Note: Transient op started
Note: Transient op started
Note: Transient op finished successfully
Note: Transient op finished successfully
Note: Transient op started
Note: Transient op started
Note: Transient op finished successfully
Note: Transient op finished successfully
Note: Transient op started
Note: Transient op started
Note: Transient op started
Note: Transient op finished successfully
Note: Transient op finished successfully
Note: Transient op finished successfully
Note: Transient op started
Note: Transient op started
Note: Transient op finished successfully
Note: Transient op started
Note: Transient op finished successfully
Note: Transient op finished successfully
Note: Transient op started
Note: Transient op finished successfully
Note: Transient op started
Note: Transient op finished successfully
Note: Transient op started
Note: Transient op finished successfully
Note: Transient op started
Note: Transient op started
Note: Transient op started
Note: Transient op started
Note: Transient op finished successfully
Note: Transient op finished successfully
Note: Transient op finished successfully
Note: Transient op finished successfully
Note: Transient op started
Note: Transient op finished successfully
Note: Transient op started
Note: Transient op started
Note: Transient op finished successfully
Note: Transient op finished successfully
Note: Transient op started
Note: Transient op started
Note: Transient op finished successfully
Note: Transient op finished successfully
Note: Transient op started
Note: Transient op finished successfully
Note: Transient op started
Note: Transient op finished successfully
Note: Transient op started
Note: Transient op finished successfully
Note: Transient op started
Note: Transient op started
Note: Transient op finished successfully
Note: Transient op finished successfully
Note: Transient op started
Note: Transient op finished successfully
Note: Transient op started
Note: Transient op finished successfully
Note: Transient op started
Note: Transient op finished successfully
Note: Transient op started
Note: Transient op finished successfully
Note: Transient op started
Note: Transient op finished successfully
Note: Transient op started
Note: Transient op finished successfully
Note: Transient op started
Note: Transient op finished successfully
Note: Transient op started
Note: Transient op finished successfully
Note: Transient op started
Note: Transient op finished successfully
Note: Transient op started
Note: Transient op finished successfully
Note: Transient op started
Note: Transient op finished successfully
Note: Transient op started
Note: Transient op finished successfully
Note: Transient op started
Note: Transient op finished successfully
Note: Transient op started
Note: Transient op started
Note: Transient op finished successfully
Note: Transient op finished successfully
Note: Transient op started
Note: Transient op finished successfully
Note: Transient op started
Note: Transient op started
Note: Transient op started
Note: Transient op finished successfully
Note: Transient op finished successfully
Note: Transient op finished successfully
Note: Transient op started
Note: Transient op finished successfully
Note: Transient op started
Note: Transient op finished successfully
Note: Transient op started
Note: Transient op finished successfully
Note: Transient op started
Note: Transient op finished successfully
Note: Transient op started
Note: Transient op finished successfully
Note: Transient op started
Note: Transient op finished successfully
Note: Transient op started
Note: Transient op finished successfully
Note: Transient op started
Note: Transient op finished successfully
Note: Transient op started
Note: Transient op finished successfully
Note: Transient op started
Note: Transient op started
Note: Transient op finished successfully
Note: Transient op finished successfully
Note: Transient op started
Note: Transient op finished successfully
Note: Transient op started
Note: Transient op finished successfully
Note: Transient op started
Note: Transient op started
Note: Transient op finished successfully
Note: Transient op finished successfully
Note: Transient op started
Note: Transient op finished successfully
Note: Transient op started
Note: Transient op finished successfully
Note: Transient op started
Note: Transient op finished successfully
Note: Transient op started
Note: Transient op finished successfully
Note: Transient op started
Note: Transient op finished successfully
Note: Transient op started
Note: Transient op finished successfully
Note: Transient op started
Note: Transient op finished successfully
Note: Transient op started
Note: Transient op finished successfully
Note: Transient op started
Note: Transient op finished successfully
Note: Transient op started
Note: Transient op finished successfully
Note: Transient op started
Note: Transient op finished successfully
Note: Transient op started
Note: Transient op finished successfully
Note: Transient op started
Note: Transient op started
Note: Transient op finished successfully
Note: Transient op finished successfully
Note: Transient op started
Note: Transient op finished successfully
Note: Transient op started
Note: Transient op finished successfully
Note: Transient op started
Note: Transient op finished successfully
Note: Transient op started
Note: Transient op finished successfully
Note: Transient op started
Note: Transient op finished successfully
Note: Transient op started
Note: Transient op finished successfully
Note: Transient op started
Note: Transient op finished successfully
Note: Transient op started
Note: Transient op finished successfully
Note: Transient op started
Note: Transient op started
Note: Transient op finished successfully
Note: Transient op finished successfully
Note: Transient op started
Note: Transient op finished successfully
Note: Transient op started
Note: Transient op finished successfully
Note: Transient op started
Note: Transient op finished successfully
Note: Transient op started
Note: Transient op finished successfully
Note: Transient op started
Note: Transient op finished successfully
Note: Transient op started
Note: Transient op finished successfully
Note: Transient op started
Note: Transient op finished successfully
Note: Transient op started
Note: Transient op finished successfully
Note: Transient op started
Note: Transient op finished successfully
Note: Transient op started
Note: Transient op finished successfully
Note: Transient op started
Note: Transient op finished successfully
Note: Transient op started
Note: Transient op finished successfully
Note: Transient op started
Note: Transient op finished successfully
Note: Transient op started
Note: Transient op finished successfully
Note: Transient op started
Note: Transient op finished successfully
Note: Transient op started
Note: Transient op finished successfully
Note: Transient op started
Note: Transient op finished successfully
Note: Transient op started
Note: Transient op finished successfully
Note: Transient op started
Note: Transient op finished successfully
Note: Transient op started
Note: Transient op finished successfully
Note: Transient op started
Note: Transient op finished successfully
Note: Transient op started
Note: Transient op finished successfully
Note: Transient op started
Note: Transient op finished successfully
Note: Transient op started
Note: Transient op finished successfully
Note: Transient op started
Note: Transient op finished successfully
Note: Transient op started
Note: Transient op finished successfully
Note: Transient op started
Note: Transient op finished successfully
Note: Transient op started
Note: Transient op finished successfully
Note: Transient op started
Note: Transient op finished successfully
Note: Transient op started
Note: Transient op finished successfully
Note: Transient op started
Note: Transient op finished successfully
Note: Transient op started
Note: Transient op finished successfully
Note: Transient op started
Note: Transient op finished successfully
Note: Transient op started
Note: Transient op finished successfully
Note: Transient op started
Note: Transient op started
Note: Transient op finished successfully
Note: Transient op finished successfully
Note: Transient op started
Note: Transient op finished successfully
Note: Transient op started
Note: Transient op started
Note: Transient op finished successfully
Note: Transient op finished successfully
Note: Transient op started
Note: Transient op finished successfully
Note: Transient op started
Note: Transient op finished successfully
Note: Transient op started
Note: Transient op started
Note: Transient op finished successfully
Note: Transient op finished successfully
Note: Transient op started
Note: Transient op started
Note: Transient op finished successfully
Note: Transient op finished successfully
Note: Transient op started
Note: Transient op finished successfully
Note: Transient op started
Note: Transient op finished successfully
Note: Transient op started
Note: Transient op finished successfully
Note: Transient op started
Note: Transient op finished successfully
Note: Transient op started
Note: Transient op finished successfully
Note: Transient op started
Note: Transient op finished successfully
Note: Transient op started
Note: Transient op finished successfully
Note: Transient op started
Note: Transient op finished successfully
Note: Transient op started
Note: Transient op finished successfully
Note: Transient op started
Note: Transient op finished successfully
Note: Transient op started
Note: Transient op finished successfully
Note: Transient op started
Note: Transient op finished successfully
Note: Transient op started
Note: Transient op finished successfully
Note: Transient op started
Note: Transient op finished successfully
Note: Transient op started
Note: Transient op finished successfully
Note: Transient op started
Note: Transient op finished successfully
Note: Transient op started
Note: Transient op finished successfully
Note: Transient op started
Note: Transient op finished successfully
Note: Transient op started
Note: Transient op finished successfully
Note: Transient op started
Note: Transient op finished successfully
Note: Transient op started
Note: Transient op finished successfully
Note: Transient op started
Note: Transient op started
Note: Transient op finished successfully
Note: Transient op finished successfully
Note: Transient op started
Note: Transient op finished successfully
Note: Transient op started
Note: Transient op finished successfully
Note: Transient op started
Note: Transient op started
Note: Transient op finished successfully
Note: Transient op finished successfully
Note: Transient op started
Note: Transient op finished successfully
Note: Transient op started
Note: Transient op started
Note: Transient op finished successfully
Note: Transient op finished successfully
Note: Transient op started
Note: Transient op finished successfully
Note: Transient op started
Note: Transient op finished successfully
Note: Transient op started
Note: Transient op finished successfully
Note: Transient op started
Note: Transient op finished successfully
Note: Transient op started
Note: Transient op finished successfully
Note: Transient op started
Note: Transient op finished successfully
Note: Transient op started
Note: Transient op finished successfully
Note: Transient op started
Note: Transient op finished successfully
Note: Transient op started
Note: Transient op finished successfully
Note: Transient op started
Note: Transient op finished successfully
Note: Transient op started
Note: Transient op finished successfully
Note: Transient op started
Note: Transient op finished successfully
Note: Transient op started
Note: Transient op finished successfully
Note: Transient op started
Note: Transient op finished successfully
Note: Transient op started
Note: Transient op finished successfully
Note: Transient op started
Note: Transient op finished successfully
Note: Transient op started
Note: Transient op finished successfully
Note: Transient op started
Note: Transient op finished successfully
Note: Transient op started
Note: Transient op finished successfully
Note: Transient op started
Note: Transient op finished successfully
Note: Transient op started
Note: Transient op finished successfully
Note: Transient op started
Note: Transient op finished successfully
Note: Transient op started
Note: Transient op finished successfully
Note: Transient op started
Note: Transient op finished successfully
Note: Transient op started
Note: Transient op finished successfully
Note: Transient op started
Note: Transient op finished successfully
Note: Transient op started
Note: Transient op finished successfully
Note: Transient op started
Note: Transient op finished successfully
Note: Transient op started
Note: Transient op finished successfully
Note: Transient op started
Note: Transient op finished successfully
Note: Transient op started
Note: Transient op started
Note: Transient op finished successfully
Note: Transient op finished successfully
Note: Transient op started
Note: Transient op finished successfully
Note: Transient op started
Note: Transient op finished successfully
Note: Transient op started
Note: Transient op finished successfully
Note: Transient op started
Note: Transient op finished successfully
Note: Transient op started
Note: Transient op finished successfully
Note: Transient op started
Note: Transient op started
Note: Transient op finished successfully
Note: Transient op finished successfully
Note: Transient op started
Note: Transient op finished successfully
Note: Transient op started
Note: Transient op finished successfully
Note: Transient op started
Note: Transient op finished successfully
Note: Transient op started
Note: Transient op finished successfully
Note: Transient op started
Note: Transient op finished successfully
Note: Transient op started
Note: Transient op finished successfully
Note: Transient op started
Note: Transient op finished successfully
Note: Transient op started
Note: Transient op finished successfully
Note: Transient op started
Note: Transient op finished successfully
-----------------------------------------
| time/                   |             |
|    fps                  | 7           |
|    iterations           | 14          |
|    time_elapsed         | 1886        |
|    total_timesteps      | 14336       |
| train/                  |             |
|    approx_kl            | 0.009230785 |
|    clip_fraction        | 0.0557      |
|    clip_range           | 0.2         |
|    entropy_loss         | -8.35       |
|    explained_variance   | -0.0128     |
|    learning_rate        | 0.0003      |
|    loss                 | 41.4        |
|    n_updates            | 130         |
|    policy_gradient_loss | -0.0137     |
|    std                  | 0.973       |
|    value_loss           | 102         |
-----------------------------------------
Note: Transient op started
Note: Transient op finished successfully
Note: Transient op started
Note: Transient op finished successfully
Note: Transient op started
Note: Transient op finished successfully
Note: Transient op started
Note: Transient op finished successfully
Note: Transient op started
Note: Transient op finished successfully
Note: Transient op started
Note: Transient op finished successfully
Note: Transient op started
Note: Transient op finished successfully
Note: Transient op started
Note: Transient op finished successfully
Note: Transient op started
Note: Transient op finished successfully
Note: Transient op started
Note: Transient op finished successfully
Note: Transient op started
Note: Transient op finished successfully
Note: Transient op started
Note: Transient op finished successfully
Note: Transient op started
Note: Transient op finished successfully
Note: Transient op started
Note: Transient op finished successfully
Note: Transient op started
Note: Transient op finished successfully
Note: Transient op started
Note: Transient op finished successfully
Note: Transient op started
Note: Transient op finished successfully
Note: Transient op started
Note: Transient op finished successfully
Note: Transient op started
Note: Transient op finished successfully
Note: Transient op started
Note: Transient op finished successfully
Note: Transient op started
Note: Transient op finished successfully
Note: Transient op started
Note: Transient op finished successfully
Note: Transient op started
Note: Transient op finished successfully
Note: Transient op started
Note: Transient op finished successfully
Note: Transient op started
Note: Transient op finished successfully
Note: Transient op started
Note: Transient op finished successfully
Note: Transient op started
Note: Transient op finished successfully
Note: Transient op started
Note: Transient op finished successfully
Note: Transient op started
Note: Transient op finished successfully
Note: Transient op started
Note: Transient op finished successfully
Note: Transient op started
Note: Transient op finished successfully
Note: Transient op started
Note: Transient op finished successfully
Note: Transient op started
Note: Transient op finished successfully
Note: Transient op started
Note: Transient op finished successfully
Note: Transient op started
Note: Transient op finished successfully
Note: Transient op started
Note: Transient op finished successfully
Note: Transient op started
Note: Transient op finished successfully
Note: Transient op started
Note: Transient op finished successfully
Note: Transient op started
Note: Transient op started
Note: Transient op finished successfully
Note: Transient op finished successfully
Note: Transient op started
Note: Transient op finished successfully
Note: Transient op started
Note: Transient op finished successfully
Note: Transient op started
Note: Transient op finished successfully
Note: Transient op started
Note: Transient op finished successfully
Note: Transient op started
Note: Transient op finished successfully
Note: Transient op started
Note: Transient op finished successfully
Note: Transient op started
Note: Transient op finished successfully
Note: Transient op started
Note: Transient op finished successfully
Note: Transient op started
Note: Transient op finished successfully
Note: Transient op started
Note: Transient op finished successfully
Note: Transient op started
Note: Transient op finished successfully
Note: Transient op started
Note: Transient op finished successfully
Note: Transient op started
Note: Transient op finished successfully
Note: Transient op started
Note: Transient op finished successfully
Note: Transient op started
Note: Transient op finished successfully
Note: Transient op started
Note: Transient op finished successfully
Note: Transient op started
Note: Transient op finished successfully
Note: Transient op started
Note: Transient op finished successfully
Note: Transient op started
Note: Transient op finished successfully
Note: Transient op started
Note: Transient op finished successfully
Note: Transient op started
Note: Transient op finished successfully
Note: Transient op started
Note: Transient op finished successfully
Note: Transient op started
Note: Transient op finished successfully
Note: Transient op started
Note: Transient op finished successfully
Note: Transient op started
Note: Transient op finished successfully
Note: Transient op started
Note: Transient op finished successfully
Note: Transient op started
Note: Transient op finished successfully
Note: Transient op started
Note: Transient op finished successfully
Note: Transient op started
Note: Transient op finished successfully
Note: Transient op started
Note: Transient op finished successfully
Note: Transient op started
Note: Transient op finished successfully
Note: Transient op started
Note: Transient op finished successfully
Note: Transient op started
Note: Transient op finished successfully
Note: Transient op started
Note: Transient op finished successfully
Note: Transient op started
Note: Transient op finished successfully
Note: Transient op started
Note: Transient op finished successfully
Note: Transient op started
Note: Transient op finished successfully
Note: Transient op started
Note: Transient op started
Note: Transient op finished successfully
Note: Transient op finished successfully
Note: Transient op started
Note: Transient op finished successfully
Note: Transient op started
Note: Transient op finished successfully
Note: Transient op started
Note: Transient op started
Note: Transient op finished successfully
Note: Transient op finished successfully
Note: Transient op started
Note: Transient op finished successfully
Note: Transient op started
Note: Transient op finished successfully
Note: Transient op started
Note: Transient op finished successfully
Note: Transient op started
Note: Transient op finished successfully
Note: Transient op started
Note: Transient op started
Note: Transient op finished successfully
Note: Transient op finished successfully
Note: Transient op started
Note: Transient op finished successfully
Note: Transient op started
Note: Transient op finished successfully
Note: Transient op started
Note: Transient op started
Note: Transient op finished successfully
Note: Transient op finished successfully
Note: Transient op started
Note: Transient op finished successfully
Note: Transient op started
Note: Transient op finished successfully
Note: Transient op started
Note: Transient op finished successfully
Note: Transient op started
Note: Transient op finished successfully
Note: Transient op started
Note: Transient op finished successfully
Note: Transient op started
Note: Transient op finished successfully
Note: Transient op started
Note: Transient op finished successfully
Note: Transient op started
Note: Transient op finished successfully
Note: Transient op started
Note: Transient op finished successfully
Note: Transient op started
Note: Transient op finished successfully
Note: Transient op started
Note: Transient op finished successfully
Note: Transient op started
Note: Transient op finished successfully
Note: Transient op started
Note: Transient op finished successfully
Note: Transient op started
Note: Transient op finished successfully
Note: Transient op started
Note: Transient op finished successfully
Note: Transient op started
Note: Transient op finished successfully
Note: Transient op started
Note: Transient op finished successfully
Note: Transient op started
Note: Transient op finished successfully
Note: Transient op started
Note: Transient op finished successfully
Note: Transient op started
Note: Transient op finished successfully
Note: Transient op started
Note: Transient op finished successfully
Note: Transient op started
Note: Transient op finished successfully
Note: Transient op started
Note: Transient op finished successfully
Note: Transient op started
Note: Transient op finished successfully
Note: Transient op started
Note: Transient op finished successfully
Note: Transient op started
Note: Transient op finished successfully
Note: Transient op started
Note: Transient op finished successfully
Note: Transient op started
Note: Transient op finished successfully
Note: Transient op started
Note: Transient op finished successfully
Note: Transient op started
Note: Transient op finished successfully
Note: Transient op started
Note: Transient op finished successfully
Note: Transient op started
Note: Transient op finished successfully
Note: Transient op started
Note: Transient op finished successfully
Note: Transient op started
Note: Transient op finished successfully
Note: Transient op started
Note: Transient op finished successfully
Note: Transient op started
Note: Transient op finished successfully
Note: Transient op started
Note: Transient op started
Note: Transient op finished successfully
Note: Transient op finished successfully
Note: Transient op started
Note: Transient op finished successfully
Note: Transient op started
Note: Transient op finished successfully
Note: Transient op started
Note: Transient op started
Note: Transient op finished successfully
Note: Transient op finished successfully
Note: Transient op started
Note: Transient op finished successfully
Note: Transient op started
Note: Transient op finished successfully
Note: Transient op started
Note: Transient op finished successfully
Note: Transient op started
Note: Transient op finished successfully
Note: Transient op started
Note: Transient op finished successfully
Note: Transient op started
Note: Transient op finished successfully
Note: Transient op started
Note: Transient op started
Note: Transient op finished successfully
Note: Transient op finished successfully
Note: Transient op started
Note: Transient op finished successfully
Note: Transient op started
Note: Transient op started
Note: Transient op finished successfully
Note: Transient op finished successfully
Note: Transient op started
Note: Transient op finished successfully
Note: Transient op started
Note: Transient op finished successfully
Note: Transient op started
Note: Transient op finished successfully
Note: Transient op started
Note: Transient op finished successfully
Note: Transient op started
Note: Transient op finished successfully
Note: Transient op started
Note: Transient op finished successfully
Note: Transient op started
Note: Transient op started
Note: Transient op finished successfully
Note: Transient op finished successfully
Note: Transient op started
Note: Transient op finished successfully
Note: Transient op started
Note: Transient op finished successfully
Note: Transient op started
Note: Transient op finished successfully
Note: Transient op started
Note: Transient op finished successfully
Note: Transient op started
Note: Transient op finished successfully
Note: Transient op started
Note: Transient op started
Note: Transient op finished successfully
Note: Transient op finished successfully
Note: Transient op started
Note: Transient op started
Note: Transient op finished successfully
Note: Transient op finished successfully
Note: Transient op started
Note: Transient op started
Note: Transient op finished successfully
Note: Transient op finished successfully
Note: Transient op started
Note: Transient op finished successfully
Note: Transient op started
Note: Transient op finished successfully
Note: Transient op started
Note: Transient op finished successfully
Note: Transient op started
Note: Transient op started
Note: Transient op finished successfully
Note: Transient op finished successfully
Note: Transient op started
Note: Transient op finished successfully
Note: Transient op started
Note: Transient op finished successfully
Note: Transient op started
Note: Transient op started
Note: Transient op finished successfully
Note: Transient op finished successfully
Note: Transient op started
Note: Transient op finished successfully
Note: Transient op started
Note: Transient op finished successfully
Note: Transient op started
Note: Transient op finished successfully
Note: Transient op started
Note: Transient op finished successfully
Note: Transient op started
Note: Transient op finished successfully
Note: Transient op started
Note: Transient op finished successfully
Note: Transient op started
Note: Transient op finished successfully
Note: Transient op started
Note: Transient op finished successfully
Note: Transient op started
Note: Transient op finished successfully
Note: Transient op started
Note: Transient op finished successfully
Note: Transient op started
Note: Transient op finished successfully
Note: Transient op started
Note: Transient op finished successfully
Note: Transient op started
Note: Transient op finished successfully
Note: Transient op started
Note: Transient op finished successfully
Note: Transient op started
Note: Transient op finished successfully
Note: Transient op started
Note: Transient op finished successfully
Note: Transient op started
Note: Transient op finished successfully
Note: Transient op started
Note: Transient op finished successfully
Note: Transient op started
Note: Transient op finished successfully
Note: Transient op started
Note: Transient op finished successfully
Note: Transient op started
Note: Transient op finished successfully
Note: Transient op started
Note: Transient op finished successfully
Note: Transient op started
Note: Transient op finished successfully
Note: Transient op started
Note: Transient op finished successfully
Note: Transient op started
Note: Transient op finished successfully
Note: Transient op started
Note: Transient op finished successfully
Note: Transient op started
Note: Transient op finished successfully
Note: Transient op started
Note: Transient op finished successfully
Note: Transient op started
Note: Transient op finished successfully
Note: Transient op started
Note: Transient op finished successfully
Note: Transient op started
Note: Transient op finished successfully
Note: Transient op started
Note: Transient op finished successfully
Note: Transient op started
Note: Transient op finished successfully
Note: Transient op started
Note: Transient op finished successfully
Note: Transient op started
Note: Transient op finished successfully
Note: Transient op started
Note: Transient op finished successfully
Note: Transient op started
Note: Transient op finished successfully
Note: Transient op started
Note: Transient op finished successfully
Note: Transient op started
Note: Transient op finished successfully
Note: Transient op started
Note: Transient op finished successfully
Note: Transient op started
Note: Transient op finished successfully
Note: Transient op started
Note: Transient op finished successfully
Note: Transient op started
Note: Transient op finished successfully
Note: Transient op started
Note: Transient op finished successfully
Note: Transient op started
Note: Transient op finished successfully
Note: Transient op started
Note: Transient op started
Note: Transient op finished successfully
Note: Transient op finished successfully
Note: Transient op started
Note: Transient op finished successfully
Note: Transient op started
Note: Transient op finished successfully
Note: Transient op started
Note: Transient op finished successfully
Note: Transient op started
Note: Transient op finished successfully
Note: Transient op started
Note: Transient op finished successfully
Note: Transient op started
Note: Transient op finished successfully
Note: Transient op started
Note: Transient op finished successfully
Note: Transient op started
Note: Transient op finished successfully
Note: Transient op started
Note: Transient op finished successfully
Note: Transient op started
Note: Transient op finished successfully
Note: Transient op started
Note: Transient op finished successfully
Note: Transient op started
Note: Transient op finished successfully
Note: Transient op started
Note: Transient op finished successfully
Note: Transient op started
Note: Transient op finished successfully
Note: Transient op started
Note: Transient op finished successfully
Note: Transient op started
Note: Transient op finished successfully
Note: Transient op started
Note: Transient op started
Note: Transient op finished successfully
Note: Transient op started
Note: Transient op finished successfully
Note: Transient op finished successfully
Note: Transient op started
Note: Transient op started
Note: Transient op finished successfully
Note: Transient op finished successfully
Note: Transient op started
Note: Transient op finished successfully
Note: Transient op started
Note: Transient op finished successfully
Note: Transient op started
Note: Transient op started
Note: Transient op finished successfully
Note: Transient op finished successfully
Note: Transient op started
Note: Transient op started
Note: Transient op finished successfully
Note: Transient op finished successfully
Note: Transient op started
Note: Transient op started
Note: Transient op finished successfully
Note: Transient op finished successfully
Note: Transient op started
Note: Transient op started
Note: Transient op finished successfully
Note: Transient op finished successfully
Note: Transient op started
Note: Transient op finished successfully
Note: Transient op started
Note: Transient op finished successfully
Note: Transient op started
Note: Transient op finished successfully
Note: Transient op started
Note: Transient op finished successfully
Note: Transient op started
Note: Transient op finished successfully
Note: Transient op started
Note: Transient op finished successfully
Note: Transient op started
Note: Transient op finished successfully
Note: Transient op started
Note: Transient op finished successfully
Note: Transient op started
Note: Transient op finished successfully
Note: Transient op started
Note: Transient op finished successfully
Note: Transient op started
Note: Transient op finished successfully
Note: Transient op started
Note: Transient op finished successfully
Note: Transient op started
Note: Transient op finished successfully
Note: Transient op started
Note: Transient op finished successfully
Note: Transient op started
Note: Transient op finished successfully
Note: Transient op started
Note: Transient op finished successfully
Note: Transient op started
Note: Transient op finished successfully
Note: Transient op started
Note: Transient op finished successfully
Note: Transient op started
Note: Transient op finished successfully
Note: Transient op started
Note: Transient op finished successfully
Note: Transient op started
Note: Transient op finished successfully
Note: Transient op started
Note: Transient op finished successfully
Note: Transient op started
Note: Transient op finished successfully
Note: Transient op started
Note: Transient op finished successfully
Note: Transient op started
Note: Transient op finished successfully
Note: Transient op started
Note: Transient op finished successfully
Note: Transient op started
Note: Transient op finished successfully
Note: Transient op started
Note: Transient op finished successfully
Note: Transient op started
Note: Transient op finished successfully
Note: Transient op started
Note: Transient op finished successfully
Note: Transient op started
Note: Transient op finished successfully
Note: Transient op started
Note: Transient op finished successfully
Note: Transient op started
Note: Transient op finished successfully
Note: Transient op started
Note: Transient op finished successfully
Note: Transient op started
Note: Transient op finished successfully
Note: Transient op started
Note: Transient op finished successfully
Note: Transient op started
Note: Transient op started
Note: Transient op finished successfully
Note: Transient op finished successfully
Note: Transient op started
Note: Transient op finished successfully
Note: Transient op started
Note: Transient op finished successfully
Note: Transient op started
Note: Transient op finished successfully
Note: Transient op started
Note: Transient op finished successfully
Note: Transient op started
Note: Transient op started
Note: Transient op finished successfully
Note: Transient op finished successfully
Note: Transient op started
Note: Transient op started
Note: Transient op finished successfully
Note: Transient op finished successfully
Note: Transient op started
Note: Transient op finished successfully
Note: Transient op started
Note: Transient op finished successfully
Note: Transient op started
Note: Transient op finished successfully
Note: Transient op started
Note: Transient op finished successfully
Note: Transient op started
Note: Transient op finished successfully
Note: Transient op started
Note: Transient op finished successfully
Note: Transient op started
Note: Transient op finished successfully
Note: Transient op started
Note: Transient op finished successfully
Note: Transient op started
Note: Transient op started
Note: Transient op finished successfully
Note: Transient op finished successfully
Note: Transient op started
Note: Transient op started
Note: Transient op finished successfully
Note: Transient op finished successfully
Note: Transient op started
Note: Transient op started
Note: Transient op finished successfully
Note: Transient op finished successfully
Note: Transient op started
Note: Transient op finished successfully
Note: Transient op started
Note: Transient op finished successfully
Note: Transient op started
Note: Transient op finished successfully
Note: Transient op started
Note: Transient op started
Note: Transient op finished successfully
Note: Transient op finished successfully
Note: Transient op started
Note: Transient op finished successfully
Note: Transient op started
Note: Transient op finished successfully
Note: Transient op started
Note: Transient op finished successfully
Note: Transient op started
Note: Transient op finished successfully
----------------------------------------
| time/                   |            |
|    fps                  | 7          |
|    iterations           | 15         |
|    time_elapsed         | 2111       |
|    total_timesteps      | 15360      |
| train/                  |            |
|    approx_kl            | 0.01748647 |
|    clip_fraction        | 0.12       |
|    clip_range           | 0.2        |
|    entropy_loss         | -8.33      |
|    explained_variance   | 0.0183     |
|    learning_rate        | 0.0003     |
|    loss                 | 42.4       |
|    n_updates            | 140        |
|    policy_gradient_loss | -0.0225    |
|    std                  | 0.967      |
|    value_loss           | 87         |
----------------------------------------
Note: Transient op started
Note: Transient op finished successfully
Note: Transient op started
Note: Transient op finished successfully
Note: Transient op started
Note: Transient op finished successfully
Note: Transient op started
Note: Transient op finished successfully
Note: Transient op started
Note: Transient op finished successfully
Note: Transient op started
Note: Transient op finished successfully
Note: Transient op started
Note: Transient op finished successfully
Note: Transient op started
Note: Transient op finished successfully
Note: Transient op started
Note: Transient op finished successfully
Note: Transient op started
Note: Transient op started
Note: Transient op finished successfully
Note: Transient op finished successfully
Note: Transient op started
Note: Transient op finished successfully
Note: Transient op started
Note: Transient op finished successfully
Note: Transient op started
Note: Transient op finished successfully
Note: Transient op started
Note: Transient op finished successfully
Note: Transient op started
Note: Transient op started
Note: Transient op finished successfully
Note: Transient op finished successfully
Note: Transient op started
Note: Transient op finished successfully
Note: Transient op started
Note: Transient op finished successfully
Note: Transient op started
Note: Transient op finished successfully
Note: Transient op started
Note: Transient op finished successfully
Note: Transient op started
Note: Transient op started
Note: Transient op finished successfully
Note: Transient op finished successfully
Note: Transient op started
Note: Transient op finished successfully
Note: Transient op started
Note: Transient op finished successfully
Note: Transient op started
Note: Transient op finished successfully
Note: Transient op started
Note: Transient op finished successfully
Note: Transient op started
Note: Transient op finished successfully
Note: Transient op started
Note: Transient op started
Note: Transient op finished successfully
Note: Transient op finished successfully
Note: Transient op started
Note: Transient op finished successfully
Note: Transient op started
Note: Transient op finished successfully
Note: Transient op started
Note: Transient op finished successfully
Note: Transient op started
Note: Transient op finished successfully
Note: Transient op started
Note: Transient op finished successfully
Note: Transient op started
Note: Transient op finished successfully
Note: Transient op started
Note: Transient op finished successfully
Note: Transient op started
Note: Transient op started
Note: Transient op finished successfully
Note: Transient op finished successfully
Note: Transient op started
Note: Transient op finished successfully
Note: Transient op started
Note: Transient op finished successfully
Note: Transient op started
Note: Transient op finished successfully
Note: Transient op started
Note: Transient op finished successfully
Note: Transient op started
Note: Transient op finished successfully
Note: Transient op started
Note: Transient op finished successfully
Note: Transient op started
Note: Transient op finished successfully
Note: Transient op started
Note: Transient op finished successfully
Note: Transient op started
Note: Transient op finished successfully
Note: Transient op started
Note: Transient op finished successfully
Note: Transient op started
Note: Transient op finished successfully
Note: Transient op started
Note: Transient op finished successfully
Note: Transient op started
Note: Transient op finished successfully
Note: Transient op started
Note: Transient op finished successfully
Note: Transient op started
Note: Transient op finished successfully
Note: Transient op started
Note: Transient op finished successfully
Note: Transient op started
Note: Transient op finished successfully
Note: Transient op started
Note: Transient op finished successfully
Note: Transient op started
Note: Transient op finished successfully
Note: Transient op started
Note: Transient op finished successfully
Note: Transient op started
Note: Transient op finished successfully
Note: Transient op started
Note: Transient op finished successfully
Note: Transient op started
Note: Transient op finished successfully
Note: Transient op started
Note: Transient op finished successfully
Note: Transient op started
Note: Transient op finished successfully
Note: Transient op started
Note: Transient op finished successfully
Note: Transient op started
Note: Transient op finished successfully
Note: Transient op started
Note: Transient op finished successfully
Note: Transient op started
Note: Transient op finished successfully
Note: Transient op started
Note: Transient op finished successfully
Note: Transient op started
Note: Transient op finished successfully
Note: Transient op started
Note: Transient op finished successfully
Note: Transient op started
Note: Transient op finished successfully
Note: Transient op started
Note: Transient op started
Note: Transient op finished successfully
Note: Transient op started
Note: Transient op finished successfully
Note: Transient op finished successfully
Note: Transient op started
Note: Transient op started
Note: Transient op finished successfully
Note: Transient op finished successfully
Note: Transient op started
Note: Transient op finished successfully
Note: Transient op started
Note: Transient op started
Note: Transient op finished successfully
Note: Transient op finished successfully
Note: Transient op started
Note: Transient op finished successfully
Note: Transient op started
Note: Transient op finished successfully
Note: Transient op started
Note: Transient op started
Note: Transient op finished successfully
Note: Transient op finished successfully
Note: Transient op started
Note: Transient op finished successfully
Note: Transient op started
Note: Transient op finished successfully
Note: Transient op started
Note: Transient op finished successfully
Note: Transient op started
Note: Transient op started
Note: Transient op started
Note: Transient op finished successfully
Note: Transient op finished successfully
Note: Transient op finished successfully
Note: Transient op started
Note: Transient op finished successfully
Note: Transient op started
Note: Transient op finished successfully
Note: Transient op started
Note: Transient op finished successfully
Note: Transient op started
Note: Transient op finished successfully
Note: Transient op started
Note: Transient op finished successfully
Note: Transient op started
Note: Transient op finished successfully
Note: Transient op started
Note: Transient op started
Note: Transient op finished successfully
Note: Transient op finished successfully
Note: Transient op started
Note: Transient op started
Note: Transient op finished successfully
Note: Transient op finished successfully
Note: Transient op started
Note: Transient op finished successfully
Note: Transient op started
Note: Transient op finished successfully
Note: Transient op started
Note: Transient op finished successfully
Note: Transient op started
Note: Transient op finished successfully
Note: Transient op started
Note: Transient op finished successfully
Note: Transient op started
Note: Transient op finished successfully
Note: Transient op started
Note: Transient op finished successfully
Note: Transient op started
Note: Transient op finished successfully
Note: Transient op started
Note: Transient op finished successfully
Note: Transient op started
Note: Transient op finished successfully
Note: Transient op started
Note: Transient op finished successfully
Note: Transient op started
Note: Transient op finished successfully
Note: Transient op started
Note: Transient op finished successfully
Note: Transient op started
Note: Transient op finished successfully
Note: Transient op started
Note: Transient op finished successfully
Note: Transient op started
Note: Transient op finished successfully
Note: Transient op started
Note: Transient op finished successfully
Note: Transient op started
Note: Transient op finished successfully
Note: Transient op started
Note: Transient op finished successfully
Note: Transient op started
Note: Transient op started
Note: Transient op finished successfully
Note: Transient op finished successfully
Note: Transient op started
Note: Transient op started
Note: Transient op finished successfully
Note: Transient op finished successfully
Note: Transient op started
Note: Transient op started
Note: Transient op finished successfully
Note: Transient op finished successfully
Note: Transient op started
Note: Transient op finished successfully
Note: Transient op started
Note: Transient op finished successfully
Note: Transient op started
Note: Transient op finished successfully
Note: Transient op started
Note: Transient op finished successfully
Note: Transient op started
Note: Transient op finished successfully
Note: Transient op started
Note: Transient op finished successfully
Note: Transient op started
Note: Transient op finished successfully
Note: Transient op started
Note: Transient op finished successfully
Note: Transient op started
Note: Transient op finished successfully
Note: Transient op started
Note: Transient op finished successfully
Note: Transient op started
Note: Transient op finished successfully
Note: Transient op started
Note: Transient op finished successfully
Note: Transient op started
Note: Transient op finished successfully
Note: Transient op started
Note: Transient op started
Note: Transient op finished successfully
Note: Transient op finished successfully
Note: Transient op started
Note: Transient op finished successfully
Note: Transient op started
Note: Transient op finished successfully
Note: Transient op started
Note: Transient op started
Note: Transient op finished successfully
Note: Transient op finished successfully
Note: Transient op started
Note: Transient op finished successfully
Note: Transient op started
Note: Transient op finished successfully
Note: Transient op started
Note: Transient op finished successfully
Note: Transient op started
Note: Transient op finished successfully
Note: Transient op started
Note: Transient op finished successfully
Note: Transient op started
Note: Transient op finished successfully
Note: Transient op started
Note: Transient op started
Note: Transient op finished successfully
Note: Transient op finished successfully
Note: Transient op started
Note: Transient op finished successfully
Note: Transient op started
Note: Transient op finished successfully
Note: Transient op started
Note: Transient op finished successfully
Note: Transient op started
Note: Transient op finished successfully
Note: Transient op started
Note: Transient op finished successfully
Note: Transient op started
Note: Transient op finished successfully
Note: Transient op started
Note: Transient op finished successfully
Note: Transient op started
Note: Transient op finished successfully
Note: Transient op started
Note: Transient op started
Note: Transient op finished successfully
Note: Transient op finished successfully
Note: Transient op started
Note: Transient op finished successfully
Note: Transient op started
Note: Transient op finished successfully
Note: Transient op started
Note: Transient op finished successfully
Note: Transient op started
Note: Transient op finished successfully
Note: Transient op started
Note: Transient op finished successfully
Note: Transient op started
Note: Transient op finished successfully
Note: Transient op started
Note: Transient op finished successfully
Note: Transient op started
Note: Transient op finished successfully
Note: Transient op started
Note: Transient op finished successfully
Note: Transient op started
Note: Transient op finished successfully
Note: Transient op started
Note: Transient op started
Note: Transient op finished successfully
Note: Transient op finished successfully
Note: Transient op started
Note: Transient op finished successfully
Note: Transient op started
Note: Transient op finished successfully
Note: Transient op started
Note: Transient op finished successfully
Note: Transient op started
Note: Transient op finished successfully
Note: Transient op started
Note: Transient op finished successfully
Note: Transient op started
Note: Transient op finished successfully
Note: Transient op started
Note: Transient op finished successfully
Note: Transient op started
Note: Transient op finished successfully
Note: Transient op started
Note: Transient op finished successfully
Note: Transient op started
Note: Transient op finished successfully
Note: Transient op started
Note: Transient op finished successfully
Note: Transient op started
Note: Transient op finished successfully
Note: Transient op started
Note: Transient op finished successfully
Note: Transient op started
Note: Transient op finished successfully
Note: Transient op started
Note: Transient op finished successfully
Note: Transient op started
Note: Transient op finished successfully
Note: Transient op started
Note: Transient op finished successfully
Note: Transient op started
Note: Transient op finished successfully
Note: Transient op started
Note: Transient op finished successfully
Note: Transient op started
Note: Transient op finished successfully
Note: Transient op started
Note: Transient op finished successfully
Note: Transient op started
Note: Transient op started
Note: Transient op finished successfully
Note: Transient op finished successfully
Note: Transient op started
Note: Transient op finished successfully
Note: Transient op started
Note: Transient op finished successfully
Note: Transient op started
Note: Transient op finished successfully
Note: Transient op started
Note: Transient op finished successfully
Note: Transient op started
Note: Transient op started
Note: Transient op finished successfully
Note: Transient op finished successfully
Note: Transient op started
Note: Transient op finished successfully
Note: Transient op started
Note: Transient op finished successfully
Note: Transient op started
Note: Transient op finished successfully
Note: Transient op started
Note: Transient op finished successfully
Note: Transient op started
Note: Transient op finished successfully
Note: Transient op started
Note: Transient op finished successfully
Note: Transient op started
Note: Transient op finished successfully
Note: Transient op started
Note: Transient op started
Note: Transient op finished successfully
Note: Transient op finished successfully
Note: Transient op started
Note: Transient op finished successfully
Note: Transient op started
Note: Transient op finished successfully
Note: Transient op started
Note: Transient op finished successfully
Note: Transient op started
Note: Transient op finished successfully
Note: Transient op started
Note: Transient op finished successfully
Note: Transient op started
Note: Transient op finished successfully
Note: Transient op started
Note: Transient op finished successfully
Note: Transient op started
Note: Transient op finished successfully
Note: Transient op started
Note: Transient op finished successfully
Note: Transient op started
Note: Transient op finished successfully
Note: Transient op started
Note: Transient op finished successfully
Note: Transient op started
Note: Transient op started
Note: Transient op finished successfully
Note: Transient op finished successfully
Note: Transient op started
Note: Transient op finished successfully
Note: Transient op started
Note: Transient op finished successfully
Note: Transient op started
Note: Transient op finished successfully
Note: Transient op started
Note: Transient op started
Note: Transient op finished successfully
Note: Transient op finished successfully
Note: Transient op started
Note: Transient op started
Note: Transient op finished successfully
Note: Transient op finished successfully
Note: Transient op started
Note: Transient op finished successfully
Note: Transient op started
Note: Transient op finished successfully
Note: Transient op started
Note: Transient op finished successfully
Note: Transient op started
Note: Transient op finished successfully
Note: Transient op started
Note: Transient op finished successfully
Note: Transient op started
Note: Transient op finished successfully
Note: Transient op started
Note: Transient op finished successfully
Note: Transient op started
Note: Transient op finished successfully
Note: Transient op started
Note: Transient op finished successfully
Note: Transient op started
Note: Transient op finished successfully
Note: Transient op started
Note: Transient op finished successfully
Note: Transient op started
Note: Transient op finished successfully
Note: Transient op started
Note: Transient op finished successfully
Note: Transient op started
Note: Transient op finished successfully
Note: Transient op started
Note: Transient op finished successfully
Note: Transient op started
Note: Transient op finished successfully
Note: Transient op started
Note: Transient op finished successfully
Note: Transient op started
Note: Transient op finished successfully
Note: Transient op started
Note: Transient op finished successfully
Note: Transient op started
Note: Transient op finished successfully
Note: Transient op started
Note: Transient op finished successfully
Note: Transient op started
Note: Transient op finished successfully
Note: Transient op started
Note: Transient op finished successfully
Note: Transient op started
Note: Transient op finished successfully
Note: Transient op started
Note: Transient op finished successfully
Note: Transient op started
Note: Transient op finished successfully
Note: Transient op started
Note: Transient op started
Note: Transient op finished successfully
Note: Transient op finished successfully
Note: Transient op started
Note: Transient op started
Note: Transient op finished successfully
Note: Transient op finished successfully
Note: Transient op started
Note: Transient op finished successfully
Note: Transient op started
Note: Transient op finished successfully
Note: Transient op started
Note: Transient op finished successfully
Note: Transient op started
Note: Transient op finished successfully
Note: Transient op started
Note: Transient op finished successfully
Note: Transient op started
Note: Transient op finished successfully
Note: Transient op started
Note: Transient op finished successfully
Note: Transient op started
Note: Transient op finished successfully
Note: Transient op started
Note: Transient op finished successfully
Note: Transient op started
Note: Transient op started
Note: Transient op finished successfully
Note: Transient op finished successfully
Note: Transient op started
Note: Transient op started
Note: Transient op finished successfully
Note: Transient op finished successfully
Note: Transient op started
Note: Transient op finished successfully
Note: Transient op started
Note: Transient op finished successfully
Note: Transient op started
Note: Transient op started
Note: Transient op finished successfully
Note: Transient op finished successfully
Note: Transient op started
Note: Transient op finished successfully
Note: Transient op started
Note: Transient op finished successfully
Note: Transient op started
Note: Transient op finished successfully
Note: Transient op started
Note: Transient op finished successfully
Note: Transient op started
Note: Transient op finished successfully
Note: Transient op started
Note: Transient op finished successfully
Note: Transient op started
Note: Transient op started
Note: Transient op started
Note: Transient op finished successfully
Note: Transient op finished successfully
Note: Transient op finished successfully
Note: Transient op started
Note: Transient op started
Note: Transient op started
Note: Transient op finished successfully
Note: Transient op finished successfully
Note: Transient op finished successfully
Note: Transient op started
Note: Transient op started
Note: Transient op finished successfully
Note: Transient op started
Note: Transient op finished successfully
Note: Transient op finished successfully
Note: Transient op started
Note: Transient op finished successfully
Note: Transient op started
Note: Transient op finished successfully
Note: Transient op started
Note: Transient op started
Note: Transient op finished successfully
Note: Transient op finished successfully
Note: Transient op started
Note: Transient op finished successfully
Note: Transient op started
Note: Transient op finished successfully
Note: Transient op started
Note: Transient op finished successfully
Note: Transient op started
Note: Transient op finished successfully
Note: Transient op started
Note: Transient op finished successfully
Note: Transient op started
Note: Transient op finished successfully
Note: Transient op started
Note: Transient op finished successfully
Note: Transient op started
Note: Transient op finished successfully
Note: Transient op started
Note: Transient op finished successfully
Note: Transient op started
Note: Transient op finished successfully
Note: Transient op started
Note: Transient op finished successfully
Note: Transient op started
Note: Transient op finished successfully
Note: Transient op started
Note: Transient op finished successfully
Note: Transient op started
Note: Transient op finished successfully
Note: Transient op started
Note: Transient op finished successfully
Note: Transient op started
Note: Transient op finished successfully
Note: Transient op started
Note: Transient op finished successfully
Note: Transient op started
Note: Transient op finished successfully
Note: Transient op started
Note: Transient op finished successfully
Note: Transient op started
Note: Transient op finished successfully
Note: Transient op started
Note: Transient op finished successfully
Note: Transient op started
Note: Transient op finished successfully
Note: Transient op started
Note: Transient op finished successfully
Note: Transient op started
Note: Transient op started
Note: Transient op finished successfully
Note: Transient op finished successfully
Note: Transient op started
Note: Transient op started
Note: Transient op finished successfully
Note: Transient op finished successfully
Note: Transient op started
Note: Transient op finished successfully
Note: Transient op started
Note: Transient op finished successfully
Note: Transient op started
Note: Transient op finished successfully
Note: Transient op started
Note: Transient op finished successfully
Note: Transient op started
Note: Transient op finished successfully
Note: Transient op started
Note: Transient op finished successfully
Note: Transient op started
Note: Transient op finished successfully
Note: Transient op started
Note: Transient op finished successfully
Note: Transient op started
Note: Transient op finished successfully
Note: Transient op started
Note: Transient op finished successfully
Note: Transient op started
Note: Transient op finished successfully
Note: Transient op started
Note: Transient op finished successfully
Note: Transient op started
Note: Transient op finished successfully
Note: Transient op started
Note: Transient op finished successfully
Note: Transient op started
Note: Transient op finished successfully
Note: Transient op started
Note: Transient op started
Note: Transient op finished successfully
Note: Transient op finished successfully
Note: Transient op started
Note: Transient op finished successfully
Note: Transient op started
Note: Transient op started
Note: Transient op finished successfully
Note: Transient op finished successfully
Note: Transient op started
Note: Transient op finished successfully
Note: Transient op started
Note: Transient op finished successfully
Note: Transient op started
Note: Transient op finished successfully
Note: Transient op started
Note: Transient op finished successfully
Note: Transient op started
Note: Transient op finished successfully
Note: Transient op started
Note: Transient op finished successfully
Note: Transient op started
Note: Transient op started
Note: Transient op finished successfully
Note: Transient op finished successfully
Note: Transient op started
Note: Transient op finished successfully
Note: Transient op started
Note: Transient op finished successfully
Note: Transient op started
Note: Transient op finished successfully
Note: Transient op started
Note: Transient op finished successfully
Note: Transient op started
Note: Transient op finished successfully
Note: Transient op started
Note: Transient op finished successfully
Note: Transient op started
Note: Transient op finished successfully
Note: Transient op started
Note: Transient op finished successfully
Note: Transient op started
Note: Transient op finished successfully
Note: Transient op started
Note: Transient op finished successfully
Note: Transient op started
Note: Transient op finished successfully
Note: Transient op started
Note: Transient op started
Note: Transient op finished successfully
Note: Transient op finished successfully
Note: Transient op started
Note: Transient op finished successfully
Note: Transient op started
Note: Transient op finished successfully
Note: Transient op started
Note: Transient op finished successfully
Note: Transient op started
Note: Transient op finished successfully
Note: Transient op started
Note: Transient op finished successfully
Note: Transient op started
Note: Transient op finished successfully
Note: Transient op started
Note: Transient op finished successfully
Note: Transient op started
Note: Transient op finished successfully
Note: Transient op started
Note: Transient op finished successfully
Note: Transient op started
Note: Transient op finished successfully
Note: Transient op started
Note: Transient op finished successfully
Note: Transient op started
Note: Transient op finished successfully
Note: Transient op started
Note: Transient op finished successfully
Note: Transient op started
Note: Transient op finished successfully
Note: Transient op started
Note: Transient op finished successfully
Note: Transient op started
Note: Transient op finished successfully
Note: Transient op started
Note: Transient op finished successfully
Note: Transient op started
Note: Transient op finished successfully
Note: Transient op started
Note: Transient op started
Note: Transient op finished successfully
Note: Transient op finished successfully
Note: Transient op started
Note: Transient op finished successfully
Note: Transient op started
Note: Transient op finished successfully
Note: Transient op started
Note: Transient op finished successfully
Note: Transient op started
Note: Transient op finished successfully
Note: Transient op started
Note: Transient op finished successfully
Note: Transient op started
Note: Transient op finished successfully
Note: Transient op started
Note: Transient op finished successfully
Note: Transient op started
Note: Transient op finished successfully
Note: Transient op started
Note: Transient op finished successfully
Note: Transient op started
Note: Transient op finished successfully
Note: Transient op started
Note: Transient op finished successfully
Note: Transient op started
Note: Transient op finished successfully
Note: Transient op started
Note: Transient op finished successfully
Note: Transient op started
Note: Transient op finished successfully
Note: Transient op started
Note: Transient op finished successfully
Note: Transient op started
Note: Transient op finished successfully
Note: Transient op started
Note: Transient op finished successfully
Note: Transient op started
Note: Transient op finished successfully
Note: Transient op started
Note: Transient op finished successfully
Note: Transient op started
Note: Transient op finished successfully
Note: Transient op started
Note: Transient op finished successfully
Note: Transient op started
Note: Transient op finished successfully
Note: Transient op started
Note: Transient op started
Note: Transient op finished successfully
Note: Transient op finished successfully
Note: Transient op started
Note: Transient op finished successfully
Note: Transient op started
Note: Transient op finished successfully
Note: Transient op started
Note: Transient op finished successfully
Note: Transient op started
Note: Transient op finished successfully
Note: Transient op started
Note: Transient op finished successfully
Note: Transient op started
Note: Transient op finished successfully
Note: Transient op started
Note: Transient op finished successfully
Note: Transient op started
Note: Transient op finished successfully
Note: Transient op started
Note: Transient op finished successfully
Note: Transient op started
Note: Transient op finished successfully
Note: Transient op started
Note: Transient op finished successfully
Note: Transient op started
Note: Transient op finished successfully
Note: Transient op started
Note: Transient op finished successfully
Note: Transient op started
Note: Transient op finished successfully
Note: Transient op started
Note: Transient op finished successfully
Note: Transient op started
Note: Transient op finished successfully
Note: Transient op started
Note: Transient op finished successfully
Note: Transient op started
Note: Transient op finished successfully
Note: Transient op started
Note: Transient op finished successfully
Note: Transient op started
Note: Transient op finished successfully
Note: Transient op started
Note: Transient op finished successfully
Note: Transient op started
Note: Transient op finished successfully
Note: Transient op started
Note: Transient op started
Note: Transient op finished successfully
Note: Transient op finished successfully
Note: Transient op started
Note: Transient op finished successfully
Note: Transient op started
Note: Transient op finished successfully
Note: Transient op started
Note: Transient op finished successfully
Note: Transient op started
Note: Transient op finished successfully
Note: Transient op started
Note: Transient op finished successfully
Note: Transient op started
Note: Transient op finished successfully
Note: Transient op started
Note: Transient op finished successfully
Note: Transient op started
Note: Transient op finished successfully
Note: Transient op started
Note: Transient op finished successfully
Note: Transient op started
Note: Transient op finished successfully
Note: Transient op started
Note: Transient op finished successfully
Note: Transient op started
Note: Transient op finished successfully
Note: Transient op started
Note: Transient op finished successfully
Note: Transient op started
Note: Transient op finished successfully
Note: Transient op started
Note: Transient op finished successfully
Note: Transient op started
Note: Transient op finished successfully
Note: Transient op started
Note: Transient op finished successfully
Note: Transient op started
Note: Transient op finished successfully
Note: Transient op started
Note: Transient op finished successfully
Note: Transient op started
Note: Transient op finished successfully
Note: Transient op started
Note: Transient op finished successfully
Note: Transient op started
Note: Transient op finished successfully
Note: Transient op started
Note: Transient op finished successfully
Note: Transient op started
Note: Transient op finished successfully
Note: Transient op started
Note: Transient op finished successfully
Note: Transient op started
Note: Transient op finished successfully
Note: Transient op started
Note: Transient op finished successfully
Note: Transient op started
Note: Transient op finished successfully
Note: Transient op started
Note: Transient op finished successfully
Note: Transient op started
Note: Transient op finished successfully
Note: Transient op started
Note: Transient op finished successfully
----------------------------------------
| time/                   |            |
|    fps                  | 6          |
|    iterations           | 16         |
|    time_elapsed         | 2354       |
|    total_timesteps      | 16384      |
| train/                  |            |
|    approx_kl            | 0.01576792 |
|    clip_fraction        | 0.152      |
|    clip_range           | 0.2        |
|    entropy_loss         | -8.29      |
|    explained_variance   | 0.0232     |
|    learning_rate        | 0.0003     |
|    loss                 | 40.5       |
|    n_updates            | 150        |
|    policy_gradient_loss | -0.0306    |
|    std                  | 0.961      |
|    value_loss           | 90         |
----------------------------------------
Note: Transient op started
Note: Transient op finished successfully
Note: Transient op started
Note: Transient op finished successfully
Note: Transient op started
Note: Transient op finished successfully
Note: Transient op started
Note: Transient op finished successfully
Note: Transient op started
Note: Transient op finished successfully
Note: Transient op started
Note: Transient op finished successfully
Note: Transient op started
Note: Transient op finished successfully
Note: Transient op started
Note: Transient op finished successfully
Note: Transient op started
Note: Transient op finished successfully
Note: Transient op started
Note: Transient op started
Note: Transient op finished successfully
Note: Transient op finished successfully
Note: Transient op started
Note: Transient op started
Note: Transient op finished successfully
Note: Transient op finished successfully
Note: Transient op started
Note: Transient op started
Note: Transient op finished successfully
Note: Transient op finished successfully
Note: Transient op started
Note: Transient op finished successfully
Note: Transient op started
Note: Transient op finished successfully
Note: Transient op started
Note: Transient op finished successfully
Note: Transient op started
Note: Transient op finished successfully
Note: Transient op started
Note: Transient op finished successfully
Note: Transient op started
Note: Transient op finished successfully
Note: Transient op started
Note: Transient op finished successfully
Note: Transient op started
Note: Transient op finished successfully
Note: Transient op started
Note: Transient op finished successfully
Note: Transient op started
Note: Transient op started
Note: Transient op finished successfully
Note: Transient op finished successfully
Note: Transient op started
Note: Transient op finished successfully
Note: Transient op started
Note: Transient op finished successfully
Note: Transient op started
Note: Transient op finished successfully
Note: Transient op started
Note: Transient op finished successfully
Note: Transient op started
Note: Transient op finished successfully
Note: Transient op started
Note: Transient op started
Note: Transient op finished successfully
Note: Transient op started
Note: Transient op finished successfully
Note: Transient op finished successfully
Note: Transient op started
Note: Transient op finished successfully
Note: Transient op started
Note: Transient op finished successfully
Note: Transient op started
Note: Transient op finished successfully
Note: Transient op started
Note: Transient op finished successfully
Note: Transient op started
Note: Transient op finished successfully
Note: Transient op started
Note: Transient op finished successfully
Note: Transient op started
Note: Transient op finished successfully
Note: Transient op started
Note: Transient op finished successfully
Note: Transient op started
Note: Transient op finished successfully
Note: Transient op started
Note: Transient op finished successfully
Note: Transient op started
Note: Transient op finished successfully
Note: Transient op started
Note: Transient op finished successfully
Note: Transient op started
Note: Transient op finished successfully
Note: Transient op started
Note: Transient op finished successfully
Note: Transient op started
Note: Transient op finished successfully
Note: Transient op started
Note: Transient op finished successfully
Note: Transient op started
Note: Transient op finished successfully
Note: Transient op started
Note: Transient op finished successfully
Note: Transient op started
Note: Transient op finished successfully
Note: Transient op started
Note: Transient op finished successfully
Note: Transient op started
Note: Transient op finished successfully
Note: Transient op started
Note: Transient op finished successfully
Note: Transient op started
Note: Transient op finished successfully
Note: Transient op started
Note: Transient op finished successfully
Note: Transient op started
Note: Transient op finished successfully
Note: Transient op started
Note: Transient op finished successfully
Note: Transient op started
Note: Transient op finished successfully
Note: Transient op started
Note: Transient op finished successfully
Note: Transient op started
Note: Transient op started
Note: Transient op finished successfully
Note: Transient op finished successfully
Note: Transient op started
Note: Transient op finished successfully
Note: Transient op started
Note: Transient op finished successfully
Note: Transient op started
Note: Transient op finished successfully
Note: Transient op started
Note: Transient op finished successfully
Note: Transient op started
Note: Transient op finished successfully
Note: Transient op started
Note: Transient op started
Note: Transient op finished successfully
Note: Transient op finished successfully
Note: Transient op started
Note: Transient op finished successfully
Note: Transient op started
Note: Transient op finished successfully
Note: Transient op started
Note: Transient op finished successfully
Note: Transient op started
Note: Transient op finished successfully
Note: Transient op started
Note: Transient op started
Note: Transient op finished successfully
Note: Transient op finished successfully
Note: Transient op started
Note: Transient op started
Note: Transient op finished successfully
Note: Transient op finished successfully
Note: Transient op started
Note: Transient op finished successfully
Note: Transient op started
Note: Transient op finished successfully
Note: Transient op started
Note: Transient op finished successfully
Note: Transient op started
Note: Transient op finished successfully
Note: Transient op started
Note: Transient op finished successfully
Note: Transient op started
Note: Transient op started
Note: Transient op started
Note: Transient op finished successfully
Note: Transient op finished successfully
Note: Transient op finished successfully
Note: Transient op started
Note: Transient op finished successfully
Note: Transient op started
Note: Transient op finished successfully
Note: Transient op started
Note: Transient op finished successfully
Note: Transient op started
Note: Transient op finished successfully
Note: Transient op started
Note: Transient op finished successfully
Note: Transient op started
Note: Transient op finished successfully
Note: Transient op started
Note: Transient op finished successfully
Note: Transient op started
Note: Transient op finished successfully
Note: Transient op started
Note: Transient op finished successfully
Note: Transient op started
Note: Transient op started
Note: Transient op finished successfully
Note: Transient op started
Note: Transient op finished successfully
Note: Transient op finished successfully
Note: Transient op started
Note: Transient op finished successfully
Note: Transient op started
Note: Transient op finished successfully
Note: Transient op started
Note: Transient op finished successfully
Note: Transient op started
Note: Transient op started
Note: Transient op started
Note: Transient op finished successfully
Note: Transient op finished successfully
Note: Transient op finished successfully
Note: Transient op started
Note: Transient op finished successfully
Note: Transient op started
Note: Transient op finished successfully
Note: Transient op started
Note: Transient op finished successfully
Note: Transient op started
Note: Transient op finished successfully
Note: Transient op started
Note: Transient op finished successfully
Note: Transient op started
Note: Transient op finished successfully
Note: Transient op started
Note: Transient op finished successfully
Note: Transient op started
Note: Transient op finished successfully
Note: Transient op started
Note: Transient op finished successfully
Note: Transient op started
Note: Transient op finished successfully
Note: Transient op started
Note: Transient op finished successfully
Note: Transient op started
Note: Transient op finished successfully
Note: Transient op started
Note: Transient op finished successfully
Note: Transient op started
Note: Transient op finished successfully
Note: Transient op started
Note: Transient op finished successfully
Note: Transient op started
Note: Transient op finished successfully
Note: Transient op started
Note: Transient op finished successfully
Note: Transient op started
Note: Transient op finished successfully
Note: Transient op started
Note: Transient op finished successfully
Note: Transient op started
Note: Transient op finished successfully
Note: Transient op started
Note: Transient op finished successfully
Note: Transient op started
Note: Transient op finished successfully
Note: Transient op started
Note: Transient op finished successfully
Note: Transient op started
Note: Transient op finished successfully
Note: Transient op started
Note: Transient op finished successfully
Note: Transient op started
Note: Transient op finished successfully
Note: Transient op started
Note: Transient op finished successfully
Note: Transient op started
Note: Transient op started
Note: Transient op finished successfully
Note: Transient op finished successfully
Note: Transient op started
Note: Transient op started
Note: Transient op finished successfully
Note: Transient op finished successfully
Note: Transient op started
Note: Transient op finished successfully
Note: Transient op started
Note: Transient op finished successfully
Note: Transient op started
Note: Transient op finished successfully
Note: Transient op started
Note: Transient op finished successfully
Note: Transient op started
Note: Transient op finished successfully
Note: Transient op started
Note: Transient op finished successfully
Note: Transient op started
Note: Transient op finished successfully
Note: Transient op started
Note: Transient op finished successfully
Note: Transient op started
Note: Transient op started
Note: Transient op finished successfully
Note: Transient op finished successfully
Note: Transient op started
Note: Transient op finished successfully
Note: Transient op started
Note: Transient op finished successfully
Note: Transient op started
Note: Transient op finished successfully
Note: Transient op started
Note: Transient op finished successfully
Note: Transient op started
Note: Transient op finished successfully
Note: Transient op started
Note: Transient op finished successfully
Note: Transient op started
Note: Transient op finished successfully
Note: Transient op started
Note: Transient op finished successfully
Note: Transient op started
Note: Transient op finished successfully
Note: Transient op started
Note: Transient op finished successfully
Note: Transient op started
Note: Transient op finished successfully
Note: Transient op started
Note: Transient op finished successfully
Note: Transient op started
Note: Transient op finished successfully
Note: Transient op started
Note: Transient op started
Note: Transient op finished successfully
Note: Transient op finished successfully
Note: Transient op started
Note: Transient op finished successfully
Note: Transient op started
Note: Transient op finished successfully
Note: Transient op started
Note: Transient op started
Note: Transient op finished successfully
Note: Transient op finished successfully
Note: Transient op started
Note: Transient op finished successfully
Note: Transient op started
Note: Transient op started
Note: Transient op finished successfully
Note: Transient op finished successfully
Note: Transient op started
Note: Transient op finished successfully
Note: Transient op started
Note: Transient op finished successfully
Note: Transient op started
Note: Transient op finished successfully
Note: Transient op started
Note: Transient op finished successfully
Note: Transient op started
Note: Transient op finished successfully
Note: Transient op started
Note: Transient op finished successfully
Note: Transient op started
Note: Transient op finished successfully
Note: Transient op started
Note: Transient op finished successfully
Note: Transient op started
Note: Transient op finished successfully
Note: Transient op started
Note: Transient op finished successfully
Note: Transient op started
Note: Transient op finished successfully
Note: Transient op started
Note: Transient op finished successfully
Note: Transient op started
Note: Transient op finished successfully
Note: Transient op started
Note: Transient op finished successfully
Note: Transient op started
Note: Transient op finished successfully
Note: Transient op started
Note: Transient op finished successfully
Note: Transient op started
Note: Transient op finished successfully
Note: Transient op started
Note: Transient op finished successfully
Note: Transient op started
Note: Transient op finished successfully
Note: Transient op started
Note: Transient op finished successfully
Note: Transient op started
Note: Transient op finished successfully
Note: Transient op started
Note: Transient op finished successfully
Note: Transient op started
Note: Transient op finished successfully
Note: Transient op started
Note: Transient op finished successfully
Note: Transient op started
Note: Transient op finished successfully
Note: Transient op started
Note: Transient op finished successfully
Note: Transient op started
Note: Transient op finished successfully
Note: Transient op started
Note: Transient op finished successfully
Note: Transient op started
Note: Transient op finished successfully
Note: Transient op started
Note: Transient op finished successfully
Note: Transient op started
Note: Transient op finished successfully
Note: Transient op started
Note: Transient op finished successfully
Note: Transient op started
Note: Transient op finished successfully
Note: Transient op started
Note: Transient op finished successfully
Note: Transient op started
Note: Transient op finished successfully
Note: Transient op started
Note: Transient op finished successfully
Note: Transient op started
Note: Transient op finished successfully
Note: Transient op started
Note: Transient op finished successfully
Note: Transient op started
Note: Transient op finished successfully
Note: Transient op started
Note: Transient op finished successfully
Note: Transient op started
Note: Transient op finished successfully
Note: Transient op started
Note: Transient op finished successfully
Note: Transient op started
Note: Transient op finished successfully
Note: Transient op started
Note: Transient op finished successfully
Note: Transient op started
Note: Transient op finished successfully
Note: Transient op started
Note: Transient op finished successfully
Note: Transient op started
Note: Transient op finished successfully
Note: Transient op started
Note: Transient op finished successfully
Note: Transient op started
Note: Transient op started
Note: Transient op finished successfully
Note: Transient op finished successfully
Note: Transient op started
Note: Transient op finished successfully
Note: Transient op started
Note: Transient op finished successfully
Note: Transient op started
Note: Transient op finished successfully
Note: Transient op started
Note: Transient op finished successfully
Note: Transient op started
Note: Transient op finished successfully
Note: Transient op started
Note: Transient op finished successfully
Note: Transient op started
Note: Transient op finished successfully
Note: Transient op started
Note: Transient op finished successfully
Note: Transient op started
Note: Transient op finished successfully
Note: Transient op started
Note: Transient op finished successfully
Note: Transient op started
Note: Transient op started
Note: Transient op finished successfully
Note: Transient op finished successfully
Note: Transient op started
Note: Transient op started
Note: Transient op finished successfully
Note: Transient op finished successfully
Note: Transient op started
Note: Transient op finished successfully
Note: Transient op started
Note: Transient op started
Note: Transient op finished successfully
Note: Transient op finished successfully
Note: Transient op started
Note: Transient op finished successfully
Note: Transient op started
Note: Transient op finished successfully
Note: Transient op started
Note: Transient op finished successfully
Note: Transient op started
Note: Transient op finished successfully
Note: Transient op started
Note: Transient op started
Note: Transient op finished successfully
Note: Transient op finished successfully
Note: Transient op started
Note: Transient op finished successfully
Note: Transient op started
Note: Transient op finished successfully
Note: Transient op started
Note: Transient op finished successfully
Note: Transient op started
Note: Transient op finished successfully
Note: Transient op started
Note: Transient op finished successfully
Note: Transient op started
Note: Transient op finished successfully
Note: Transient op started
Note: Transient op finished successfully
Note: Transient op started
Note: Transient op finished successfully
Note: Transient op started
Note: Transient op finished successfully
Note: Transient op started
Note: Transient op finished successfully
Note: Transient op started
Note: Transient op finished successfully
Note: Transient op started
Note: Transient op finished successfully
Note: Transient op started
Note: Transient op finished successfully
Note: Transient op started
Note: Transient op finished successfully
Note: Transient op started
Note: Transient op finished successfully
Note: Transient op started
Note: Transient op finished successfully
Note: Transient op started
Note: Transient op finished successfully
Note: Transient op started
Note: Transient op finished successfully
Note: Transient op started
Note: Transient op finished successfully
Note: Transient op started
Note: Transient op finished successfully
Note: Transient op started
Note: Transient op finished successfully
Note: Transient op started
Note: Transient op finished successfully
Note: Transient op started
Note: Transient op finished successfully
Note: Transient op started
Note: Transient op finished successfully
Note: Transient op started
Note: Transient op finished successfully
Note: Transient op started
Note: Transient op finished successfully
Note: Transient op started
Note: Transient op finished successfully
Note: Transient op started
Note: Transient op finished successfully
Note: Transient op started
Note: Transient op finished successfully
Note: Transient op started
Note: Transient op finished successfully
Note: Transient op started
Note: Transient op finished successfully
Note: Transient op started
Note: Transient op finished successfully
Note: Transient op started
Note: Transient op finished successfully
Note: Transient op started
Note: Transient op finished successfully
Note: Transient op started
Note: Transient op finished successfully
Note: Transient op started
Note: Transient op finished successfully
Note: Transient op started
Note: Transient op finished successfully
Note: Transient op started
Note: Transient op finished successfully
Note: Transient op started
Note: Transient op finished successfully
Note: Transient op started
Note: Transient op finished successfully
Note: Transient op started
Note: Transient op finished successfully
Note: Transient op started
Note: Transient op finished successfully
Note: Transient op started
Note: Transient op finished successfully
Note: Transient op started
Note: Transient op finished successfully
Note: Transient op started
Note: Transient op finished successfully
Note: Transient op started
Note: Transient op finished successfully
Note: Transient op started
Note: Transient op finished successfully
Note: Transient op started
Note: Transient op finished successfully
Note: Transient op started
Note: Transient op finished successfully
Note: Transient op started
Note: Transient op finished successfully
Note: Transient op started
Note: Transient op finished successfully
Note: Transient op started
Note: Transient op finished successfully
Note: Transient op started
Note: Transient op finished successfully
Note: Transient op started
Note: Transient op finished successfully
Note: Transient op started
Note: Transient op finished successfully
Note: Transient op started
Note: Transient op finished successfully
Note: Transient op started
Note: Transient op finished successfully
Note: Transient op started
Note: Transient op finished successfully
Note: Transient op started
Note: Transient op finished successfully
Note: Transient op started
Note: Transient op finished successfully
Note: Transient op started
Note: Transient op finished successfully
Note: Transient op started
Note: Transient op finished successfully
Note: Transient op started
Note: Transient op finished successfully
Note: Transient op started
Note: Transient op finished successfully
Note: Transient op started
Note: Transient op finished successfully
Note: Transient op started
Note: Transient op finished successfully
Note: Transient op started
Note: Transient op finished successfully
Note: Transient op started
Note: Transient op finished successfully
------------------------------------------
| time/                   |              |
|    fps                  | 6            |
|    iterations           | 17           |
|    time_elapsed         | 2610         |
|    total_timesteps      | 17408        |
| train/                  |              |
|    approx_kl            | 0.0132484855 |
|    clip_fraction        | 0.119        |
|    clip_range           | 0.2          |
|    entropy_loss         | -8.26        |
|    explained_variance   | 0.0164       |
|    learning_rate        | 0.0003       |
|    loss                 | 28.4         |
|    n_updates            | 160          |
|    policy_gradient_loss | -0.022       |
|    std                  | 0.957        |
|    value_loss           | 65.8         |
------------------------------------------
Note: Transient op started
Note: Transient op started
Note: Transient op finished successfully
Note: Transient op finished successfully
Note: Transient op started
Note: Transient op finished successfully
Note: Transient op started
Note: Transient op finished successfully
Note: Transient op started
Note: Transient op finished successfully
Note: Transient op started
Note: Transient op finished successfully
Note: Transient op started
Note: Transient op finished successfully
Note: Transient op started
Note: Transient op finished successfully
Note: Transient op started
Note: Transient op finished successfully
Note: Transient op started
Note: Transient op finished successfully
Note: Transient op started
Note: Transient op finished successfully
Note: Transient op started
Note: Transient op finished successfully
Note: Transient op started
Note: Transient op finished successfully
Note: Transient op started
Note: Transient op finished successfully
Note: Transient op started
Note: Transient op finished successfully
Note: Transient op started
Note: Transient op finished successfully
Note: Transient op started
Note: Transient op finished successfully
Note: Transient op started
Note: Transient op finished successfully
Note: Transient op started
Note: Transient op finished successfully
Note: Transient op started
Note: Transient op finished successfully
Note: Transient op started
Note: Transient op finished successfully
Note: Transient op started
Note: Transient op started
Note: Transient op finished successfully
Note: Transient op finished successfully
Note: Transient op started
Note: Transient op finished successfully
Note: Transient op started
Note: Transient op finished successfully
Note: Transient op started
Note: Transient op finished successfully
Note: Transient op started
Note: Transient op finished successfully
Note: Transient op started
Note: Transient op finished successfully
Note: Transient op started
Note: Transient op finished successfully
Note: Transient op started
Note: Transient op finished successfully
Note: Transient op started
Note: Transient op finished successfully
Note: Transient op started
Note: Transient op finished successfully
Note: Transient op started
Note: Transient op finished successfully
Note: Transient op started
Note: Transient op finished successfully
Note: Transient op started
Note: Transient op finished successfully
Note: Transient op started
Note: Transient op finished successfully
Note: Transient op started
Note: Transient op finished successfully
Note: Transient op started
Note: Transient op started
Note: Transient op finished successfully
Note: Transient op finished successfully
Note: Transient op started
Note: Transient op finished successfully
Note: Transient op started
Note: Transient op finished successfully
Note: Transient op started
Note: Transient op finished successfully
Note: Transient op started
Note: Transient op finished successfully
Note: Transient op started
Note: Transient op finished successfully
Note: Transient op started
Note: Transient op finished successfully
Note: Transient op started
Note: Transient op finished successfully
Note: Transient op started
Note: Transient op finished successfully
Note: Transient op started
Note: Transient op finished successfully
Note: Transient op started
Note: Transient op finished successfully
Note: Transient op started
Note: Transient op finished successfully
Note: Transient op started
Note: Transient op finished successfully
Note: Transient op started
Note: Transient op started
Note: Transient op finished successfully
Note: Transient op finished successfully
Note: Transient op started
Note: Transient op finished successfully
Note: Transient op started
Note: Transient op finished successfully
Note: Transient op started
Note: Transient op finished successfully
Note: Transient op started
Note: Transient op finished successfully
Note: Transient op started
Note: Transient op started
Note: Transient op finished successfully
Note: Transient op finished successfully
Note: Transient op started
Note: Transient op started
Note: Transient op finished successfully
Note: Transient op finished successfully
Note: Transient op started
Note: Transient op finished successfully
Note: Transient op started
Note: Transient op finished successfully
Note: Transient op started
Note: Transient op started
Note: Transient op finished successfully
Note: Transient op finished successfully
Note: Transient op started
Note: Transient op finished successfully
Note: Transient op started
Note: Transient op finished successfully
Note: Transient op started
Note: Transient op finished successfully
Note: Transient op started
Note: Transient op finished successfully
Note: Transient op started
Note: Transient op finished successfully
Note: Transient op started
Note: Transient op finished successfully
Note: Transient op started
Note: Transient op finished successfully
Note: Transient op started
Note: Transient op finished successfully
Note: Transient op started
Note: Transient op finished successfully
Note: Transient op started
Note: Transient op finished successfully
Note: Transient op started
Note: Transient op finished successfully
Note: Transient op started
Note: Transient op finished successfully
Note: Transient op started
Note: Transient op finished successfully
Note: Transient op started
Note: Transient op started
Note: Transient op started
Note: Transient op finished successfully
Note: Transient op finished successfully
Note: Transient op finished successfully
Note: Transient op started
Note: Transient op finished successfully
Note: Transient op started
Note: Transient op started
Note: Transient op finished successfully
Note: Transient op finished successfully
Note: Transient op started
Note: Transient op finished successfully
Note: Transient op started
Note: Transient op started
Note: Transient op finished successfully
Note: Transient op finished successfully
Note: Transient op started
Note: Transient op finished successfully
Note: Transient op started
Note: Transient op finished successfully
Note: Transient op started
Note: Transient op finished successfully
Note: Transient op started
Note: Transient op finished successfully
Note: Transient op started
Note: Transient op started
Note: Transient op finished successfully
Note: Transient op finished successfully
Note: Transient op started
Note: Transient op finished successfully
Note: Transient op started
Note: Transient op started
Note: Transient op finished successfully
Note: Transient op finished successfully
Note: Transient op started
Note: Transient op finished successfully
Note: Transient op started
Note: Transient op started
Note: Transient op finished successfully
Note: Transient op finished successfully
Note: Transient op started
Note: Transient op finished successfully
Note: Transient op started
Note: Transient op finished successfully
Note: Transient op started
Note: Transient op finished successfully
Note: Transient op started
Note: Transient op finished successfully
Note: Transient op started
Note: Transient op finished successfully
Note: Transient op started
Note: Transient op finished successfully
Note: Transient op started
Note: Transient op finished successfully
Note: Transient op started
Note: Transient op finished successfully
Note: Transient op started
Note: Transient op finished successfully
Note: Transient op started
Note: Transient op finished successfully
Note: Transient op started
Note: Transient op started
Note: Transient op finished successfully
Note: Transient op finished successfully
Note: Transient op started
Note: Transient op finished successfully
Note: Transient op started
Note: Transient op finished successfully
Note: Transient op started
Note: Transient op finished successfully
Note: Transient op started
Note: Transient op finished successfully
Note: Transient op started
Note: Transient op started
Note: Transient op finished successfully
Note: Transient op finished successfully
Note: Transient op started
Note: Transient op started
Note: Transient op started
Note: Transient op finished successfully
Note: Transient op finished successfully
Note: Transient op started
Note: Transient op finished successfully
Note: Transient op finished successfully
Note: Transient op started
Note: Transient op finished successfully
Note: Transient op started
Note: Transient op started
Note: Transient op finished successfully
Note: Transient op finished successfully
Note: Transient op started
Note: Transient op finished successfully
Note: Transient op started
Note: Transient op finished successfully
Note: Transient op started
Note: Transient op finished successfully
Note: Transient op started
Note: Transient op finished successfully
Note: Transient op started
Note: Transient op started
Note: Transient op finished successfully
Note: Transient op started
Note: Transient op finished successfully
Note: Transient op started
Note: Transient op finished successfully
Note: Transient op finished successfully
Note: Transient op started
Note: Transient op finished successfully
Note: Transient op started
Note: Transient op finished successfully
Note: Transient op started
Note: Transient op started
Note: Transient op finished successfully
Note: Transient op finished successfully
Note: Transient op started
Note: Transient op started
Note: Transient op finished successfully
Note: Transient op finished successfully
Note: Transient op started
Note: Transient op finished successfully
Note: Transient op started
Note: Transient op started
Note: Transient op finished successfully
Note: Transient op finished successfully
Note: Transient op started
Note: Transient op finished successfully
Note: Transient op started
Note: Transient op started
Note: Transient op finished successfully
Note: Transient op finished successfully
Note: Transient op started
Note: Transient op started
Note: Transient op started
Note: Transient op finished successfully
Note: Transient op finished successfully
Note: Transient op finished successfully
Note: Transient op started
Note: Transient op finished successfully
Note: Transient op started
Note: Transient op finished successfully
Note: Transient op started
Note: Transient op finished successfully
Note: Transient op started
Note: Transient op finished successfully
Note: Transient op started
Note: Transient op started
Note: Transient op finished successfully
Note: Transient op finished successfully
Note: Transient op started
Note: Transient op finished successfully
Note: Transient op started
Note: Transient op started
Note: Transient op finished successfully
Note: Transient op finished successfully
Note: Transient op started
Note: Transient op finished successfully
Note: Transient op started
Note: Transient op started
Note: Transient op finished successfully
Note: Transient op finished successfully
Note: Transient op started
Note: Transient op finished successfully
Note: Transient op started
Note: Transient op finished successfully
Note: Transient op started
Note: Transient op finished successfully
Note: Transient op started
Note: Transient op finished successfully
Note: Transient op started
Note: Transient op finished successfully
Note: Transient op started
Note: Transient op finished successfully
Note: Transient op started
Note: Transient op started
Note: Transient op started
Note: Transient op finished successfully
Note: Transient op finished successfully
Note: Transient op finished successfully
Note: Transient op started
Note: Transient op started
Note: Transient op finished successfully
Note: Transient op finished successfully
Note: Transient op started
Note: Transient op finished successfully
Note: Transient op started
Note: Transient op finished successfully
Note: Transient op started
Note: Transient op finished successfully
Note: Transient op started
Note: Transient op finished successfully
Note: Transient op started
Note: Transient op finished successfully
Note: Transient op started
Note: Transient op finished successfully
Note: Transient op started
Note: Transient op finished successfully
Note: Transient op started
Note: Transient op finished successfully
Note: Transient op started
Note: Transient op finished successfully
Note: Transient op started
Note: Transient op finished successfully
Note: Transient op started
Note: Transient op finished successfully
Note: Transient op started
Note: Transient op finished successfully
Note: Transient op started
Note: Transient op finished successfully
Note: Transient op started
Note: Transient op finished successfully
Note: Transient op started
Note: Transient op finished successfully
Note: Transient op started
Note: Transient op finished successfully
Note: Transient op started
Note: Transient op finished successfully
Note: Transient op started
Note: Transient op finished successfully
Note: Transient op started
Note: Transient op finished successfully
Note: Transient op started
Note: Transient op finished successfully
Note: Transient op started
Note: Transient op finished successfully
Note: Transient op started
Note: Transient op finished successfully
Note: Transient op started
Note: Transient op started
Note: Transient op finished successfully
Note: Transient op finished successfully
Note: Transient op started
Note: Transient op started
Note: Transient op finished successfully
Note: Transient op finished successfully
Note: Transient op started
Note: Transient op started
Note: Transient op finished successfully
Note: Transient op finished successfully
Note: Transient op started
Note: Transient op finished successfully
Note: Transient op started
Note: Transient op finished successfully
Note: Transient op started
Note: Transient op finished successfully
Note: Transient op started
Note: Transient op finished successfully
Note: Transient op started
Note: Transient op finished successfully
Note: Transient op started
Note: Transient op finished successfully
Note: Transient op started
Note: Transient op finished successfully
Note: Transient op started
Note: Transient op finished successfully
Note: Transient op started
Note: Transient op finished successfully
Note: Transient op started
Note: Transient op finished successfully
Note: Transient op started
Note: Transient op finished successfully
Note: Transient op started
Note: Transient op finished successfully
Note: Transient op started
Note: Transient op finished successfully
Note: Transient op started
Note: Transient op finished successfully
Note: Transient op started
Note: Transient op finished successfully
Note: Transient op started
Note: Transient op finished successfully
Note: Transient op started
Note: Transient op finished successfully
Note: Transient op started
Note: Transient op finished successfully
Note: Transient op started
Note: Transient op finished successfully
Note: Transient op started
Note: Transient op finished successfully
Note: Transient op started
Note: Transient op finished successfully
Note: Transient op started
Note: Transient op finished successfully
Note: Transient op started
Note: Transient op finished successfully
Note: Transient op started
Note: Transient op finished successfully
Note: Transient op started
Note: Transient op started
Note: Transient op started
Note: Transient op finished successfully
Note: Transient op finished successfully
Note: Transient op finished successfully
Note: Transient op started
Note: Transient op finished successfully
Note: Transient op started
Note: Transient op started
Note: Transient op finished successfully
Note: Transient op finished successfully
Note: Transient op started
Note: Transient op finished successfully
Note: Transient op started
Note: Transient op finished successfully
Note: Transient op started
Note: Transient op finished successfully
Note: Transient op started
Note: Transient op finished successfully
Note: Transient op started
Note: Transient op finished successfully
Note: Transient op started
Note: Transient op finished successfully
Note: Transient op started
Note: Transient op finished successfully
Note: Transient op started
Note: Transient op finished successfully
Note: Transient op started
Note: Transient op finished successfully
Note: Transient op started
Note: Transient op started
Note: Transient op started
Note: Transient op finished successfully
Note: Transient op finished successfully
Note: Transient op finished successfully
Note: Transient op started
Note: Transient op started
Note: Transient op finished successfully
Note: Transient op finished successfully
Note: Transient op started
Note: Transient op finished successfully
Note: Transient op started
Note: Transient op started
Note: Transient op finished successfully
Note: Transient op finished successfully
Note: Transient op started
Note: Transient op finished successfully
Note: Transient op started
Note: Transient op started
Note: Transient op started
Note: Transient op finished successfully
Note: Transient op finished successfully
Note: Transient op finished successfully
Note: Transient op started
Note: Transient op finished successfully
Note: Transient op started
Note: Transient op started
Note: Transient op finished successfully
Note: Transient op finished successfully
Note: Transient op started
Note: Transient op started
Note: Transient op finished successfully
Note: Transient op finished successfully
Note: Transient op started
Note: Transient op finished successfully
Note: Transient op started
Note: Transient op finished successfully
Note: Transient op started
Note: Transient op finished successfully
Note: Transient op started
Note: Transient op finished successfully
Note: Transient op started
Note: Transient op finished successfully
Note: Transient op started
Note: Transient op finished successfully
Note: Transient op started
Note: Transient op finished successfully
Note: Transient op started
Note: Transient op finished successfully
Note: Transient op started
Note: Transient op finished successfully
Note: Transient op started
Note: Transient op finished successfully
Note: Transient op started
Note: Transient op started
Note: Transient op finished successfully
Note: Transient op finished successfully
Note: Transient op started
Note: Transient op finished successfully
Note: Transient op started
Note: Transient op finished successfully
Note: Transient op started
Note: Transient op started
Note: Transient op finished successfully
Note: Transient op finished successfully
Note: Transient op started
Note: Transient op finished successfully
Note: Transient op started
Note: Transient op finished successfully
Note: Transient op started
Note: Transient op finished successfully
Note: Transient op started
Note: Transient op finished successfully
Note: Transient op started
Note: Transient op finished successfully
Note: Transient op started
Note: Transient op started
Note: Transient op finished successfully
Note: Transient op finished successfully
Note: Transient op started
Note: Transient op started
Note: Transient op finished successfully
Note: Transient op finished successfully
Note: Transient op started
Note: Transient op finished successfully
Note: Transient op started
Note: Transient op finished successfully
Note: Transient op started
Note: Transient op finished successfully
Note: Transient op started
Note: Transient op finished successfully
Note: Transient op started
Note: Transient op finished successfully
Note: Transient op started
Note: Transient op finished successfully
Note: Transient op started
Note: Transient op finished successfully
Note: Transient op started
Note: Transient op finished successfully
Note: Transient op started
Note: Transient op finished successfully
Note: Transient op started
Note: Transient op finished successfully
Note: Transient op started
Note: Transient op finished successfully
Note: Transient op started
Note: Transient op finished successfully
Note: Transient op started
Note: Transient op finished successfully
Note: Transient op started
Note: Transient op finished successfully
Note: Transient op started
Note: Transient op finished successfully
Note: Transient op started
Note: Transient op finished successfully
Note: Transient op started
Note: Transient op finished successfully
Note: Transient op started
Note: Transient op finished successfully
Note: Transient op started
Note: Transient op finished successfully
Note: Transient op started
Note: Transient op finished successfully
Note: Transient op started
Note: Transient op finished successfully
Note: Transient op started
Note: Transient op finished successfully
Note: Transient op started
Note: Transient op finished successfully
Note: Transient op started
Note: Transient op finished successfully
Note: Transient op started
Note: Transient op finished successfully
Note: Transient op started
Note: Transient op finished successfully
Note: Transient op started
Note: Transient op finished successfully
Note: Transient op started
Note: Transient op finished successfully
Note: Transient op started
Note: Transient op finished successfully
Note: Transient op started
Note: Transient op finished successfully
Note: Transient op started
Note: Transient op finished successfully
Note: Transient op started
Note: Transient op finished successfully
Note: Transient op started
Note: Transient op finished successfully
Note: Transient op started
Note: Transient op finished successfully
Note: Transient op started
Note: Transient op started
Note: Transient op finished successfully
Note: Transient op finished successfully
Note: Transient op started
Note: Transient op finished successfully
Note: Transient op started
Note: Transient op started
Note: Transient op finished successfully
Note: Transient op finished successfully
Note: Transient op started
Note: Transient op finished successfully
Note: Transient op started
Note: Transient op finished successfully
Note: Transient op started
Note: Transient op finished successfully
Note: Transient op started
Note: Transient op finished successfully
Note: Transient op started
Note: Transient op started
Note: Transient op finished successfully
Note: Transient op finished successfully
Note: Transient op started
Note: Transient op finished successfully
Note: Transient op started
Note: Transient op started
Note: Transient op finished successfully
Note: Transient op finished successfully
Note: Transient op started
Note: Transient op started
Note: Transient op started
Note: Transient op finished successfully
Note: Transient op finished successfully
Note: Transient op finished successfully
Note: Transient op started
Note: Transient op finished successfully
Note: Transient op started
Note: Transient op finished successfully
Note: Transient op started
Note: Transient op finished successfully
Note: Transient op started
Note: Transient op finished successfully
Note: Transient op started
Note: Transient op finished successfully
Note: Transient op started
Note: Transient op finished successfully
Note: Transient op started
Note: Transient op finished successfully
Note: Transient op started
Note: Transient op finished successfully
Note: Transient op started
Note: Transient op finished successfully
Note: Transient op started
Note: Transient op finished successfully
Note: Transient op started
Note: Transient op finished successfully
Note: Transient op started
Note: Transient op finished successfully
Note: Transient op started
Note: Transient op finished successfully
Note: Transient op started
Note: Transient op finished successfully
Note: Transient op started
Note: Transient op finished successfully
Note: Transient op started
Note: Transient op finished successfully
Note: Transient op started
Note: Transient op finished successfully
Note: Transient op started
Note: Transient op finished successfully
Note: Transient op started
Note: Transient op finished successfully
Note: Transient op started
Note: Transient op finished successfully
Note: Transient op started
Note: Transient op finished successfully
Note: Transient op started
Note: Transient op finished successfully
Note: Transient op started
Note: Transient op finished successfully
Note: Transient op started
Note: Transient op finished successfully
Note: Transient op started
Note: Transient op finished successfully
Note: Transient op started
Note: Transient op finished successfully
Note: Transient op started
Note: Transient op finished successfully
Note: Transient op started
Note: Transient op finished successfully
Note: Transient op started
Note: Transient op finished successfully
Note: Transient op started
Note: Transient op finished successfully
Note: Transient op started
Note: Transient op finished successfully
Note: Transient op started
Note: Transient op finished successfully
Note: Transient op started
Note: Transient op finished successfully
Note: Transient op started
Note: Transient op finished successfully
Note: Transient op started
Note: Transient op finished successfully
Note: Transient op started
Note: Transient op finished successfully
Note: Transient op started
Note: Transient op started
Note: Transient op finished successfully
Note: Transient op finished successfully
Note: Transient op started
Note: Transient op started
Note: Transient op finished successfully
Note: Transient op finished successfully
Note: Transient op started
Note: Transient op finished successfully
Note: Transient op started
Note: Transient op finished successfully
Note: Transient op started
Note: Transient op finished successfully
Note: Transient op started
Note: Transient op finished successfully
Note: Transient op started
Note: Transient op finished successfully
Note: Transient op started
Note: Transient op finished successfully
Note: Transient op started
Note: Transient op finished successfully
Note: Transient op started
Note: Transient op finished successfully
Note: Transient op started
Note: Transient op finished successfully
Note: Transient op started
Note: Transient op started
Note: Transient op finished successfully
Note: Transient op finished successfully
Note: Transient op started
Note: Transient op started
Note: Transient op finished successfully
Note: Transient op started
Note: Transient op finished successfully
Note: Transient op finished successfully
Note: Transient op started
Note: Transient op started
Note: Transient op finished successfully
Note: Transient op finished successfully
Note: Transient op started
Note: Transient op finished successfully
Note: Transient op started
Note: Transient op started
Note: Transient op finished successfully
Note: Transient op finished successfully
Note: Transient op started
Note: Transient op finished successfully
Note: Transient op started
Note: Transient op finished successfully
Note: Transient op started
Note: Transient op finished successfully
Note: Transient op started
Note: Transient op finished successfully
Note: Transient op started
Note: Transient op finished successfully
Note: Transient op started
Note: Transient op finished successfully
Note: Transient op started
Note: Transient op finished successfully
Note: Transient op started
Note: Transient op finished successfully
Note: Transient op started
Note: Transient op finished successfully
Note: Transient op started
Note: Transient op started
Note: Transient op finished successfully
Note: Transient op finished successfully
Note: Transient op started
Note: Transient op started
Note: Transient op finished successfully
Note: Transient op finished successfully
Note: Transient op started
Note: Transient op started
Note: Transient op finished successfully
Note: Transient op finished successfully
Note: Transient op started
Note: Transient op finished successfully
Note: Transient op started
Note: Transient op finished successfully
Note: Transient op started
Note: Transient op finished successfully
Note: Transient op started
Note: Transient op finished successfully
Note: Transient op started
Note: Transient op finished successfully
Note: Transient op started
Note: Transient op finished successfully
Note: Transient op started
Note: Transient op finished successfully
Note: Transient op started
Note: Transient op finished successfully
Note: Transient op started
Note: Transient op finished successfully
Note: Transient op started
Note: Transient op finished successfully
Note: Transient op started
Note: Transient op finished successfully
Note: Transient op started
Note: Transient op finished successfully
Note: Transient op started
Note: Transient op finished successfully
Note: Transient op started
Note: Transient op finished successfully
Note: Transient op started
Note: Transient op finished successfully
Note: Transient op started
Note: Transient op finished successfully
Note: Transient op started
Note: Transient op finished successfully
Note: Transient op started
Note: Transient op finished successfully
Note: Transient op started
Note: Transient op finished successfully
Note: Transient op started
Note: Transient op finished successfully
Note: Transient op started
Note: Transient op finished successfully
Note: Transient op started
Note: Transient op finished successfully
Note: Transient op started
Note: Transient op finished successfully
Note: Transient op started
Note: Transient op finished successfully
Note: Transient op started
Note: Transient op finished successfully
Note: Transient op started
Note: Transient op finished successfully
Note: Transient op started
Note: Transient op finished successfully
Note: Transient op started
Note: Transient op finished successfully
Note: Transient op started
Note: Transient op started
Note: Transient op finished successfully
Note: Transient op finished successfully
Note: Transient op started
Note: Transient op finished successfully
Note: Transient op started
Note: Transient op finished successfully
Note: Transient op started
Note: Transient op finished successfully
Note: Transient op started
Note: Transient op finished successfully
Note: Transient op started
Note: Transient op finished successfully
Note: Transient op started
Note: Transient op finished successfully
Note: Transient op started
Note: Transient op started
Note: Transient op finished successfully
Note: Transient op finished successfully
Note: Transient op started
Note: Transient op finished successfully
Note: Transient op started
Note: Transient op finished successfully
Note: Transient op started
Note: Transient op finished successfully
Note: Transient op started
Note: Transient op finished successfully
Note: Transient op started
Note: Transient op finished successfully
Note: Transient op started
Note: Transient op finished successfully
Note: Transient op started
Note: Transient op finished successfully
Note: Transient op started
Note: Transient op finished successfully
-----------------------------------------
| time/                   |             |
|    fps                  | 6           |
|    iterations           | 18          |
|    time_elapsed         | 2878        |
|    total_timesteps      | 18432       |
| train/                  |             |
|    approx_kl            | 0.016491616 |
|    clip_fraction        | 0.166       |
|    clip_range           | 0.2         |
|    entropy_loss         | -8.24       |
|    explained_variance   | 0.0913      |
|    learning_rate        | 0.0003      |
|    loss                 | 18.8        |
|    n_updates            | 170         |
|    policy_gradient_loss | -0.0267     |
|    std                  | 0.954       |
|    value_loss           | 56.1        |
-----------------------------------------
Note: Transient op started
Note: Transient op finished successfully
Note: Transient op started
Note: Transient op finished successfully
Note: Transient op started
Note: Transient op finished successfully
Note: Transient op started
Note: Transient op finished successfully
Note: Transient op started
Note: Transient op finished successfully
Note: Transient op started
Note: Transient op finished successfully
Note: Transient op started
Note: Transient op started
Note: Transient op finished successfully
Note: Transient op finished successfully
Note: Transient op started
Note: Transient op finished successfully
Note: Transient op started
Note: Transient op finished successfully
Note: Transient op started
Note: Transient op finished successfully
Note: Transient op started
Note: Transient op finished successfully
Note: Transient op started
Note: Transient op started
Note: Transient op finished successfully
Note: Transient op finished successfully
Note: Transient op started
Note: Transient op started
Note: Transient op finished successfully
Note: Transient op finished successfully
Note: Transient op started
Note: Transient op finished successfully
Note: Transient op started
Note: Transient op finished successfully
Note: Transient op started
Note: Transient op finished successfully
Note: Transient op started
Note: Transient op finished successfully
Note: Transient op started
Note: Transient op started
Note: Transient op finished successfully
Note: Transient op finished successfully
Note: Transient op started
Note: Transient op finished successfully
Note: Transient op started
Note: Transient op finished successfully
Note: Transient op started
Note: Transient op finished successfully
Note: Transient op started
Note: Transient op finished successfully
Note: Transient op started
Note: Transient op finished successfully
Note: Transient op started
Note: Transient op finished successfully
Note: Transient op started
Note: Transient op finished successfully
Note: Transient op started
Note: Transient op finished successfully
Note: Transient op started
Note: Transient op started
Note: Transient op finished successfully
Note: Transient op finished successfully
Note: Transient op started
Note: Transient op finished successfully
Note: Transient op started
Note: Transient op finished successfully
Note: Transient op started
Note: Transient op started
Note: Transient op finished successfully
Note: Transient op finished successfully
Note: Transient op started
Note: Transient op finished successfully
Note: Transient op started
Note: Transient op finished successfully
Note: Transient op started
Note: Transient op finished successfully
Note: Transient op started
Note: Transient op finished successfully
Note: Transient op started
Note: Transient op finished successfully
Note: Transient op started
Note: Transient op finished successfully
Note: Transient op started
Note: Transient op finished successfully
Note: Transient op started
Note: Transient op finished successfully
Note: Transient op started
Note: Transient op finished successfully
Note: Transient op started
Note: Transient op finished successfully
Note: Transient op started
Note: Transient op finished successfully
Note: Transient op started
Note: Transient op finished successfully
Note: Transient op started
Note: Transient op finished successfully
Note: Transient op started
Note: Transient op finished successfully
Note: Transient op started
Note: Transient op finished successfully
Note: Transient op started
Note: Transient op finished successfully
Note: Transient op started
Note: Transient op finished successfully
Note: Transient op started
Note: Transient op finished successfully
Note: Transient op started
Note: Transient op finished successfully
Note: Transient op started
Note: Transient op finished successfully
Note: Transient op started
Note: Transient op finished successfully
Note: Transient op started
Note: Transient op finished successfully
Note: Transient op started
Note: Transient op finished successfully
Note: Transient op started
Note: Transient op finished successfully
Note: Transient op started
Note: Transient op started
Note: Transient op finished successfully
Note: Transient op finished successfully
Note: Transient op started
Note: Transient op started
Note: Transient op finished successfully
Note: Transient op finished successfully
Note: Transient op started
Note: Transient op finished successfully
Note: Transient op started
Note: Transient op finished successfully
Note: Transient op started
Note: Transient op finished successfully
Note: Transient op started
Note: Transient op finished successfully
Note: Transient op started
Note: Transient op finished successfully
Note: Transient op started
Note: Transient op finished successfully
Note: Transient op started
Note: Transient op finished successfully
Note: Transient op started
Note: Transient op finished successfully
Note: Transient op started
Note: Transient op finished successfully
Note: Transient op started
Note: Transient op finished successfully
Note: Transient op started
Note: Transient op finished successfully
Note: Transient op started
Note: Transient op started
Note: Transient op finished successfully
Note: Transient op finished successfully
Note: Transient op started
Note: Transient op finished successfully
Note: Transient op started
Note: Transient op finished successfully
Note: Transient op started
Note: Transient op started
Note: Transient op finished successfully
Note: Transient op finished successfully
Note: Transient op started
Note: Transient op finished successfully
Note: Transient op started
Note: Transient op started
Note: Transient op finished successfully
Note: Transient op finished successfully
Note: Transient op started
Note: Transient op finished successfully
Note: Transient op started
Note: Transient op finished successfully
Note: Transient op started
Note: Transient op finished successfully
Note: Transient op started
Note: Transient op finished successfully
Note: Transient op started
Note: Transient op finished successfully
Note: Transient op started
Note: Transient op finished successfully
Note: Transient op started
Note: Transient op finished successfully
Note: Transient op started
Note: Transient op finished successfully
Note: Transient op started
Note: Transient op finished successfully
Note: Transient op started
Note: Transient op finished successfully
Note: Transient op started
Note: Transient op finished successfully
Note: Transient op started
Note: Transient op finished successfully
Note: Transient op started
Note: Transient op finished successfully
Note: Transient op started
Note: Transient op finished successfully
Note: Transient op started
Note: Transient op finished successfully
Note: Transient op started
Note: Transient op started
Note: Transient op finished successfully
Note: Transient op finished successfully
Note: Transient op started
Note: Transient op finished successfully
Note: Transient op started
Note: Transient op finished successfully
Note: Transient op started
Note: Transient op finished successfully
Note: Transient op started
Note: Transient op finished successfully
Note: Transient op started
Note: Transient op finished successfully
Note: Transient op started
Note: Transient op finished successfully
Note: Transient op started
Note: Transient op finished successfully
Note: Transient op started
Note: Transient op finished successfully
Note: Transient op started
Note: Transient op finished successfully
Note: Transient op started
Note: Transient op finished successfully
Note: Transient op started
Note: Transient op finished successfully
Note: Transient op started
Note: Transient op finished successfully
Note: Transient op started
Note: Transient op started
Note: Transient op finished successfully
Note: Transient op finished successfully
Note: Transient op started
Note: Transient op finished successfully
Note: Transient op started
Note: Transient op finished successfully
Note: Transient op started
Note: Transient op finished successfully
Note: Transient op started
Note: Transient op finished successfully
Note: Transient op started
Note: Transient op finished successfully
Note: Transient op started
Note: Transient op finished successfully
Note: Transient op started
Note: Transient op finished successfully
Note: Transient op started
Note: Transient op finished successfully
Note: Transient op started
Note: Transient op finished successfully
Note: Transient op started
Note: Transient op finished successfully
Note: Transient op started
Note: Transient op finished successfully
Note: Transient op started
Note: Transient op finished successfully
Note: Transient op started
Note: Transient op started
Note: Transient op finished successfully
Note: Transient op finished successfully
Note: Transient op started
Note: Transient op started
Note: Transient op finished successfully
Note: Transient op finished successfully
Note: Transient op started
Note: Transient op started
Note: Transient op finished successfully
Note: Transient op finished successfully
Note: Transient op started
Note: Transient op started
Note: Transient op finished successfully
Note: Transient op finished successfully
Note: Transient op started
Note: Transient op started
Note: Transient op finished successfully
Note: Transient op finished successfully
Note: Transient op started
Note: Transient op finished successfully
Note: Transient op started
Note: Transient op finished successfully
Note: Transient op started
Note: Transient op finished successfully
Note: Transient op started
Note: Transient op finished successfully
Note: Transient op started
Note: Transient op finished successfully
Note: Transient op started
Note: Transient op finished successfully
Note: Transient op started
Note: Transient op finished successfully
Note: Transient op started
Note: Transient op finished successfully
Note: Transient op started
Note: Transient op finished successfully
Note: Transient op started
Note: Transient op finished successfully
Note: Transient op started
Note: Transient op finished successfully
Note: Transient op started
Note: Transient op finished successfully
Note: Transient op started
Note: Transient op finished successfully
Note: Transient op started
Note: Transient op finished successfully
Note: Transient op started
Note: Transient op finished successfully
Note: Transient op started
Note: Transient op finished successfully
Note: Transient op started
Note: Transient op finished successfully
Note: Transient op started
Note: Transient op finished successfully
Note: Transient op started
Note: Transient op finished successfully
Note: Transient op started
Note: Transient op finished successfully
Note: Transient op started
Note: Transient op finished successfully
Note: Transient op started
Note: Transient op finished successfully
Note: Transient op started
Note: Transient op finished successfully
Note: Transient op started
Note: Transient op finished successfully
Note: Transient op started
Note: Transient op finished successfully
Note: Transient op started
Note: Transient op finished successfully
Note: Transient op started
Note: Transient op finished successfully
Note: Transient op started
Note: Transient op finished successfully
Note: Transient op started
Note: Transient op finished successfully
Note: Transient op started
Note: Transient op finished successfully
Note: Transient op started
Note: Transient op finished successfully
Note: Transient op started
Note: Transient op finished successfully
Note: Transient op started
Note: Transient op finished successfully
Note: Transient op started
Note: Transient op finished successfully
Note: Transient op started
Note: Transient op finished successfully
Note: Transient op started
Note: Transient op finished successfully
Note: Transient op started
Note: Transient op started
Note: Transient op finished successfully
Note: Transient op finished successfully
Note: Transient op started
Note: Transient op finished successfully
Note: Transient op started
Note: Transient op finished successfully
Note: Transient op started
Note: Transient op finished successfully
Note: Transient op started
Note: Transient op finished successfully
Note: Transient op started
Note: Transient op finished successfully
Note: Transient op started
Note: Transient op finished successfully
Note: Transient op started
Note: Transient op finished successfully
Note: Transient op started
Note: Transient op finished successfully
Note: Transient op started
Note: Transient op finished successfully
Note: Transient op started
Note: Transient op finished successfully
Note: Transient op started
Note: Transient op finished successfully
Note: Transient op started
Note: Transient op finished successfully
Note: Transient op started
Note: Transient op finished successfully
Note: Transient op started
Note: Transient op finished successfully
Note: Transient op started
Note: Transient op finished successfully
Note: Transient op started
Note: Transient op finished successfully
Note: Transient op started
Note: Transient op started
Note: Transient op finished successfully
Note: Transient op finished successfully
Note: Transient op started
Note: Transient op started
Note: Transient op finished successfully
Note: Transient op finished successfully
Note: Transient op started
Note: Transient op finished successfully
Note: Transient op started
Note: Transient op finished successfully
Note: Transient op started
Note: Transient op finished successfully
Note: Transient op started
Note: Transient op finished successfully
Note: Transient op started
Note: Transient op finished successfully
Note: Transient op started
Note: Transient op started
Note: Transient op finished successfully
Note: Transient op finished successfully
Note: Transient op started
Note: Transient op finished successfully
Note: Transient op started
Note: Transient op finished successfully
Note: Transient op started
Note: Transient op finished successfully
Note: Transient op started
Note: Transient op finished successfully
Note: Transient op started
Note: Transient op finished successfully
Note: Transient op started
Note: Transient op finished successfully
Note: Transient op started
Note: Transient op finished successfully
Note: Transient op started
Note: Transient op started
Note: Transient op finished successfully
Note: Transient op finished successfully
Note: Transient op started
Note: Transient op started
Note: Transient op finished successfully
Note: Transient op finished successfully
Note: Transient op started
Note: Transient op finished successfully
Note: Transient op started
Note: Transient op finished successfully
Note: Transient op started
Note: Transient op finished successfully
Note: Transient op started
Note: Transient op finished successfully
Note: Transient op started
Note: Transient op finished successfully
Note: Transient op started
Note: Transient op finished successfully
Note: Transient op started
Note: Transient op finished successfully
Note: Transient op started
Note: Transient op finished successfully
Note: Transient op started
Note: Transient op finished successfully
Note: Transient op started
Note: Transient op finished successfully
Note: Transient op started
Note: Transient op started
Note: Transient op finished successfully
Note: Transient op finished successfully
Note: Transient op started
Note: Transient op started
Note: Transient op finished successfully
Note: Transient op finished successfully
Note: Transient op started
Note: Transient op finished successfully
Note: Transient op started
Note: Transient op finished successfully
Note: Transient op started
Note: Transient op finished successfully
Note: Transient op started
Note: Transient op finished successfully
Note: Transient op started
Note: Transient op finished successfully
Note: Transient op started
Note: Transient op finished successfully
Note: Transient op started
Note: Transient op finished successfully
Note: Transient op started
Note: Transient op finished successfully
Note: Transient op started
Note: Transient op finished successfully
Note: Transient op started
Note: Transient op finished successfully
Note: Transient op started
Note: Transient op finished successfully
Note: Transient op started
Note: Transient op finished successfully
Note: Transient op started
Note: Transient op finished successfully
Note: Transient op started
Note: Transient op finished successfully
Note: Transient op started
Note: Transient op finished successfully
Note: Transient op started
Note: Transient op finished successfully
Note: Transient op started
Note: Transient op finished successfully
Note: Transient op started
Note: Transient op finished successfully
Note: Transient op started
Note: Transient op finished successfully
Note: Transient op started
Note: Transient op started
Note: Transient op finished successfully
Note: Transient op finished successfully
Note: Transient op started
Note: Transient op finished successfully
Note: Transient op started
Note: Transient op finished successfully
Note: Transient op started
Note: Transient op finished successfully
Note: Transient op started
Note: Transient op finished successfully
Note: Transient op started
Note: Transient op finished successfully
Note: Transient op started
Note: Transient op finished successfully
Note: Transient op started
Note: Transient op finished successfully
Note: Transient op started
Note: Transient op finished successfully
Note: Transient op started
Note: Transient op finished successfully
Note: Transient op started
Note: Transient op finished successfully
Note: Transient op started
Note: Transient op started
Note: Transient op finished successfully
Note: Transient op finished successfully
Note: Transient op started
Note: Transient op finished successfully
Note: Transient op started
Note: Transient op finished successfully
Note: Transient op started
Note: Transient op finished successfully
Note: Transient op started
Note: Transient op finished successfully
Note: Transient op started
Note: Transient op finished successfully
Note: Transient op started
Note: Transient op finished successfully
Note: Transient op started
Note: Transient op finished successfully
Note: Transient op started
Note: Transient op finished successfully
Note: Transient op started
Note: Transient op finished successfully
Note: Transient op started
Note: Transient op finished successfully
Note: Transient op started
Note: Transient op finished successfully
Note: Transient op started
Note: Transient op finished successfully
Note: Transient op started
Note: Transient op finished successfully
Note: Transient op started
Note: Transient op finished successfully
Note: Transient op started
Note: Transient op finished successfully
Note: Transient op started
Note: Transient op finished successfully
Note: Transient op started
Note: Transient op finished successfully
Note: Transient op started
Note: Transient op finished successfully
Note: Transient op started
Note: Transient op finished successfully
Note: Transient op started
Note: Transient op finished successfully
Note: Transient op started
Note: Transient op finished successfully
Note: Transient op started
Note: Transient op finished successfully
Note: Transient op started
Note: Transient op finished successfully
Note: Transient op started
Note: Transient op finished successfully
Note: Transient op started
Note: Transient op finished successfully
Note: Transient op started
Note: Transient op finished successfully
Note: Transient op started
Note: Transient op finished successfully
Note: Transient op started
Note: Transient op finished successfully
Note: Transient op started
Note: Transient op finished successfully
Note: Transient op started
Note: Transient op finished successfully
Note: Transient op started
Note: Transient op finished successfully
Note: Transient op started
Note: Transient op finished successfully
Note: Transient op started
Note: Transient op finished successfully
Note: Transient op started
Note: Transient op started
Note: Transient op finished successfully
Note: Transient op finished successfully
Note: Transient op started
Note: Transient op started
Note: Transient op finished successfully
Note: Transient op finished successfully
Note: Transient op started
Note: Transient op started
Note: Transient op started
Note: Transient op finished successfully
Note: Transient op finished successfully
Note: Transient op finished successfully
Note: Transient op started
Note: Transient op started
Note: Transient op finished successfully
Note: Transient op finished successfully
Note: Transient op started
Note: Transient op finished successfully
Note: Transient op started
Note: Transient op finished successfully
Note: Transient op started
Note: Transient op started
Note: Transient op finished successfully
Note: Transient op finished successfully
Note: Transient op started
Note: Transient op started
Note: Transient op finished successfully
Note: Transient op finished successfully
Note: Transient op started
Note: Transient op finished successfully
Note: Transient op started
Note: Transient op started
Note: Transient op started
Note: Transient op finished successfully
Note: Transient op finished successfully
Note: Transient op finished successfully
Note: Transient op started
Note: Transient op started
Note: Transient op finished successfully
Note: Transient op finished successfully
Note: Transient op started
Note: Transient op finished successfully
Note: Transient op started
Note: Transient op finished successfully
Note: Transient op started
Note: Transient op finished successfully
Note: Transient op started
Note: Transient op finished successfully
Note: Transient op started
Note: Transient op started
Note: Transient op finished successfully
Note: Transient op finished successfully
Note: Transient op started
Note: Transient op finished successfully
Note: Transient op started
Note: Transient op finished successfully
Note: Transient op started
Note: Transient op finished successfully
Note: Transient op started
Note: Transient op finished successfully
Note: Transient op started
Note: Transient op finished successfully
Note: Transient op started
Note: Transient op finished successfully
Note: Transient op started
Note: Transient op finished successfully
Note: Transient op started
Note: Transient op finished successfully
Note: Transient op started
Note: Transient op finished successfully
Note: Transient op started
Note: Transient op finished successfully
Note: Transient op started
Note: Transient op finished successfully
Note: Transient op started
Note: Transient op finished successfully
Note: Transient op started
Note: Transient op finished successfully
Note: Transient op started
Note: Transient op started
Note: Transient op finished successfully
Note: Transient op finished successfully
Note: Transient op started
Note: Transient op started
Note: Transient op finished successfully
Note: Transient op finished successfully
Note: Transient op started
Note: Transient op started
Note: Transient op finished successfully
Note: Transient op finished successfully
Note: Transient op started
Note: Transient op finished successfully
Note: Transient op started
Note: Transient op finished successfully
Note: Transient op started
Note: Transient op finished successfully
Note: Transient op started
Note: Transient op finished successfully
Note: Transient op started
Note: Transient op finished successfully
Note: Transient op started
Note: Transient op finished successfully
Note: Transient op started
Note: Transient op finished successfully
Note: Transient op started
Note: Transient op finished successfully
Note: Transient op started
Note: Transient op finished successfully
Note: Transient op started
Note: Transient op finished successfully
Note: Transient op started
Note: Transient op finished successfully
Note: Transient op started
Note: Transient op finished successfully
Note: Transient op started
Note: Transient op finished successfully
Note: Transient op started
Note: Transient op finished successfully
Note: Transient op started
Note: Transient op finished successfully
Note: Transient op started
Note: Transient op finished successfully
Note: Transient op started
Note: Transient op finished successfully
Note: Transient op started
Note: Transient op finished successfully
Note: Transient op started
Note: Transient op finished successfully
Note: Transient op started
Note: Transient op finished successfully
Note: Transient op started
Note: Transient op finished successfully
Note: Transient op started
Note: Transient op started
Note: Transient op finished successfully
Note: Transient op finished successfully
Note: Transient op started
Note: Transient op started
Note: Transient op finished successfully
Note: Transient op finished successfully
Note: Transient op started
Note: Transient op finished successfully
Note: Transient op started
Note: Transient op finished successfully
Note: Transient op started
Note: Transient op finished successfully
Note: Transient op started
Note: Transient op finished successfully
Note: Transient op started
Note: Transient op finished successfully
Note: Transient op started
Note: Transient op finished successfully
Note: Transient op started
Note: Transient op finished successfully
Note: Transient op started
Note: Transient op finished successfully
Note: Transient op started
Note: Transient op finished successfully
Note: Transient op started
Note: Transient op finished successfully
Note: Transient op started
Note: Transient op finished successfully
Note: Transient op started
Note: Transient op started
Note: Transient op finished successfully
Note: Transient op started
Note: Transient op finished successfully
Note: Transient op started
Note: Transient op finished successfully
Note: Transient op finished successfully
Note: Transient op started
Note: Transient op started
Note: Transient op started
Note: Transient op finished successfully
Note: Transient op finished successfully
Note: Transient op finished successfully
Note: Transient op started
Note: Transient op finished successfully
Note: Transient op started
Note: Transient op started
Note: Transient op finished successfully
Note: Transient op finished successfully
Note: Transient op started
Note: Transient op started
Note: Transient op finished successfully
Note: Transient op finished successfully
Note: Transient op started
Note: Transient op finished successfully
Note: Transient op started
Note: Transient op finished successfully
Note: Transient op started
Note: Transient op finished successfully
Note: Transient op started
Note: Transient op finished successfully
Note: Transient op started
Note: Transient op finished successfully
Note: Transient op started
Note: Transient op finished successfully
Note: Transient op started
Note: Transient op finished successfully
Note: Transient op started
Note: Transient op finished successfully
Note: Transient op started
Note: Transient op finished successfully
Note: Transient op started
Note: Transient op finished successfully
Note: Transient op started
Note: Transient op finished successfully
Note: Transient op started
Note: Transient op finished successfully
Note: Transient op started
Note: Transient op finished successfully
Note: Transient op started
Note: Transient op finished successfully
Note: Transient op started
Note: Transient op finished successfully
Note: Transient op started
Note: Transient op finished successfully
Note: Transient op started
Note: Transient op finished successfully
Note: Transient op started
Note: Transient op finished successfully
Note: Transient op started
Note: Transient op finished successfully
Note: Transient op started
Note: Transient op finished successfully
Note: Transient op started
Note: Transient op finished successfully
Note: Transient op started
Note: Transient op finished successfully
Note: Transient op started
Note: Transient op finished successfully
Note: Transient op started
Note: Transient op finished successfully
Note: Transient op started
Note: Transient op finished successfully
Note: Transient op started
Note: Transient op finished successfully
Note: Transient op started
Note: Transient op finished successfully
Note: Transient op started
Note: Transient op finished successfully
Note: Transient op started
Note: Transient op finished successfully
Note: Transient op started
Note: Transient op finished successfully
Note: Transient op started
Note: Transient op finished successfully
Note: Transient op started
Note: Transient op started
Note: Transient op finished successfully
Note: Transient op finished successfully
Note: Transient op started
Note: Transient op finished successfully
Note: Transient op started
Note: Transient op finished successfully
Note: Transient op started
Note: Transient op finished successfully
Note: Transient op started
Note: Transient op finished successfully
Note: Transient op started
Note: Transient op finished successfully
Note: Transient op started
Note: Transient op finished successfully
Note: Transient op started
Note: Transient op finished successfully
Note: Transient op started
Note: Transient op finished successfully
Note: Transient op started
Note: Transient op finished successfully
Note: Transient op started
Note: Transient op finished successfully
Note: Transient op started
Note: Transient op finished successfully
Note: Transient op started
Note: Transient op finished successfully
Note: Transient op started
Note: Transient op finished successfully
Note: Transient op started
Note: Transient op finished successfully
Note: Transient op started
Note: Transient op finished successfully
Note: Transient op started
Note: Transient op started
Note: Transient op finished successfully
Note: Transient op finished successfully
Note: Transient op started
Note: Transient op started
Note: Transient op finished successfully
Note: Transient op finished successfully
Note: Transient op started
Note: Transient op finished successfully
Note: Transient op started
Note: Transient op finished successfully
Note: Transient op started
Note: Transient op finished successfully
Note: Transient op started
Note: Transient op finished successfully
Note: Transient op started
Note: Transient op finished successfully
Note: Transient op started
Note: Transient op finished successfully
Note: Transient op started
Note: Transient op finished successfully
Note: Transient op started
Note: Transient op finished successfully
Note: Transient op started
Note: Transient op finished successfully
Note: Transient op started
Note: Transient op finished successfully
Note: Transient op started
Note: Transient op finished successfully
-----------------------------------------
| time/                   |             |
|    fps                  | 6           |
|    iterations           | 19          |
|    time_elapsed         | 3174        |
|    total_timesteps      | 19456       |
| train/                  |             |
|    approx_kl            | 0.012733178 |
|    clip_fraction        | 0.155       |
|    clip_range           | 0.2         |
|    entropy_loss         | -8.21       |
|    explained_variance   | 0.155       |
|    learning_rate        | 0.0003      |
|    loss                 | 21.3        |
|    n_updates            | 180         |
|    policy_gradient_loss | -0.0222     |
|    std                  | 0.948       |
|    value_loss           | 39          |
-----------------------------------------
Note: Transient op started
Note: Transient op finished successfully
Note: Transient op started
Note: Transient op finished successfully
Note: Transient op started
Note: Transient op finished successfully
Note: Transient op started
Note: Transient op finished successfully
Note: Transient op started
Note: Transient op finished successfully
Note: Transient op started
Note: Transient op finished successfully
Note: Transient op started
Note: Transient op finished successfully
Note: Transient op started
Note: Transient op finished successfully
Note: Transient op started
Note: Transient op finished successfully
Note: Transient op started
Note: Transient op finished successfully
Note: Transient op started
Note: Transient op finished successfully
Note: Transient op started
Note: Transient op finished successfully
Note: Transient op started
Note: Transient op finished successfully
Note: Transient op started
Note: Transient op finished successfully
Note: Transient op started
Note: Transient op finished successfully
Note: Transient op started
Note: Transient op finished successfully
Note: Transient op started
Note: Transient op finished successfully
Note: Transient op started
Note: Transient op finished successfully
Note: Transient op started
Note: Transient op finished successfully
Note: Transient op started
Note: Transient op finished successfully
Note: Transient op started
Note: Transient op finished successfully
Note: Transient op started
Note: Transient op finished successfully
Note: Transient op started
Note: Transient op finished successfully
Note: Transient op started
Note: Transient op finished successfully
Note: Transient op started
Note: Transient op finished successfully
Note: Transient op started
Note: Transient op finished successfully
Note: Transient op started
Note: Transient op finished successfully
Note: Transient op started
Note: Transient op finished successfully
Note: Transient op started
Note: Transient op finished successfully
Note: Transient op started
Note: Transient op finished successfully
Note: Transient op started
Note: Transient op finished successfully
Note: Transient op started
Note: Transient op finished successfully
Note: Transient op started
Note: Transient op finished successfully
Note: Transient op started
Note: Transient op finished successfully
Note: Transient op started
Note: Transient op finished successfully
Note: Transient op started
Note: Transient op finished successfully
Note: Transient op started
Note: Transient op finished successfully
Note: Transient op started
Note: Transient op finished successfully
Note: Transient op started
Note: Transient op finished successfully
Note: Transient op started
Note: Transient op finished successfully
Note: Transient op started
Note: Transient op finished successfully
Note: Transient op started
Note: Transient op finished successfully
Note: Transient op started
Note: Transient op finished successfully
Note: Transient op started
Note: Transient op finished successfully
Note: Transient op started
Note: Transient op finished successfully
Note: Transient op started
Note: Transient op finished successfully
Note: Transient op started
Note: Transient op finished successfully
Note: Transient op started
Note: Transient op finished successfully
Note: Transient op started
Note: Transient op finished successfully
Note: Transient op started
Note: Transient op finished successfully
Note: Transient op started
Note: Transient op finished successfully
Note: Transient op started
Note: Transient op finished successfully
Note: Transient op started
Note: Transient op finished successfully
Note: Transient op started
Note: Transient op started
Note: Transient op finished successfully
Note: Transient op finished successfully
Note: Transient op started
Note: Transient op finished successfully
Note: Transient op started
Note: Transient op finished successfully
Note: Transient op started
Note: Transient op finished successfully
Note: Transient op started
Note: Transient op finished successfully
Note: Transient op started
Note: Transient op finished successfully
Note: Transient op started
Note: Transient op finished successfully
Note: Transient op started
Note: Transient op finished successfully
Note: Transient op started
Note: Transient op started
Note: Transient op finished successfully
Note: Transient op finished successfully
Note: Transient op started
Note: Transient op finished successfully
Note: Transient op started
Note: Transient op finished successfully
Note: Transient op started
Note: Transient op finished successfully
Note: Transient op started
Note: Transient op finished successfully
Note: Transient op started
Note: Transient op finished successfully
Note: Transient op started
Note: Transient op finished successfully
Note: Transient op started
Note: Transient op finished successfully
Note: Transient op started
Note: Transient op finished successfully
Note: Transient op started
Note: Transient op finished successfully
Note: Transient op started
Note: Transient op finished successfully
Note: Transient op started
Note: Transient op finished successfully
Note: Transient op started
Note: Transient op started
Note: Transient op finished successfully
Note: Transient op started
Note: Transient op finished successfully
Note: Transient op started
Note: Transient op finished successfully
Note: Transient op finished successfully
Note: Transient op started
Note: Transient op finished successfully
Note: Transient op started
Note: Transient op started
Note: Transient op finished successfully
Note: Transient op finished successfully
Note: Transient op started
Note: Transient op finished successfully
Note: Transient op started
Note: Transient op finished successfully
Note: Transient op started
Note: Transient op finished successfully
Note: Transient op started
Note: Transient op started
Note: Transient op finished successfully
Note: Transient op finished successfully
Note: Transient op started
Note: Transient op started
Note: Transient op finished successfully
Note: Transient op finished successfully
Note: Transient op started
Note: Transient op finished successfully
Note: Transient op started
Note: Transient op finished successfully
Note: Transient op started
Note: Transient op started
Note: Transient op finished successfully
Note: Transient op started
Note: Transient op finished successfully
Note: Transient op finished successfully
Note: Transient op started
Note: Transient op finished successfully
Note: Transient op started
Note: Transient op started
Note: Transient op finished successfully
Note: Transient op finished successfully
Note: Transient op started
Note: Transient op finished successfully
Note: Transient op started
Note: Transient op finished successfully
Note: Transient op started
Note: Transient op finished successfully
Note: Transient op started
Note: Transient op finished successfully
Note: Transient op started
Note: Transient op finished successfully
Note: Transient op started
Note: Transient op started
Note: Transient op finished successfully
Note: Transient op finished successfully
Note: Transient op started
Note: Transient op finished successfully
Note: Transient op started
Note: Transient op started
Note: Transient op finished successfully
Note: Transient op finished successfully
Note: Transient op started
Note: Transient op finished successfully
Note: Transient op started
Note: Transient op started
Note: Transient op finished successfully
Note: Transient op finished successfully
Note: Transient op started
Note: Transient op finished successfully
Note: Transient op started
Note: Transient op finished successfully
Note: Transient op started
Note: Transient op finished successfully
Note: Transient op started
Note: Transient op finished successfully
Note: Transient op started
Note: Transient op finished successfully
Note: Transient op started
Note: Transient op finished successfully
Note: Transient op started
Note: Transient op finished successfully
Note: Transient op started
Note: Transient op finished successfully
Note: Transient op started
Note: Transient op finished successfully
Note: Transient op started
Note: Transient op finished successfully
Note: Transient op started
Note: Transient op finished successfully
Note: Transient op started
Note: Transient op finished successfully
Note: Transient op started
Note: Transient op finished successfully
Note: Transient op started
Note: Transient op finished successfully
Note: Transient op started
Note: Transient op finished successfully
Note: Transient op started
Note: Transient op finished successfully
Note: Transient op started
Note: Transient op finished successfully
Note: Transient op started
Note: Transient op finished successfully
Note: Transient op started
Note: Transient op finished successfully
Note: Transient op started
Note: Transient op finished successfully
Note: Transient op started
Note: Transient op finished successfully
Note: Transient op started
Note: Transient op finished successfully
Note: Transient op started
Note: Transient op finished successfully
Note: Transient op started
Note: Transient op finished successfully
Note: Transient op started
Note: Transient op finished successfully
Note: Transient op started
Note: Transient op finished successfully
Note: Transient op started
Note: Transient op finished successfully
Note: Transient op started
Note: Transient op finished successfully
Note: Transient op started
Note: Transient op finished successfully
Note: Transient op started
Note: Transient op finished successfully
Note: Transient op started
Note: Transient op finished successfully
Note: Transient op started
Note: Transient op finished successfully
Note: Transient op started
Note: Transient op finished successfully
Note: Transient op started
Note: Transient op finished successfully
Note: Transient op started
Note: Transient op finished successfully
Note: Transient op started
Note: Transient op finished successfully
Note: Transient op started
Note: Transient op finished successfully
Note: Transient op started
Note: Transient op finished successfully
Note: Transient op started
Note: Transient op finished successfully
Note: Transient op started
Note: Transient op finished successfully
Note: Transient op started
Note: Transient op finished successfully
Note: Transient op started
Note: Transient op finished successfully
Note: Transient op started
Note: Transient op finished successfully
Note: Transient op started
Note: Transient op finished successfully
Note: Transient op started
Note: Transient op finished successfully
Note: Transient op started
Note: Transient op finished successfully
Note: Transient op started
Note: Transient op finished successfully
Note: Transient op started
Note: Transient op finished successfully
Note: Transient op started
Note: Transient op finished successfully
Note: Transient op started
Note: Transient op finished successfully
Note: Transient op started
Note: Transient op finished successfully
Note: Transient op started
Note: Transient op finished successfully
Note: Transient op started
Note: Transient op finished successfully
Note: Transient op started
Note: Transient op finished successfully
Note: Transient op started
Note: Transient op finished successfully
Note: Transient op started
Note: Transient op finished successfully
Note: Transient op started
Note: Transient op finished successfully
Note: Transient op started
Note: Transient op finished successfully
Note: Transient op started
Note: Transient op finished successfully
Note: Transient op started
Note: Transient op finished successfully
Note: Transient op started
Note: Transient op finished successfully
Note: Transient op started
Note: Transient op started
Note: Transient op finished successfully
Note: Transient op finished successfully
Note: Transient op started
Note: Transient op finished successfully
Note: Transient op started
Note: Transient op finished successfully
Note: Transient op started
Note: Transient op finished successfully
Note: Transient op started
Note: Transient op finished successfully
Note: Transient op started
Note: Transient op finished successfully
Note: Transient op started
Note: Transient op finished successfully
Note: Transient op started
Note: Transient op finished successfully
Note: Transient op started
Note: Transient op finished successfully
Note: Transient op started
Note: Transient op finished successfully
Note: Transient op started
Note: Transient op finished successfully
Note: Transient op started
Note: Transient op finished successfully
Note: Transient op started
Note: Transient op finished successfully
Note: Transient op started
Note: Transient op started
Note: Transient op finished successfully
Note: Transient op finished successfully
Note: Transient op started
Note: Transient op finished successfully
Note: Transient op started
Note: Transient op finished successfully
Note: Transient op started
Note: Transient op finished successfully
Note: Transient op started
Note: Transient op finished successfully
Note: Transient op started
Note: Transient op finished successfully
Note: Transient op started
Note: Transient op finished successfully
Note: Transient op started
Note: Transient op finished successfully
Note: Transient op started
Note: Transient op finished successfully
Note: Transient op started
Note: Transient op finished successfully
Note: Transient op started
Note: Transient op finished successfully
Note: Transient op started
Note: Transient op finished successfully
Note: Transient op started
Note: Transient op finished successfully
Note: Transient op started
Note: Transient op finished successfully
Note: Transient op started
Note: Transient op finished successfully
Note: Transient op started
Note: Transient op finished successfully
Note: Transient op started
Note: Transient op finished successfully
Note: Transient op started
Note: Transient op finished successfully
Note: Transient op started
Note: Transient op started
Note: Transient op finished successfully
Note: Transient op finished successfully
Note: Transient op started
Note: Transient op finished successfully
Note: Transient op started
Note: Transient op finished successfully
Note: Transient op started
Note: Transient op finished successfully
Note: Transient op started
Note: Transient op finished successfully
Note: Transient op started
Note: Transient op started
Note: Transient op finished successfully
Note: Transient op finished successfully
Note: Transient op started
Note: Transient op finished successfully
Note: Transient op started
Note: Transient op finished successfully
Note: Transient op started
Note: Transient op finished successfully
Note: Transient op started
Note: Transient op finished successfully
Note: Transient op started
Note: Transient op finished successfully
Note: Transient op started
Note: Transient op finished successfully
Note: Transient op started
Note: Transient op finished successfully
Note: Transient op started
Note: Transient op started
Note: Transient op finished successfully
Note: Transient op finished successfully
Note: Transient op started
Note: Transient op finished successfully
Note: Transient op started
Note: Transient op finished successfully
Note: Transient op started
Note: Transient op finished successfully
Note: Transient op started
Note: Transient op finished successfully
Note: Transient op started
Note: Transient op finished successfully
Note: Transient op started
Note: Transient op finished successfully
Note: Transient op started
Note: Transient op finished successfully
Note: Transient op started
Note: Transient op finished successfully
Note: Transient op started
Note: Transient op started
Note: Transient op finished successfully
Note: Transient op finished successfully
Note: Transient op started
Note: Transient op finished successfully
Note: Transient op started
Note: Transient op finished successfully
Note: Transient op started
Note: Transient op finished successfully
Note: Transient op started
Note: Transient op finished successfully
Note: Transient op started
Note: Transient op finished successfully
Note: Transient op started
Note: Transient op finished successfully
Note: Transient op started
Note: Transient op finished successfully
Note: Transient op started
Note: Transient op finished successfully
Note: Transient op started
Note: Transient op finished successfully
Note: Transient op started
Note: Transient op finished successfully
Note: Transient op started
Note: Transient op finished successfully
Note: Transient op started
Note: Transient op finished successfully
Note: Transient op started
Note: Transient op finished successfully
Note: Transient op started
Note: Transient op finished successfully
Note: Transient op started
Note: Transient op finished successfully
Note: Transient op started
Note: Transient op finished successfully
Note: Transient op started
Note: Transient op finished successfully
Note: Transient op started
Note: Transient op finished successfully
Note: Transient op started
Note: Transient op finished successfully
Note: Transient op started
Note: Transient op finished successfully
Note: Transient op started
Note: Transient op finished successfully
Note: Transient op started
Note: Transient op finished successfully
Note: Transient op started
Note: Transient op finished successfully
Note: Transient op started
Note: Transient op finished successfully
Note: Transient op started
Note: Transient op finished successfully
Note: Transient op started
Note: Transient op finished successfully
Note: Transient op started
Note: Transient op finished successfully
Note: Transient op started
Note: Transient op finished successfully
Note: Transient op started
Note: Transient op finished successfully
Note: Transient op started
Note: Transient op finished successfully
Note: Transient op started
Note: Transient op finished successfully
Note: Transient op started
Note: Transient op finished successfully
Note: Transient op started
Note: Transient op finished successfully
Note: Transient op started
Note: Transient op finished successfully
Note: Transient op started
Note: Transient op finished successfully
Note: Transient op started
Note: Transient op finished successfully
Note: Transient op started
Note: Transient op finished successfully
Note: Transient op started
Note: Transient op finished successfully
Note: Transient op started
Note: Transient op finished successfully
Note: Transient op started
Note: Transient op finished successfully
Note: Transient op started
Note: Transient op started
Note: Transient op finished successfully
Note: Transient op finished successfully
Note: Transient op started
Note: Transient op finished successfully
Note: Transient op started
Note: Transient op finished successfully
Note: Transient op started
Note: Transient op finished successfully
Note: Transient op started
Note: Transient op finished successfully
Note: Transient op started
Note: Transient op finished successfully
Note: Transient op started
Note: Transient op finished successfully
Note: Transient op started
Note: Transient op finished successfully
Note: Transient op started
Note: Transient op finished successfully
Note: Transient op started
Note: Transient op finished successfully
Note: Transient op started
Note: Transient op started
Note: Transient op finished successfully
Note: Transient op finished successfully
Note: Transient op started
Note: Transient op finished successfully
Note: Transient op started
Note: Transient op started
Note: Transient op finished successfully
Note: Transient op started
Note: Transient op finished successfully
Note: Transient op finished successfully
Note: Transient op started
Note: Transient op started
Note: Transient op started
Note: Transient op finished successfully
Note: Transient op finished successfully
Note: Transient op finished successfully
Note: Transient op started
Note: Transient op finished successfully
Note: Transient op started
Note: Transient op finished successfully
Note: Transient op started
Note: Transient op finished successfully
Note: Transient op started
Note: Transient op finished successfully
Note: Transient op started
Note: Transient op finished successfully
Note: Transient op started
Note: Transient op finished successfully
Note: Transient op started
Note: Transient op finished successfully
Note: Transient op started
Note: Transient op finished successfully
Note: Transient op started
Note: Transient op finished successfully
Note: Transient op started
Note: Transient op finished successfully
Note: Transient op started
Note: Transient op finished successfully
Note: Transient op started
Note: Transient op finished successfully
Note: Transient op started
Note: Transient op finished successfully
Note: Transient op started
Note: Transient op finished successfully
Note: Transient op started
Note: Transient op finished successfully
Note: Transient op started
Note: Transient op finished successfully
Note: Transient op started
Note: Transient op finished successfully
Note: Transient op started
Note: Transient op finished successfully
Note: Transient op started
Note: Transient op finished successfully
Note: Transient op started
Note: Transient op finished successfully
Note: Transient op started
Note: Transient op finished successfully
Note: Transient op started
Note: Transient op finished successfully
Note: Transient op started
Note: Transient op finished successfully
Note: Transient op started
Note: Transient op finished successfully
Note: Transient op started
Note: Transient op finished successfully
Note: Transient op started
Note: Transient op finished successfully
Note: Transient op started
Note: Transient op finished successfully
Note: Transient op started
Note: Transient op started
Note: Transient op finished successfully
Note: Transient op finished successfully
Note: Transient op started
Note: Transient op started
Note: Transient op finished successfully
Note: Transient op finished successfully
Note: Transient op started
Note: Transient op started
Note: Transient op finished successfully
Note: Transient op finished successfully
Note: Transient op started
Note: Transient op finished successfully
Note: Transient op started
Note: Transient op finished successfully
Note: Transient op started
Note: Transient op finished successfully
Note: Transient op started
Note: Transient op finished successfully
Note: Transient op started
Note: Transient op finished successfully
Note: Transient op started
Note: Transient op finished successfully
Note: Transient op started
Note: Transient op finished successfully
Note: Transient op started
Note: Transient op finished successfully
Note: Transient op started
Note: Transient op finished successfully
Note: Transient op started
Note: Transient op finished successfully
Note: Transient op started
Note: Transient op finished successfully
Note: Transient op started
Note: Transient op finished successfully
Note: Transient op started
Note: Transient op started
Note: Transient op finished successfully
Note: Transient op finished successfully
Note: Transient op started
Note: Transient op finished successfully
Note: Transient op started
Note: Transient op finished successfully
Note: Transient op started
Note: Transient op finished successfully
Note: Transient op started
Note: Transient op finished successfully
Note: Transient op started
Note: Transient op finished successfully
Note: Transient op started
Note: Transient op finished successfully
Note: Transient op started
Note: Transient op finished successfully
Note: Transient op started
Note: Transient op finished successfully
Note: Transient op started
Note: Transient op finished successfully
Note: Transient op started
Note: Transient op finished successfully
Note: Transient op started
Note: Transient op finished successfully
Note: Transient op started
Note: Transient op finished successfully
Note: Transient op started
Note: Transient op finished successfully
Note: Transient op started
Note: Transient op finished successfully
Note: Transient op started
Note: Transient op finished successfully
Note: Transient op started
Note: Transient op finished successfully
Note: Transient op started
Note: Transient op finished successfully
Note: Transient op started
Note: Transient op finished successfully
Note: Transient op started
Note: Transient op finished successfully
Note: Transient op started
Note: Transient op finished successfully
Note: Transient op started
Note: Transient op finished successfully
Note: Transient op started
Note: Transient op finished successfully
Note: Transient op started
Note: Transient op finished successfully
Note: Transient op started
Note: Transient op finished successfully
Note: Transient op started
Note: Transient op finished successfully
Note: Transient op started
Note: Transient op finished successfully
Note: Transient op started
Note: Transient op finished successfully
Note: Transient op started
Note: Transient op finished successfully
Note: Transient op started
Note: Transient op finished successfully
Note: Transient op started
Note: Transient op finished successfully
Note: Transient op started
Note: Transient op finished successfully
Note: Transient op started
Note: Transient op finished successfully
Note: Transient op started
Note: Transient op finished successfully
Note: Transient op started
Note: Transient op finished successfully
Note: Transient op started
Note: Transient op started
Note: Transient op finished successfully
Note: Transient op finished successfully
Note: Transient op started
Note: Transient op finished successfully
Note: Transient op started
Note: Transient op finished successfully
Note: Transient op started
Note: Transient op finished successfully
Note: Transient op started
Note: Transient op finished successfully
Note: Transient op started
Note: Transient op finished successfully
Note: Transient op started
Note: Transient op finished successfully
Note: Transient op started
Note: Transient op finished successfully
Note: Transient op started
Note: Transient op finished successfully
Note: Transient op started
Note: Transient op finished successfully
Note: Transient op started
Note: Transient op finished successfully
Note: Transient op started
Note: Transient op started
Note: Transient op finished successfully
Note: Transient op finished successfully
Note: Transient op started
Note: Transient op started
Note: Transient op finished successfully
Note: Transient op finished successfully
Note: Transient op started
Note: Transient op finished successfully
Note: Transient op started
Note: Transient op finished successfully
Note: Transient op started
Note: Transient op finished successfully
Note: Transient op started
Note: Transient op finished successfully
Note: Transient op started
Note: Transient op started
Note: Transient op finished successfully
Note: Transient op finished successfully
Note: Transient op started
Note: Transient op started
Note: Transient op finished successfully
Note: Transient op finished successfully
Note: Transient op started
Note: Transient op finished successfully
Note: Transient op started
Note: Transient op finished successfully
Note: Transient op started
Note: Transient op finished successfully
Note: Transient op started
Note: Transient op finished successfully
Note: Transient op started
Note: Transient op finished successfully
Note: Transient op started
Note: Transient op finished successfully
Note: Transient op started
Note: Transient op finished successfully
Note: Transient op started
Note: Transient op finished successfully
Note: Transient op started
Note: Transient op finished successfully
Note: Transient op started
Note: Transient op finished successfully
Note: Transient op started
Note: Transient op finished successfully
Note: Transient op started
Note: Transient op finished successfully
-----------------------------------------
| time/                   |             |
|    fps                  | 5           |
|    iterations           | 20          |
|    time_elapsed         | 3482        |
|    total_timesteps      | 20480       |
| train/                  |             |
|    approx_kl            | 0.018309863 |
|    clip_fraction        | 0.183       |
|    clip_range           | 0.2         |
|    entropy_loss         | -8.16       |
|    explained_variance   | 0.152       |
|    learning_rate        | 0.0003      |
|    loss                 | 16.5        |
|    n_updates            | 190         |
|    policy_gradient_loss | -0.0298     |
|    std                  | 0.941       |
|    value_loss           | 37.9        |
-----------------------------------------
Note: Transient op started
Note: Transient op started
Note: Transient op finished successfully
Note: Transient op finished successfully
Note: Transient op started
Note: Transient op finished successfully
Note: Transient op started
Note: Transient op finished successfully
Note: Transient op started
Note: Transient op finished successfully
Note: Transient op started
Note: Transient op finished successfully
Note: Transient op started
Note: Transient op finished successfully
Note: Transient op started
Note: Transient op finished successfully
Note: Transient op started
Note: Transient op finished successfully
Note: Transient op started
Note: Transient op finished successfully
Note: Transient op started
Note: Transient op finished successfully
Note: Transient op started
Note: Transient op finished successfully
Note: Transient op started
Note: Transient op finished successfully
Note: Transient op started
Note: Transient op finished successfully
Note: Transient op started
Note: Transient op finished successfully
Note: Transient op started
Note: Transient op finished successfully
Note: Transient op started
Note: Transient op finished successfully
Note: Transient op started
Note: Transient op finished successfully
Note: Transient op started
Note: Transient op finished successfully
Note: Transient op started
Note: Transient op finished successfully
Note: Transient op started
Note: Transient op finished successfully
Note: Transient op started
Note: Transient op finished successfully
Note: Transient op started
Note: Transient op finished successfully
Note: Transient op started
Note: Transient op finished successfully
Note: Transient op started
Note: Transient op started
Note: Transient op finished successfully
Note: Transient op finished successfully
Note: Transient op started
Note: Transient op finished successfully
Note: Transient op started
Note: Transient op finished successfully
Note: Transient op started
Note: Transient op finished successfully
Note: Transient op started
Note: Transient op finished successfully
Note: Transient op started
Note: Transient op finished successfully
Note: Transient op started
Note: Transient op finished successfully
Note: Transient op started
Note: Transient op finished successfully
Note: Transient op started
Note: Transient op finished successfully
Note: Transient op started
Note: Transient op finished successfully
Note: Transient op started
Note: Transient op started
Note: Transient op finished successfully
Note: Transient op finished successfully
Note: Transient op started
Note: Transient op finished successfully
Note: Transient op started
Note: Transient op finished successfully
Note: Transient op started
Note: Transient op finished successfully
Note: Transient op started
Note: Transient op finished successfully
Note: Transient op started
Note: Transient op finished successfully
Note: Transient op started
Note: Transient op finished successfully
Note: Transient op started
Note: Transient op finished successfully
Note: Transient op started
Note: Transient op finished successfully
Note: Transient op started
Note: Transient op finished successfully
Note: Transient op started
Note: Transient op finished successfully
Note: Transient op started
Note: Transient op finished successfully
Note: Transient op started
Note: Transient op finished successfully
Note: Transient op started
Note: Transient op finished successfully
Note: Transient op started
Note: Transient op finished successfully
Note: Transient op started
Note: Transient op finished successfully
Note: Transient op started
Note: Transient op finished successfully
Note: Transient op started
Note: Transient op finished successfully
Note: Transient op started
Note: Transient op finished successfully
Note: Transient op started
Note: Transient op finished successfully
Note: Transient op started
Note: Transient op finished successfully
Note: Transient op started
Note: Transient op finished successfully
Note: Transient op started
Note: Transient op finished successfully
Note: Transient op started
Note: Transient op finished successfully
Note: Transient op started
Note: Transient op finished successfully
Note: Transient op started
Note: Transient op finished successfully
Note: Transient op started
Note: Transient op finished successfully
Note: Transient op started
Note: Transient op finished successfully
Note: Transient op started
Note: Transient op started
Note: Transient op finished successfully
Note: Transient op finished successfully
Note: Transient op started
Note: Transient op finished successfully
Note: Transient op started
Note: Transient op started
Note: Transient op finished successfully
Note: Transient op finished successfully
Note: Transient op started
Note: Transient op finished successfully
Note: Transient op started
Note: Transient op finished successfully
Note: Transient op started
Note: Transient op finished successfully
Note: Transient op started
Note: Transient op finished successfully
Note: Transient op started
Note: Transient op finished successfully
Note: Transient op started
Note: Transient op finished successfully
Note: Transient op started
Note: Transient op finished successfully
Note: Transient op started
Note: Transient op finished successfully
Note: Transient op started
Note: Transient op finished successfully
Note: Transient op started
Note: Transient op started
Note: Transient op finished successfully
Note: Transient op finished successfully
Note: Transient op started
Note: Transient op finished successfully
Note: Transient op started
Note: Transient op started
Note: Transient op finished successfully
Note: Transient op finished successfully
Note: Transient op started
Note: Transient op finished successfully
Note: Transient op started
Note: Transient op finished successfully
Note: Transient op started
Note: Transient op finished successfully
Note: Transient op started
Note: Transient op finished successfully
Note: Transient op started
Note: Transient op finished successfully
Note: Transient op started
Note: Transient op finished successfully
Note: Transient op started
Note: Transient op finished successfully
Note: Transient op started
Note: Transient op finished successfully
Note: Transient op started
Note: Transient op finished successfully
Note: Transient op started
Note: Transient op finished successfully
Note: Transient op started
Note: Transient op finished successfully
Note: Transient op started
Note: Transient op started
Note: Transient op started
Note: Transient op finished successfully
Note: Transient op started
Note: Transient op finished successfully
Note: Transient op finished successfully
Note: Transient op finished successfully
Note: Transient op started
Note: Transient op started
Note: Transient op finished successfully
Note: Transient op started
Note: Transient op finished successfully
Note: Transient op started
Note: Transient op finished successfully
Note: Transient op started
Note: Transient op finished successfully
Note: Transient op finished successfully
Note: Transient op started
Note: Transient op started
Note: Transient op started
Note: Transient op started
Note: Transient op finished successfully
Note: Transient op finished successfully
Note: Transient op finished successfully
Note: Transient op finished successfully
Note: Transient op started
Note: Transient op finished successfully
Note: Transient op started
Note: Transient op finished successfully
Note: Transient op started
Note: Transient op finished successfully
Note: Transient op started
Note: Transient op finished successfully
Note: Transient op started
Note: Transient op finished successfully
Note: Transient op started
Note: Transient op finished successfully
Note: Transient op started
Note: Transient op finished successfully
Note: Transient op started
Note: Transient op started
Note: Transient op finished successfully
Note: Transient op finished successfully
Note: Transient op started
Note: Transient op finished successfully
Note: Transient op started
Note: Transient op finished successfully
Note: Transient op started
Note: Transient op finished successfully
Note: Transient op started
Note: Transient op finished successfully
Note: Transient op started
Note: Transient op finished successfully
Note: Transient op started
Note: Transient op finished successfully
Note: Transient op started
Note: Transient op finished successfully
Note: Transient op started
Note: Transient op finished successfully
Note: Transient op started
Note: Transient op finished successfully
Note: Transient op started
Note: Transient op finished successfully
Note: Transient op started
Note: Transient op started
Note: Transient op finished successfully
Note: Transient op finished successfully
Note: Transient op started
Note: Transient op finished successfully
Note: Transient op started
Note: Transient op finished successfully
Note: Transient op started
Note: Transient op started
Note: Transient op finished successfully
Note: Transient op finished successfully
Note: Transient op started
Note: Transient op finished successfully
Note: Transient op started
Note: Transient op finished successfully
Note: Transient op started
Note: Transient op finished successfully
Note: Transient op started
Note: Transient op finished successfully
Note: Transient op started
Note: Transient op finished successfully
Note: Transient op started
Note: Transient op started
Note: Transient op finished successfully
Note: Transient op finished successfully
Note: Transient op started
Note: Transient op started
Note: Transient op finished successfully
Note: Transient op finished successfully
Note: Transient op started
Note: Transient op finished successfully
Note: Transient op started
Note: Transient op finished successfully
Note: Transient op started
Note: Transient op finished successfully
Note: Transient op started
Note: Transient op finished successfully
Note: Transient op started
Note: Transient op finished successfully
Note: Transient op started
Note: Transient op finished successfully
Note: Transient op started
Note: Transient op finished successfully
Note: Transient op started
Note: Transient op finished successfully
Note: Transient op started
Note: Transient op finished successfully
Note: Transient op started
Note: Transient op finished successfully
Note: Transient op started
Note: Transient op finished successfully
Note: Transient op started
Note: Transient op finished successfully
Note: Transient op started
Note: Transient op finished successfully
Note: Transient op started
Note: Transient op finished successfully
Note: Transient op started
Note: Transient op finished successfully
Note: Transient op started
Note: Transient op started
Note: Transient op finished successfully
Note: Transient op finished successfully
Note: Transient op started
Note: Transient op finished successfully
Note: Transient op started
Note: Transient op finished successfully
Note: Transient op started
Note: Transient op started
Note: Transient op finished successfully
Note: Transient op finished successfully
Note: Transient op started
Note: Transient op finished successfully
Note: Transient op started
Note: Transient op finished successfully
Note: Transient op started
Note: Transient op finished successfully
Note: Transient op started
Note: Transient op finished successfully
Note: Transient op started
Note: Transient op finished successfully
Note: Transient op started
Note: Transient op finished successfully
Note: Transient op started
Note: Transient op finished successfully
Note: Transient op started
Note: Transient op finished successfully
Note: Transient op started
Note: Transient op finished successfully
Note: Transient op started
Note: Transient op finished successfully
Note: Transient op started
Note: Transient op finished successfully
Note: Transient op started
Note: Transient op finished successfully
Note: Transient op started
Note: Transient op finished successfully
Note: Transient op started
Note: Transient op finished successfully
Note: Transient op started
Note: Transient op finished successfully
Note: Transient op started
Note: Transient op finished successfully
Note: Transient op started
Note: Transient op finished successfully
Note: Transient op started
Note: Transient op finished successfully
Note: Transient op started
Note: Transient op finished successfully
Note: Transient op started
Note: Transient op finished successfully
Note: Transient op started
Note: Transient op finished successfully
Note: Transient op started
Note: Transient op finished successfully
Note: Transient op started
Note: Transient op finished successfully
Note: Transient op started
Note: Transient op finished successfully
Note: Transient op started
Note: Transient op finished successfully
Note: Transient op started
Note: Transient op finished successfully
Note: Transient op started
Note: Transient op finished successfully
Note: Transient op started
Note: Transient op finished successfully
Note: Transient op started
Note: Transient op finished successfully
Note: Transient op started
Note: Transient op finished successfully
Note: Transient op started
Note: Transient op finished successfully
Note: Transient op started
Note: Transient op finished successfully
Note: Transient op started
Note: Transient op finished successfully
Note: Transient op started
Note: Transient op finished successfully
Note: Transient op started
Note: Transient op finished successfully
Note: Transient op started
Note: Transient op finished successfully
Note: Transient op started
Note: Transient op finished successfully
Note: Transient op started
Note: Transient op finished successfully
Note: Transient op started
Note: Transient op finished successfully
Note: Transient op started
Note: Transient op started
Note: Transient op finished successfully
Note: Transient op finished successfully
Note: Transient op started
Note: Transient op finished successfully
Note: Transient op started
Note: Transient op finished successfully
Note: Transient op started
Note: Transient op started
Note: Transient op finished successfully
Note: Transient op finished successfully
Note: Transient op started
Note: Transient op finished successfully
Note: Transient op started
Note: Transient op finished successfully
Note: Transient op started
Note: Transient op finished successfully
Note: Transient op started
Note: Transient op started
Note: Transient op finished successfully
Note: Transient op finished successfully
Note: Transient op started
Note: Transient op started
Note: Transient op finished successfully
Note: Transient op finished successfully
Note: Transient op started
Note: Transient op finished successfully
Note: Transient op started
Note: Transient op finished successfully
Note: Transient op started
Note: Transient op finished successfully
Note: Transient op started
Note: Transient op started
Note: Transient op finished successfully
Note: Transient op finished successfully
Note: Transient op started
Note: Transient op finished successfully
Note: Transient op started
Note: Transient op finished successfully
Note: Transient op started
Note: Transient op finished successfully
Note: Transient op started
Note: Transient op started
Note: Transient op finished successfully
Note: Transient op finished successfully
Note: Transient op started
Note: Transient op finished successfully
Note: Transient op started
Note: Transient op finished successfully
Note: Transient op started
Note: Transient op finished successfully
Note: Transient op started
Note: Transient op finished successfully
Note: Transient op started
Note: Transient op finished successfully
Note: Transient op started
Note: Transient op finished successfully
Note: Transient op started
Note: Transient op finished successfully
Note: Transient op started
Note: Transient op finished successfully
Note: Transient op started
Note: Transient op finished successfully
Note: Transient op started
Note: Transient op finished successfully
Note: Transient op started
Note: Transient op finished successfully
Note: Transient op started
Note: Transient op started
Note: Transient op finished successfully
Note: Transient op finished successfully
Note: Transient op started
Note: Transient op finished successfully
Note: Transient op started
Note: Transient op started
Note: Transient op finished successfully
Note: Transient op finished successfully
Note: Transient op started
Note: Transient op finished successfully
Note: Transient op started
Note: Transient op finished successfully
Note: Transient op started
Note: Transient op finished successfully
Note: Transient op started
Note: Transient op finished successfully
Note: Transient op started
Note: Transient op finished successfully
Note: Transient op started
Note: Transient op finished successfully
Note: Transient op started
Note: Transient op finished successfully
Note: Transient op started
Note: Transient op finished successfully
Note: Transient op started
Note: Transient op finished successfully
Note: Transient op started
Note: Transient op started
Note: Transient op finished successfully
Note: Transient op finished successfully
Note: Transient op started
Note: Transient op finished successfully
Note: Transient op started
Note: Transient op finished successfully
Note: Transient op started
Note: Transient op finished successfully
Note: Transient op started
Note: Transient op finished successfully
Note: Transient op started
Note: Transient op finished successfully
Note: Transient op started
Note: Transient op finished successfully
Note: Transient op started
Note: Transient op finished successfully
Note: Transient op started
Note: Transient op started
Note: Transient op finished successfully
Note: Transient op finished successfully
Note: Transient op started
Note: Transient op finished successfully
Note: Transient op started
Note: Transient op finished successfully
Note: Transient op started
Note: Transient op finished successfully
Note: Transient op started
Note: Transient op finished successfully
Note: Transient op started
Note: Transient op finished successfully
Note: Transient op started
Note: Transient op finished successfully
Note: Transient op started
Note: Transient op finished successfully
Note: Transient op started
Note: Transient op finished successfully
Note: Transient op started
Note: Transient op finished successfully
Note: Transient op started
Note: Transient op finished successfully
Note: Transient op started
Note: Transient op finished successfully
Note: Transient op started
Note: Transient op started
Note: Transient op finished successfully
Note: Transient op finished successfully
Note: Transient op started
Note: Transient op finished successfully
Note: Transient op started
Note: Transient op finished successfully
Note: Transient op started
Note: Transient op finished successfully
Note: Transient op started
Note: Transient op finished successfully
Note: Transient op started
Note: Transient op finished successfully
Note: Transient op started
Note: Transient op finished successfully
Note: Transient op started
Note: Transient op finished successfully
Note: Transient op started
Note: Transient op finished successfully
Note: Transient op started
Note: Transient op finished successfully
Note: Transient op started
Note: Transient op finished successfully
Note: Transient op started
Note: Transient op finished successfully
Note: Transient op started
Note: Transient op finished successfully
Note: Transient op started
Note: Transient op finished successfully
Note: Transient op started
Note: Transient op finished successfully
Note: Transient op started
Note: Transient op started
Note: Transient op finished successfully
Note: Transient op finished successfully
Note: Transient op started
Note: Transient op finished successfully
Note: Transient op started
Note: Transient op finished successfully
Note: Transient op started
Note: Transient op finished successfully
Note: Transient op started
Note: Transient op finished successfully
Note: Transient op started
Note: Transient op finished successfully
Note: Transient op started
Note: Transient op finished successfully
Note: Transient op started
Note: Transient op finished successfully
Note: Transient op started
Note: Transient op finished successfully
Note: Transient op started
Note: Transient op finished successfully
Note: Transient op started
Note: Transient op finished successfully
Note: Transient op started
Note: Transient op finished successfully
Note: Transient op started
Note: Transient op started
Note: Transient op finished successfully
Note: Transient op finished successfully
Note: Transient op started
Note: Transient op finished successfully
Note: Transient op started
Note: Transient op finished successfully
Note: Transient op started
Note: Transient op finished successfully
Note: Transient op started
Note: Transient op finished successfully
Note: Transient op started
Note: Transient op finished successfully
Note: Transient op started
Note: Transient op finished successfully
Note: Transient op started
Note: Transient op finished successfully
Note: Transient op started
Note: Transient op started
Note: Transient op finished successfully
Note: Transient op finished successfully
Note: Transient op started
Note: Transient op started
Note: Transient op finished successfully
Note: Transient op finished successfully
Note: Transient op started
Note: Transient op finished successfully
Note: Transient op started
Note: Transient op started
Note: Transient op started
Note: Transient op finished successfully
Note: Transient op finished successfully
Note: Transient op finished successfully
Note: Transient op started
Note: Transient op finished successfully
Note: Transient op started
Note: Transient op started
Note: Transient op finished successfully
Note: Transient op finished successfully
Note: Transient op started
Note: Transient op finished successfully
Note: Transient op started
Note: Transient op started
Note: Transient op finished successfully
Note: Transient op finished successfully
Note: Transient op started
Note: Transient op finished successfully
Note: Transient op started
Note: Transient op started
Note: Transient op finished successfully
Note: Transient op finished successfully
Note: Transient op started
Note: Transient op finished successfully
Note: Transient op started
Note: Transient op finished successfully
Note: Transient op started
Note: Transient op started
Note: Transient op finished successfully
Note: Transient op finished successfully
Note: Transient op started
Note: Transient op finished successfully
Note: Transient op started
Note: Transient op finished successfully
Note: Transient op started
Note: Transient op finished successfully
Note: Transient op started
Note: Transient op finished successfully
Note: Transient op started
Note: Transient op finished successfully
Note: Transient op started
Note: Transient op finished successfully
Note: Transient op started
Note: Transient op finished successfully
Note: Transient op started
Note: Transient op finished successfully
Note: Transient op started
Note: Transient op finished successfully
Note: Transient op started
Note: Transient op finished successfully
Note: Transient op started
Note: Transient op finished successfully
Note: Transient op started
Note: Transient op finished successfully
Note: Transient op started
Note: Transient op finished successfully
Note: Transient op started
Note: Transient op finished successfully
Note: Transient op started
Note: Transient op finished successfully
Note: Transient op started
Note: Transient op finished successfully
Note: Transient op started
Note: Transient op finished successfully
Note: Transient op started
Note: Transient op finished successfully
Note: Transient op started
Note: Transient op finished successfully
Note: Transient op started
Note: Transient op finished successfully
Note: Transient op started
Note: Transient op finished successfully
Note: Transient op started
Note: Transient op finished successfully
Note: Transient op started
Note: Transient op finished successfully
Note: Transient op started
Note: Transient op finished successfully
Note: Transient op started
Note: Transient op finished successfully
Note: Transient op started
Note: Transient op finished successfully
Note: Transient op started
Note: Transient op finished successfully
Note: Transient op started
Note: Transient op finished successfully
Note: Transient op started
Note: Transient op finished successfully
Note: Transient op started
Note: Transient op finished successfully
Note: Transient op started
Note: Transient op started
Note: Transient op started
Note: Transient op finished successfully
Note: Transient op finished successfully
Note: Transient op finished successfully
Note: Transient op started
Note: Transient op finished successfully
Note: Transient op started
Note: Transient op finished successfully
Note: Transient op started
Note: Transient op finished successfully
Note: Transient op started
Note: Transient op started
Note: Transient op finished successfully
Note: Transient op finished successfully
Note: Transient op started
Note: Transient op finished successfully
Note: Transient op started
Note: Transient op finished successfully
Note: Transient op started
Note: Transient op finished successfully
Note: Transient op started
Note: Transient op finished successfully
Note: Transient op started
Note: Transient op finished successfully
Note: Transient op started
Note: Transient op finished successfully
Note: Transient op started
Note: Transient op finished successfully
Note: Transient op started
Note: Transient op finished successfully
Note: Transient op started
Note: Transient op finished successfully
Note: Transient op started
Note: Transient op started
Note: Transient op finished successfully
Note: Transient op finished successfully
Note: Transient op started
Note: Transient op started
Note: Transient op finished successfully
Note: Transient op finished successfully
Note: Transient op started
Note: Transient op finished successfully
Note: Transient op started
Note: Transient op finished successfully
Note: Transient op started
Note: Transient op finished successfully
Note: Transient op started
Note: Transient op finished successfully
Note: Transient op started
Note: Transient op finished successfully
Note: Transient op started
Note: Transient op finished successfully
Note: Transient op started
Note: Transient op finished successfully
Note: Transient op started
Note: Transient op finished successfully
Note: Transient op started
Note: Transient op finished successfully
Note: Transient op started
Note: Transient op finished successfully
Note: Transient op started
Note: Transient op finished successfully
Note: Transient op started
Note: Transient op finished successfully
Note: Transient op started
Note: Transient op finished successfully
Note: Transient op started
Note: Transient op finished successfully
Note: Transient op started
Note: Transient op finished successfully
Note: Transient op started
Note: Transient op finished successfully
Note: Transient op started
Note: Transient op finished successfully
Note: Transient op started
Note: Transient op finished successfully
Note: Transient op started
Note: Transient op finished successfully
Note: Transient op started
Note: Transient op finished successfully
Note: Transient op started
Note: Transient op finished successfully
Note: Transient op started
Note: Transient op finished successfully
Note: Transient op started
Note: Transient op finished successfully
Note: Transient op started
Note: Transient op finished successfully
Note: Transient op started
Note: Transient op finished successfully
Note: Transient op started
Note: Transient op finished successfully
Note: Transient op started
Note: Transient op finished successfully
Note: Transient op started
Note: Transient op finished successfully
Note: Transient op started
Note: Transient op finished successfully
Note: Transient op started
Note: Transient op finished successfully
Note: Transient op started
Note: Transient op finished successfully
Note: Transient op started
Note: Transient op finished successfully
Note: Transient op started
Note: Transient op finished successfully
Note: Transient op started
Note: Transient op finished successfully
Note: Transient op started
Note: Transient op finished successfully
Note: Transient op started
Note: Transient op finished successfully
-----------------------------------------
| time/                   |             |
|    fps                  | 5           |
|    iterations           | 21          |
|    time_elapsed         | 3816        |
|    total_timesteps      | 21504       |
| train/                  |             |
|    approx_kl            | 0.029485092 |
|    clip_fraction        | 0.228       |
|    clip_range           | 0.2         |
|    entropy_loss         | -8.12       |
|    explained_variance   | 0.15        |
|    learning_rate        | 0.0003      |
|    loss                 | 16.7        |
|    n_updates            | 200         |
|    policy_gradient_loss | -0.0311     |
|    std                  | 0.935       |
|    value_loss           | 35          |
-----------------------------------------
Note: Transient op started
Note: Transient op finished successfully
Note: Transient op started
Note: Transient op finished successfully
Note: Transient op started
Note: Transient op finished successfully
Note: Transient op started
Note: Transient op started
Note: Transient op started
Note: Transient op finished successfully
Note: Transient op finished successfully
Note: Transient op finished successfully
Note: Transient op started
Note: Transient op finished successfully
Note: Transient op started
Note: Transient op finished successfully
Note: Transient op started
Note: Transient op finished successfully
Note: Transient op started
Note: Transient op started
Note: Transient op finished successfully
Note: Transient op finished successfully
Note: Transient op started
Note: Transient op finished successfully
Note: Transient op started
Note: Transient op finished successfully
Note: Transient op started
Note: Transient op finished successfully
Note: Transient op started
Note: Transient op finished successfully
Note: Transient op started
Note: Transient op finished successfully
Note: Transient op started
Note: Transient op finished successfully
Note: Transient op started
Note: Transient op finished successfully
Note: Transient op started
Note: Transient op finished successfully
Note: Transient op started
Note: Transient op finished successfully
Note: Transient op started
Note: Transient op finished successfully
Note: Transient op started
Note: Transient op finished successfully
Note: Transient op started
Note: Transient op finished successfully
Note: Transient op started
Note: Transient op finished successfully
Note: Transient op started
Note: Transient op started
Note: Transient op finished successfully
Note: Transient op started
Note: Transient op finished successfully
Note: Transient op finished successfully
Note: Transient op started
Note: Transient op finished successfully
Note: Transient op started
Note: Transient op finished successfully
Note: Transient op started
Note: Transient op finished successfully
Note: Transient op started
Note: Transient op finished successfully
Note: Transient op started
Note: Transient op started
Note: Transient op finished successfully
Note: Transient op finished successfully
Note: Transient op started
Note: Transient op finished successfully
Note: Transient op started
Note: Transient op started
Note: Transient op finished successfully
Note: Transient op finished successfully
Note: Transient op started
Note: Transient op finished successfully
Note: Transient op started
Note: Transient op finished successfully
Note: Transient op started
Note: Transient op finished successfully
Note: Transient op started
Note: Transient op finished successfully
Note: Transient op started
Note: Transient op finished successfully
Note: Transient op started
Note: Transient op finished successfully
Note: Transient op started
Note: Transient op started
Note: Transient op finished successfully
Note: Transient op finished successfully
Note: Transient op started
Note: Transient op finished successfully
Note: Transient op started
Note: Transient op finished successfully
Note: Transient op started
Note: Transient op finished successfully
Note: Transient op started
Note: Transient op finished successfully
Note: Transient op started
Note: Transient op finished successfully
Note: Transient op started
Note: Transient op finished successfully
Note: Transient op started
Note: Transient op finished successfully
Note: Transient op started
Note: Transient op finished successfully
Note: Transient op started
Note: Transient op finished successfully
Note: Transient op started
Note: Transient op finished successfully
Note: Transient op started
Note: Transient op finished successfully
Note: Transient op started
Note: Transient op finished successfully
Note: Transient op started
Note: Transient op finished successfully
Note: Transient op started
Note: Transient op finished successfully
Note: Transient op started
Note: Transient op finished successfully
Note: Transient op started
Note: Transient op finished successfully
Note: Transient op started
Note: Transient op finished successfully
Note: Transient op started
Note: Transient op finished successfully
Note: Transient op started
Note: Transient op finished successfully
Note: Transient op started
Note: Transient op started
Note: Transient op finished successfully
Note: Transient op finished successfully
Note: Transient op started
Note: Transient op finished successfully
Note: Transient op started
Note: Transient op finished successfully
Note: Transient op started
Note: Transient op started
Note: Transient op finished successfully
Note: Transient op finished successfully
Note: Transient op started
Note: Transient op finished successfully
Note: Transient op started
Note: Transient op finished successfully
Note: Transient op started
Note: Transient op started
Note: Transient op finished successfully
Note: Transient op finished successfully
Note: Transient op started
Note: Transient op finished successfully
Note: Transient op started
Note: Transient op finished successfully
Note: Transient op started
Note: Transient op finished successfully
Note: Transient op started
Note: Transient op finished successfully
Note: Transient op started
Note: Transient op finished successfully
Note: Transient op started
Note: Transient op started
Note: Transient op finished successfully
Note: Transient op finished successfully
Note: Transient op started
Note: Transient op finished successfully
Note: Transient op started
Note: Transient op finished successfully
Note: Transient op started
Note: Transient op finished successfully
Note: Transient op started
Note: Transient op finished successfully
Note: Transient op started
Note: Transient op finished successfully
Note: Transient op started
Note: Transient op finished successfully
Note: Transient op started
Note: Transient op finished successfully
Note: Transient op started
Note: Transient op finished successfully
Note: Transient op started
Note: Transient op finished successfully
Note: Transient op started
Note: Transient op finished successfully
Note: Transient op started
Note: Transient op started
Note: Transient op finished successfully
Note: Transient op finished successfully
Note: Transient op started
Note: Transient op started
Note: Transient op finished successfully
Note: Transient op finished successfully
Note: Transient op started
Note: Transient op finished successfully
Note: Transient op started
Note: Transient op finished successfully
Note: Transient op started
Note: Transient op finished successfully
Note: Transient op started
Note: Transient op finished successfully
Note: Transient op started
Note: Transient op finished successfully
Note: Transient op started
Note: Transient op finished successfully
Note: Transient op started
Note: Transient op finished successfully
Note: Transient op started
Note: Transient op finished successfully
Note: Transient op started
Note: Transient op finished successfully
Note: Transient op started
Note: Transient op finished successfully
Note: Transient op started
Note: Transient op finished successfully
Note: Transient op started
Note: Transient op finished successfully
Note: Transient op started
Note: Transient op finished successfully
Note: Transient op started
Note: Transient op finished successfully
Note: Transient op started
Note: Transient op finished successfully
Note: Transient op started
Note: Transient op finished successfully
Note: Transient op started
Note: Transient op finished successfully
Note: Transient op started
Note: Transient op finished successfully
Note: Transient op started
Note: Transient op finished successfully
Note: Transient op started
Note: Transient op finished successfully
Note: Transient op started
Note: Transient op finished successfully
Note: Transient op started
Note: Transient op finished successfully
Note: Transient op started
Note: Transient op finished successfully
Note: Transient op started
Note: Transient op finished successfully
Note: Transient op started
Note: Transient op finished successfully
Note: Transient op started
Note: Transient op finished successfully
Note: Transient op started
Note: Transient op started
Note: Transient op finished successfully
Note: Transient op finished successfully
Note: Transient op started
Note: Transient op finished successfully
Note: Transient op started
Note: Transient op finished successfully
Note: Transient op started
Note: Transient op finished successfully
Note: Transient op started
Note: Transient op finished successfully
Note: Transient op started
Note: Transient op finished successfully
Note: Transient op started
Note: Transient op finished successfully
Note: Transient op started
Note: Transient op finished successfully
Note: Transient op started
Note: Transient op started
Note: Transient op finished successfully
Note: Transient op finished successfully
Note: Transient op started
Note: Transient op finished successfully
Note: Transient op started
Note: Transient op started
Note: Transient op finished successfully
Note: Transient op finished successfully
Note: Transient op started
Note: Transient op finished successfully
Note: Transient op started
Note: Transient op finished successfully
Note: Transient op started
Note: Transient op finished successfully
Note: Transient op started
Note: Transient op finished successfully
Note: Transient op started
Note: Transient op started
Note: Transient op started
Note: Transient op finished successfully
Note: Transient op finished successfully
Note: Transient op finished successfully
Note: Transient op started
Note: Transient op started
Note: Transient op finished successfully
Note: Transient op finished successfully
Note: Transient op started
Note: Transient op finished successfully
Note: Transient op started
Note: Transient op started
Note: Transient op started
Note: Transient op finished successfully
Note: Transient op finished successfully
Note: Transient op finished successfully
Note: Transient op started
Note: Transient op finished successfully
Note: Transient op started
Note: Transient op finished successfully
Note: Transient op started
Note: Transient op finished successfully
Note: Transient op started
Note: Transient op finished successfully
Note: Transient op started
Note: Transient op finished successfully
Note: Transient op started
Note: Transient op started
Note: Transient op finished successfully
Note: Transient op finished successfully
Note: Transient op started
Note: Transient op finished successfully
Note: Transient op started
Note: Transient op finished successfully
Note: Transient op started
Note: Transient op finished successfully
Note: Transient op started
Note: Transient op finished successfully
Note: Transient op started
Note: Transient op finished successfully
Note: Transient op started
Note: Transient op finished successfully
Note: Transient op started
Note: Transient op finished successfully
Note: Transient op started
Note: Transient op finished successfully
Note: Transient op started
Note: Transient op started
Note: Transient op finished successfully
Note: Transient op finished successfully
Note: Transient op started
Note: Transient op started
Note: Transient op finished successfully
Note: Transient op finished successfully
Note: Transient op started
Note: Transient op started
Note: Transient op finished successfully
Note: Transient op finished successfully
Note: Transient op started
Note: Transient op started
Note: Transient op finished successfully
Note: Transient op finished successfully
Note: Transient op started
Note: Transient op finished successfully
Note: Transient op started
Note: Transient op finished successfully
Note: Transient op started
Note: Transient op finished successfully
Note: Transient op started
Note: Transient op finished successfully
Note: Transient op started
Note: Transient op finished successfully
Note: Transient op started
Note: Transient op finished successfully
Note: Transient op started
Note: Transient op started
Note: Transient op finished successfully
Note: Transient op finished successfully
Note: Transient op started
Note: Transient op finished successfully
Note: Transient op started
Note: Transient op finished successfully
Note: Transient op started
Note: Transient op finished successfully
Note: Transient op started
Note: Transient op finished successfully
Note: Transient op started
Note: Transient op started
Note: Transient op finished successfully
Note: Transient op finished successfully
Note: Transient op started
Note: Transient op finished successfully
Note: Transient op started
Note: Transient op started
Note: Transient op finished successfully
Note: Transient op finished successfully
Note: Transient op started
Note: Transient op finished successfully
Note: Transient op started
Note: Transient op finished successfully
Note: Transient op started
Note: Transient op finished successfully
Note: Transient op started
Note: Transient op finished successfully
Note: Transient op started
Note: Transient op finished successfully
Note: Transient op started
Note: Transient op started
Note: Transient op started
Note: Transient op started
Note: Transient op finished successfully
Note: Transient op finished successfully
Note: Transient op finished successfully
Note: Transient op finished successfully
Note: Transient op started
Note: Transient op started
Note: Transient op finished successfully
Note: Transient op finished successfully
Note: Transient op started
Note: Transient op finished successfully
Note: Transient op started
Note: Transient op finished successfully
Note: Transient op started
Note: Transient op finished successfully
Note: Transient op started
Note: Transient op started
Note: Transient op finished successfully
Note: Transient op finished successfully
Note: Transient op started
Note: Transient op finished successfully
Note: Transient op started
Note: Transient op finished successfully
Note: Transient op started
Note: Transient op finished successfully
Note: Transient op started
Note: Transient op finished successfully
Note: Transient op started
Note: Transient op finished successfully
Note: Transient op started
Note: Transient op finished successfully
Note: Transient op started
Note: Transient op finished successfully
Note: Transient op started
Note: Transient op finished successfully
Note: Transient op started
Note: Transient op finished successfully
Note: Transient op started
Note: Transient op started
Note: Transient op finished successfully
Note: Transient op finished successfully
Note: Transient op started
Note: Transient op finished successfully
Note: Transient op started
Note: Transient op finished successfully
Note: Transient op started
Note: Transient op finished successfully
Note: Transient op started
Note: Transient op finished successfully
Note: Transient op started
Note: Transient op finished successfully
Note: Transient op started
Note: Transient op finished successfully
Note: Transient op started
Note: Transient op finished successfully
Note: Transient op started
Note: Transient op finished successfully
Note: Transient op started
Note: Transient op finished successfully
Note: Transient op started
Note: Transient op finished successfully
Note: Transient op started
Note: Transient op finished successfully
Note: Transient op started
Note: Transient op finished successfully
Note: Transient op started
Note: Transient op finished successfully
Note: Transient op started
Note: Transient op finished successfully
Note: Transient op started
Note: Transient op finished successfully
Note: Transient op started
Note: Transient op finished successfully
Note: Transient op started
Note: Transient op finished successfully
Note: Transient op started
Note: Transient op finished successfully
Note: Transient op started
Note: Transient op finished successfully
Note: Transient op started
Note: Transient op finished successfully
Note: Transient op started
Note: Transient op finished successfully
Note: Transient op started
Note: Transient op finished successfully
Note: Transient op started
Note: Transient op finished successfully
Note: Transient op started
Note: Transient op started
Note: Transient op finished successfully
Note: Transient op finished successfully
Note: Transient op started
Note: Transient op finished successfully
Note: Transient op started
Note: Transient op finished successfully
Note: Transient op started
Note: Transient op finished successfully
Note: Transient op started
Note: Transient op finished successfully
Note: Transient op started
Note: Transient op finished successfully
Note: Transient op started
Note: Transient op finished successfully
Note: Transient op started
Note: Transient op finished successfully
Note: Transient op started
Note: Transient op finished successfully
Note: Transient op started
Note: Transient op finished successfully
Note: Transient op started
Note: Transient op finished successfully
Note: Transient op started
Note: Transient op finished successfully
Note: Transient op started
Note: Transient op finished successfully
Note: Transient op started
Note: Transient op finished successfully
Note: Transient op started
Note: Transient op started
Note: Transient op finished successfully
Note: Transient op finished successfully
Note: Transient op started
Note: Transient op finished successfully
Note: Transient op started
Note: Transient op finished successfully
Note: Transient op started
Note: Transient op started
Note: Transient op finished successfully
Note: Transient op finished successfully
Note: Transient op started
Note: Transient op finished successfully
Note: Transient op started
Note: Transient op started
Note: Transient op finished successfully
Note: Transient op finished successfully
Note: Transient op started
Note: Transient op finished successfully
Note: Transient op started
Note: Transient op finished successfully
Note: Transient op started
Note: Transient op finished successfully
Note: Transient op started
Note: Transient op finished successfully
Note: Transient op started
Note: Transient op started
Note: Transient op finished successfully
Note: Transient op finished successfully
Note: Transient op started
Note: Transient op finished successfully
Note: Transient op started
Note: Transient op finished successfully
Note: Transient op started
Note: Transient op finished successfully
Note: Transient op started
Note: Transient op finished successfully
Note: Transient op started
Note: Transient op finished successfully
Note: Transient op started
Note: Transient op finished successfully
Note: Transient op started
Note: Transient op started
Note: Transient op finished successfully
Note: Transient op finished successfully
Note: Transient op started
Note: Transient op finished successfully
Note: Transient op started
Note: Transient op finished successfully
Note: Transient op started
Note: Transient op finished successfully
Note: Transient op started
Note: Transient op finished successfully
Note: Transient op started
Note: Transient op finished successfully
Note: Transient op started
Note: Transient op finished successfully
Note: Transient op started
Note: Transient op finished successfully
Note: Transient op started
Note: Transient op started
Note: Transient op finished successfully
Note: Transient op finished successfully
Note: Transient op started
Note: Transient op finished successfully
Note: Transient op started
Note: Transient op finished successfully
Note: Transient op started
Note: Transient op finished successfully
Note: Transient op started
Note: Transient op finished successfully
Note: Transient op started
Note: Transient op started
Note: Transient op finished successfully
Note: Transient op finished successfully
Note: Transient op started
Note: Transient op finished successfully
Note: Transient op started
Note: Transient op finished successfully
Note: Transient op started
Note: Transient op finished successfully
Note: Transient op started
Note: Transient op finished successfully
Note: Transient op started
Note: Transient op started
Note: Transient op finished successfully
Note: Transient op finished successfully
Note: Transient op started
Note: Transient op finished successfully
Note: Transient op started
Note: Transient op finished successfully
Note: Transient op started
Note: Transient op finished successfully
Note: Transient op started
Note: Transient op finished successfully
Note: Transient op started
Note: Transient op finished successfully
Note: Transient op started
Note: Transient op started
Note: Transient op finished successfully
Note: Transient op finished successfully
Note: Transient op started
Note: Transient op started
Note: Transient op finished successfully
Note: Transient op finished successfully
Note: Transient op started
Note: Transient op finished successfully
Note: Transient op started
Note: Transient op finished successfully
Note: Transient op started
Note: Transient op finished successfully
Note: Transient op started
Note: Transient op finished successfully
Note: Transient op started
Note: Transient op finished successfully
Note: Transient op started
Note: Transient op finished successfully
Note: Transient op started
Note: Transient op finished successfully
Note: Transient op started
Note: Transient op finished successfully
Note: Transient op started
Note: Transient op started
Note: Transient op finished successfully
Note: Transient op finished successfully
Note: Transient op started
Note: Transient op started
Note: Transient op finished successfully
Note: Transient op finished successfully
Note: Transient op started
Note: Transient op finished successfully
Note: Transient op started
Note: Transient op finished successfully
Note: Transient op started
Note: Transient op finished successfully
Note: Transient op started
Note: Transient op finished successfully
Note: Transient op started
Note: Transient op finished successfully
Note: Transient op started
Note: Transient op finished successfully
Note: Transient op started
Note: Transient op finished successfully
Note: Transient op started
Note: Transient op finished successfully
Note: Transient op started
Note: Transient op finished successfully
Note: Transient op started
Note: Transient op finished successfully
Note: Transient op started
Note: Transient op finished successfully
Note: Transient op started
Note: Transient op finished successfully
Note: Transient op started
Note: Transient op finished successfully
Note: Transient op started
Note: Transient op finished successfully
Note: Transient op started
Note: Transient op finished successfully
Note: Transient op started
Note: Transient op finished successfully
Note: Transient op started
Note: Transient op started
Note: Transient op finished successfully
Note: Transient op finished successfully
Note: Transient op started
Note: Transient op started
Note: Transient op finished successfully
Note: Transient op finished successfully
Note: Transient op started
Note: Transient op started
Note: Transient op finished successfully
Note: Transient op finished successfully
Note: Transient op started
Note: Transient op started
Note: Transient op finished successfully
Note: Transient op finished successfully
Note: Transient op started
Note: Transient op finished successfully
Note: Transient op started
Note: Transient op started
Note: Transient op started
Note: Transient op finished successfully
Note: Transient op finished successfully
Note: Transient op finished successfully
Note: Transient op started
Note: Transient op started
Note: Transient op finished successfully
Note: Transient op finished successfully
Note: Transient op started
Note: Transient op started
Note: Transient op finished successfully
Note: Transient op finished successfully
Note: Transient op started
Note: Transient op started
Note: Transient op finished successfully
Note: Transient op finished successfully
Note: Transient op started
Note: Transient op finished successfully
Note: Transient op started
Note: Transient op finished successfully
Note: Transient op started
Note: Transient op finished successfully
Note: Transient op started
Note: Transient op finished successfully
Note: Transient op started
Note: Transient op finished successfully
Note: Transient op started
Note: Transient op finished successfully
Note: Transient op started
Note: Transient op finished successfully
Note: Transient op started
Note: Transient op finished successfully
Note: Transient op started
Note: Transient op finished successfully
Note: Transient op started
Note: Transient op finished successfully
Note: Transient op started
Note: Transient op finished successfully
Note: Transient op started
Note: Transient op finished successfully
Note: Transient op started
Note: Transient op finished successfully
Note: Transient op started
Note: Transient op finished successfully
Note: Transient op started
Note: Transient op finished successfully
Note: Transient op started
Note: Transient op finished successfully
Note: Transient op started
Note: Transient op finished successfully
Note: Transient op started
Note: Transient op finished successfully
Note: Transient op started
Note: Transient op finished successfully
Note: Transient op started
Note: Transient op finished successfully
Note: Transient op started
Note: Transient op finished successfully
Note: Transient op started
Note: Transient op finished successfully
Note: Transient op started
Note: Transient op finished successfully
Note: Transient op started
Note: Transient op finished successfully
Note: Transient op started
Note: Transient op finished successfully
Note: Transient op started
Note: Transient op finished successfully
Note: Transient op started
Note: Transient op finished successfully
Note: Transient op started
Note: Transient op finished successfully
Note: Transient op started
Note: Transient op finished successfully
Note: Transient op started
Note: Transient op finished successfully
Note: Transient op started
Note: Transient op finished successfully
Note: Transient op started
Note: Transient op finished successfully
Note: Transient op started
Note: Transient op finished successfully
Note: Transient op started
Note: Transient op finished successfully
Note: Transient op started
Note: Transient op finished successfully
Note: Transient op started
Note: Transient op finished successfully
Note: Transient op started
Note: Transient op finished successfully
Note: Transient op started
Note: Transient op finished successfully
Note: Transient op started
Note: Transient op finished successfully
Note: Transient op started
Note: Transient op finished successfully
Note: Transient op started
Note: Transient op finished successfully
Note: Transient op started
Note: Transient op finished successfully
Note: Transient op started
Note: Transient op started
Note: Transient op finished successfully
Note: Transient op finished successfully
Note: Transient op started
Note: Transient op finished successfully
Note: Transient op started
Note: Transient op finished successfully
Note: Transient op started
Note: Transient op finished successfully
Note: Transient op started
Note: Transient op finished successfully
Note: Transient op started
Note: Transient op finished successfully
Note: Transient op started
Note: Transient op finished successfully
Note: Transient op started
Note: Transient op finished successfully
Note: Transient op started
Note: Transient op finished successfully
Note: Transient op started
Note: Transient op finished successfully
Note: Transient op started
Note: Transient op finished successfully
Note: Transient op started
Note: Transient op finished successfully
Note: Transient op started
Note: Transient op finished successfully
Note: Transient op started
Note: Transient op finished successfully
Note: Transient op started
Note: Transient op finished successfully
Note: Transient op started
Note: Transient op finished successfully
Note: Transient op started
Note: Transient op finished successfully
Note: Transient op started
Note: Transient op finished successfully
Note: Transient op started
Note: Transient op started
Note: Transient op finished successfully
Note: Transient op finished successfully
Note: Transient op started
Note: Transient op finished successfully
Note: Transient op started
Note: Transient op started
Note: Transient op finished successfully
Note: Transient op finished successfully
Note: Transient op started
Note: Transient op finished successfully
Note: Transient op started
Note: Transient op started
Note: Transient op finished successfully
Note: Transient op finished successfully
Note: Transient op started
Note: Transient op finished successfully
Note: Transient op started
Note: Transient op finished successfully
Note: Transient op started
Note: Transient op finished successfully
Note: Transient op started
Note: Transient op finished successfully
Note: Transient op started
Note: Transient op finished successfully
Note: Transient op started
Note: Transient op finished successfully
Note: Transient op started
Note: Transient op finished successfully
Note: Transient op started
Note: Transient op finished successfully
Note: Transient op started
Note: Transient op finished successfully
Note: Transient op started
Note: Transient op finished successfully
Note: Transient op started
Note: Transient op finished successfully
Note: Transient op started
Note: Transient op finished successfully
Note: Transient op started
Note: Transient op finished successfully
Note: Transient op started
Note: Transient op started
Note: Transient op finished successfully
Note: Transient op finished successfully
Note: Transient op started
Note: Transient op started
Note: Transient op finished successfully
Note: Transient op finished successfully
Note: Transient op started
Note: Transient op started
Note: Transient op finished successfully
Note: Transient op finished successfully
Note: Transient op started
Note: Transient op finished successfully
Note: Transient op started
Note: Transient op finished successfully
Note: Transient op started
Note: Transient op finished successfully
Note: Transient op started
Note: Transient op finished successfully
Note: Transient op started
Note: Transient op finished successfully
Note: Transient op started
Note: Transient op finished successfully
Note: Transient op started
Note: Transient op finished successfully
Note: Transient op started
Note: Transient op finished successfully
Note: Transient op started
Note: Transient op finished successfully
Note: Transient op started
Note: Transient op finished successfully
Note: Transient op started
Note: Transient op finished successfully
Note: Transient op started
Note: Transient op finished successfully
Note: Transient op started
Note: Transient op finished successfully
Note: Transient op started
Note: Transient op finished successfully
Note: Transient op started
Note: Transient op finished successfully
Note: Transient op started
Note: Transient op finished successfully
Note: Transient op started
Note: Transient op finished successfully
Note: Transient op started
Note: Transient op finished successfully
Note: Transient op started
Note: Transient op finished successfully
Note: Transient op started
Note: Transient op finished successfully
Note: Transient op started
Note: Transient op finished successfully
Note: Transient op started
Note: Transient op finished successfully
Note: Transient op started
Note: Transient op finished successfully
Note: Transient op started
Note: Transient op finished successfully
Note: Transient op started
Note: Transient op finished successfully
Note: Transient op started
Note: Transient op finished successfully
Note: Transient op started
Note: Transient op finished successfully
Note: Transient op started
Note: Transient op finished successfully
Note: Transient op started
Note: Transient op finished successfully
Note: Transient op started
Note: Transient op finished successfully
Note: Transient op started
Note: Transient op finished successfully
Note: Transient op started
Note: Transient op finished successfully
Note: Transient op started
Note: Transient op started
Note: Transient op finished successfully
Note: Transient op finished successfully
Note: Transient op started
Note: Transient op finished successfully
Note: Transient op started
Note: Transient op finished successfully
Note: Transient op started
Note: Transient op finished successfully
Note: Transient op started
Note: Transient op finished successfully
Note: Transient op started
Note: Transient op finished successfully
Note: Transient op started
Note: Transient op finished successfully
Note: Transient op started
Note: Transient op finished successfully
Note: Transient op started
Note: Transient op finished successfully
Note: Transient op started
Note: Transient op finished successfully
Note: Transient op started
Note: Transient op finished successfully
Note: Transient op started
Note: Transient op finished successfully
Note: Transient op started
Note: Transient op finished successfully
Note: Transient op started
Note: Transient op finished successfully
Note: Transient op started
Note: Transient op finished successfully
Note: Transient op started
Note: Transient op finished successfully
Note: Transient op started
Note: Transient op finished successfully
Note: Transient op started
Note: Transient op started
Note: Transient op finished successfully
Note: Transient op started
Note: Transient op finished successfully
Note: Transient op finished successfully
Note: Transient op started
Note: Transient op finished successfully
Note: Transient op started
Note: Transient op finished successfully
Note: Transient op started
Note: Transient op started
Note: Transient op finished successfully
Note: Transient op finished successfully
Note: Transient op started
Note: Transient op finished successfully
Note: Transient op started
Note: Transient op finished successfully
Note: Transient op started
Note: Transient op started
Note: Transient op finished successfully
Note: Transient op finished successfully
Note: Transient op started
Note: Transient op finished successfully
Note: Transient op started
Note: Transient op started
Note: Transient op started
Note: Transient op finished successfully
Note: Transient op finished successfully
Note: Transient op finished successfully
Note: Transient op started
Note: Transient op finished successfully
Note: Transient op started
Note: Transient op started
Note: Transient op finished successfully
Note: Transient op finished successfully
Note: Transient op started
Note: Transient op finished successfully
Note: Transient op started
Note: Transient op started
Note: Transient op finished successfully
Note: Transient op finished successfully
Note: Transient op started
Note: Transient op finished successfully
Note: Transient op started
Note: Transient op started
Note: Transient op finished successfully
Note: Transient op finished successfully
Note: Transient op started
Note: Transient op finished successfully
Note: Transient op started
Note: Transient op started
Note: Transient op finished successfully
Note: Transient op finished successfully
Note: Transient op started
Note: Transient op finished successfully
Note: Transient op started
Note: Transient op finished successfully
Note: Transient op started
Note: Transient op finished successfully
Note: Transient op started
Note: Transient op finished successfully
Note: Transient op started
Note: Transient op finished successfully
Note: Transient op started
Note: Transient op finished successfully
Note: Transient op started
Note: Transient op started
Note: Transient op finished successfully
Note: Transient op finished successfully
Note: Transient op started
Note: Transient op finished successfully
Note: Transient op started
Note: Transient op finished successfully
Note: Transient op started
Note: Transient op started
Note: Transient op finished successfully
Note: Transient op finished successfully
Note: Transient op started
Note: Transient op finished successfully
Note: Transient op started
Note: Transient op started
Note: Transient op finished successfully
Note: Transient op finished successfully
Note: Transient op started
Note: Transient op finished successfully
Note: Transient op started
Note: Transient op finished successfully
Note: Transient op started
Note: Transient op finished successfully
Note: Transient op started
Note: Transient op finished successfully
Note: Transient op started
Note: Transient op finished successfully
Note: Transient op started
Note: Transient op finished successfully
Note: Transient op started
Note: Transient op finished successfully
Note: Transient op started
Note: Transient op finished successfully
Note: Transient op started
Note: Transient op finished successfully
Note: Transient op started
Note: Transient op finished successfully
Note: Transient op started
Note: Transient op finished successfully
Note: Transient op started
Note: Transient op finished successfully
-----------------------------------------
| time/                   |             |
|    fps                  | 5           |
|    iterations           | 22          |
|    time_elapsed         | 4174        |
|    total_timesteps      | 22528       |
| train/                  |             |
|    approx_kl            | 0.021588929 |
|    clip_fraction        | 0.223       |
|    clip_range           | 0.2         |
|    entropy_loss         | -8.09       |
|    explained_variance   | 0.151       |
|    learning_rate        | 0.0003      |
|    loss                 | 19.8        |
|    n_updates            | 210         |
|    policy_gradient_loss | -0.0222     |
|    std                  | 0.931       |
|    value_loss           | 39.6        |
-----------------------------------------
Note: Transient op started
Note: Transient op finished successfully
Note: Transient op started
Note: Transient op finished successfully
Note: Transient op started
Note: Transient op finished successfully
Note: Transient op started
Note: Transient op finished successfully
Note: Transient op started
Note: Transient op finished successfully
Note: Transient op started
Note: Transient op finished successfully
Note: Transient op started
Note: Transient op finished successfully
Note: Transient op started
Note: Transient op finished successfully
Note: Transient op started
Note: Transient op finished successfully
Note: Transient op started
Note: Transient op finished successfully
Note: Transient op started
Note: Transient op finished successfully
Note: Transient op started
Note: Transient op finished successfully
Note: Transient op started
Note: Transient op finished successfully
Note: Transient op started
Note: Transient op finished successfully
Note: Transient op started
Note: Transient op finished successfully
Note: Transient op started
Note: Transient op started
Note: Transient op finished successfully
Note: Transient op started
Note: Transient op finished successfully
Note: Transient op finished successfully
Note: Transient op started
Note: Transient op started
Note: Transient op finished successfully
Note: Transient op started
Note: Transient op finished successfully
Note: Transient op finished successfully
Note: Transient op started
Note: Transient op finished successfully
Note: Transient op started
Note: Transient op started
Note: Transient op finished successfully
Note: Transient op finished successfully
Note: Transient op started
Note: Transient op started
Note: Transient op finished successfully
Note: Transient op finished successfully
Note: Transient op started
Note: Transient op started
Note: Transient op finished successfully
Note: Transient op finished successfully
Note: Transient op started
Note: Transient op finished successfully
Note: Transient op started
Note: Transient op finished successfully
Note: Transient op started
Note: Transient op finished successfully
Note: Transient op started
Note: Transient op finished successfully
Note: Transient op started
Note: Transient op finished successfully
Note: Transient op started
Note: Transient op finished successfully
Note: Transient op started
Note: Transient op started
Note: Transient op finished successfully
Note: Transient op finished successfully
Note: Transient op started
Note: Transient op finished successfully
Note: Transient op started
Note: Transient op started
Note: Transient op finished successfully
Note: Transient op finished successfully
Note: Transient op started
Note: Transient op finished successfully
Note: Transient op started
Note: Transient op started
Note: Transient op finished successfully
Note: Transient op finished successfully
Note: Transient op started
Note: Transient op finished successfully
Note: Transient op started
Note: Transient op finished successfully
Note: Transient op started
Note: Transient op finished successfully
Note: Transient op started
Note: Transient op finished successfully
Note: Transient op started
Note: Transient op finished successfully
Note: Transient op started
Note: Transient op finished successfully
Note: Transient op started
Note: Transient op finished successfully
Note: Transient op started
Note: Transient op finished successfully
Note: Transient op started
Note: Transient op finished successfully
Note: Transient op started
Note: Transient op finished successfully
Note: Transient op started
Note: Transient op finished successfully
Note: Transient op started
Note: Transient op finished successfully
Note: Transient op started
Note: Transient op finished successfully
Note: Transient op started
Note: Transient op finished successfully
Note: Transient op started
Note: Transient op finished successfully
Note: Transient op started
Note: Transient op finished successfully
Note: Transient op started
Note: Transient op finished successfully
Note: Transient op started
Note: Transient op finished successfully
Note: Transient op started
Note: Transient op finished successfully
Note: Transient op started
Note: Transient op finished successfully
Note: Transient op started
Note: Transient op finished successfully
Note: Transient op started
Note: Transient op finished successfully
Note: Transient op started
Note: Transient op finished successfully
Note: Transient op started
Note: Transient op started
Note: Transient op finished successfully
Note: Transient op finished successfully
Note: Transient op started
Note: Transient op finished successfully
Note: Transient op started
Note: Transient op finished successfully
Note: Transient op started
Note: Transient op finished successfully
Note: Transient op started
Note: Transient op finished successfully
Note: Transient op started
Note: Transient op finished successfully
Note: Transient op started
Note: Transient op finished successfully
Note: Transient op started
Note: Transient op finished successfully
Note: Transient op started
Note: Transient op finished successfully
Note: Transient op started
Note: Transient op finished successfully
Note: Transient op started
Note: Transient op finished successfully
Note: Transient op started
Note: Transient op finished successfully
Note: Transient op started
Note: Transient op started
Note: Transient op finished successfully
Note: Transient op finished successfully
Note: Transient op started
Note: Transient op finished successfully
Note: Transient op started
Note: Transient op finished successfully
Note: Transient op started
Note: Transient op finished successfully
Note: Transient op started
Note: Transient op finished successfully
Note: Transient op started
Note: Transient op finished successfully
Note: Transient op started
Note: Transient op finished successfully
Note: Transient op started
Note: Transient op finished successfully
Note: Transient op started
Note: Transient op finished successfully
Note: Transient op started
Note: Transient op finished successfully
Note: Transient op started
Note: Transient op finished successfully
Note: Transient op started
Note: Transient op finished successfully
Note: Transient op started
Note: Transient op finished successfully
Note: Transient op started
Note: Transient op finished successfully
Note: Transient op started
Note: Transient op finished successfully
Note: Transient op started
Note: Transient op finished successfully
Note: Transient op started
Note: Transient op finished successfully
Note: Transient op started
Note: Transient op finished successfully
Note: Transient op started
Note: Transient op finished successfully
Note: Transient op started
Note: Transient op finished successfully
Note: Transient op started
Note: Transient op finished successfully
Note: Transient op started
Note: Transient op finished successfully
Note: Transient op started
Note: Transient op finished successfully
Note: Transient op started
Note: Transient op started
Note: Transient op started
Note: Transient op finished successfully
Note: Transient op finished successfully
Note: Transient op finished successfully
Note: Transient op started
Note: Transient op started
Note: Transient op finished successfully
Note: Transient op finished successfully
Note: Transient op started
Note: Transient op finished successfully
Note: Transient op started
Note: Transient op started
Note: Transient op finished successfully
Note: Transient op finished successfully
Note: Transient op started
Note: Transient op finished successfully
Note: Transient op started
Note: Transient op started
Note: Transient op finished successfully
Note: Transient op finished successfully
Note: Transient op started
Note: Transient op finished successfully
Note: Transient op started
Note: Transient op started
Note: Transient op finished successfully
Note: Transient op finished successfully
Note: Transient op started
Note: Transient op finished successfully
Note: Transient op started
Note: Transient op finished successfully
Note: Transient op started
Note: Transient op finished successfully
Note: Transient op started
Note: Transient op finished successfully
Note: Transient op started
Note: Transient op finished successfully
Note: Transient op started
Note: Transient op finished successfully
Note: Transient op started
Note: Transient op finished successfully
Note: Transient op started
Note: Transient op finished successfully
Note: Transient op started
Note: Transient op finished successfully
Note: Transient op started
Note: Transient op finished successfully
Note: Transient op started
Note: Transient op finished successfully
Note: Transient op started
Note: Transient op finished successfully
Note: Transient op started
Note: Transient op finished successfully
Note: Transient op started
Note: Transient op finished successfully
Note: Transient op started
Note: Transient op finished successfully
Note: Transient op started
Note: Transient op finished successfully
Note: Transient op started
Note: Transient op finished successfully
Note: Transient op started
Note: Transient op finished successfully
Note: Transient op started
Note: Transient op finished successfully
Note: Transient op started
Note: Transient op finished successfully
Note: Transient op started
Note: Transient op finished successfully
Note: Transient op started
Note: Transient op finished successfully
Note: Transient op started
Note: Transient op finished successfully
Note: Transient op started
Note: Transient op finished successfully
Note: Transient op started
Note: Transient op finished successfully
Note: Transient op started
Note: Transient op finished successfully
Note: Transient op started
Note: Transient op finished successfully
Note: Transient op started
Note: Transient op finished successfully
Note: Transient op started
Note: Transient op started
Note: Transient op finished successfully
Note: Transient op finished successfully
Note: Transient op started
Note: Transient op finished successfully
Note: Transient op started
Note: Transient op finished successfully
Note: Transient op started
Note: Transient op finished successfully
Note: Transient op started
Note: Transient op finished successfully
Note: Transient op started
Note: Transient op finished successfully
Note: Transient op started
Note: Transient op finished successfully
Note: Transient op started
Note: Transient op finished successfully
Note: Transient op started
Note: Transient op finished successfully
Note: Transient op started
Note: Transient op finished successfully
Note: Transient op started
Note: Transient op finished successfully
Note: Transient op started
Note: Transient op finished successfully
Note: Transient op started
Note: Transient op finished successfully
Note: Transient op started
Note: Transient op finished successfully
Note: Transient op started
Note: Transient op finished successfully
Note: Transient op started
Note: Transient op finished successfully
Note: Transient op started
Note: Transient op finished successfully
Note: Transient op started
Note: Transient op finished successfully
Note: Transient op started
Note: Transient op finished successfully
Note: Transient op started
Note: Transient op finished successfully
Note: Transient op started
Note: Transient op finished successfully
Note: Transient op started
Note: Transient op finished successfully
Note: Transient op started
Note: Transient op finished successfully
Note: Transient op started
Note: Transient op finished successfully
Note: Transient op started
Note: Transient op finished successfully
Note: Transient op started
Note: Transient op finished successfully
Note: Transient op started
Note: Transient op finished successfully
Note: Transient op started
Note: Transient op finished successfully
Note: Transient op started
Note: Transient op finished successfully
Note: Transient op started
Note: Transient op finished successfully
Note: Transient op started
Note: Transient op finished successfully
Note: Transient op started
Note: Transient op finished successfully
Note: Transient op started
Note: Transient op finished successfully
Note: Transient op started
Note: Transient op finished successfully
Note: Transient op started
Note: Transient op finished successfully
Note: Transient op started
Note: Transient op finished successfully
Note: Transient op started
Note: Transient op finished successfully
Note: Transient op started
Note: Transient op finished successfully
Note: Transient op started
Note: Transient op finished successfully
Note: Transient op started
Note: Transient op finished successfully
Note: Transient op started
Note: Transient op finished successfully
Note: Transient op started
Note: Transient op finished successfully
Note: Transient op started
Note: Transient op finished successfully
Note: Transient op started
Note: Transient op finished successfully
Note: Transient op started
Note: Transient op finished successfully
Note: Transient op started
Note: Transient op finished successfully
Note: Transient op started
Note: Transient op finished successfully
Note: Transient op started
Note: Transient op finished successfully
Note: Transient op started
Note: Transient op finished successfully
Note: Transient op started
Note: Transient op finished successfully
Note: Transient op started
Note: Transient op finished successfully
Note: Transient op started
Note: Transient op finished successfully
Note: Transient op started
Note: Transient op finished successfully
Note: Transient op started
Note: Transient op finished successfully
Note: Transient op started
Note: Transient op started
Note: Transient op finished successfully
Note: Transient op finished successfully
Note: Transient op started
Note: Transient op finished successfully
Note: Transient op started
Note: Transient op started
Note: Transient op finished successfully
Note: Transient op finished successfully
Note: Transient op started
Note: Transient op finished successfully
Note: Transient op started
Note: Transient op finished successfully
Note: Transient op started
Note: Transient op finished successfully
Note: Transient op started
Note: Transient op finished successfully
Note: Transient op started
Note: Transient op finished successfully
Note: Transient op started
Note: Transient op finished successfully
Note: Transient op started
Note: Transient op finished successfully
Note: Transient op started
Note: Transient op finished successfully
Note: Transient op started
Note: Transient op finished successfully
Note: Transient op started
Note: Transient op finished successfully
Note: Transient op started
Note: Transient op finished successfully
Note: Transient op started
Note: Transient op finished successfully
Note: Transient op started
Note: Transient op finished successfully
Note: Transient op started
Note: Transient op finished successfully
Note: Transient op started
Note: Transient op finished successfully
Note: Transient op started
Note: Transient op finished successfully
Note: Transient op started
Note: Transient op finished successfully
Note: Transient op started
Note: Transient op finished successfully
Note: Transient op started
Note: Transient op finished successfully
Note: Transient op started
Note: Transient op started
Note: Transient op finished successfully
Note: Transient op finished successfully
Note: Transient op started
Note: Transient op finished successfully
Note: Transient op started
Note: Transient op started
Note: Transient op finished successfully
Note: Transient op finished successfully
Note: Transient op started
Note: Transient op finished successfully
Note: Transient op started
Note: Transient op finished successfully
Note: Transient op started
Note: Transient op finished successfully
Note: Transient op started
Note: Transient op finished successfully
Note: Transient op started
Note: Transient op finished successfully
Note: Transient op started
Note: Transient op finished successfully
Note: Transient op started
Note: Transient op finished successfully
Note: Transient op started
Note: Transient op finished successfully
Note: Transient op started
Note: Transient op finished successfully
Note: Transient op started
Note: Transient op finished successfully
Note: Transient op started
Note: Transient op finished successfully
Note: Transient op started
Note: Transient op finished successfully
Note: Transient op started
Note: Transient op finished successfully
Note: Transient op started
Note: Transient op finished successfully
Note: Transient op started
Note: Transient op finished successfully
Note: Transient op started
Note: Transient op started
Note: Transient op finished successfully
Note: Transient op finished successfully
Note: Transient op started
Note: Transient op finished successfully
Note: Transient op started
Note: Transient op finished successfully
Note: Transient op started
Note: Transient op finished successfully
Note: Transient op started
Note: Transient op finished successfully
Note: Transient op started
Note: Transient op finished successfully
Note: Transient op started
Note: Transient op finished successfully
Note: Transient op started
Note: Transient op finished successfully
Note: Transient op started
Note: Transient op finished successfully
Note: Transient op started
Note: Transient op finished successfully
Note: Transient op started
Note: Transient op finished successfully
Note: Transient op started
Note: Transient op finished successfully
Note: Transient op started
Note: Transient op finished successfully
Note: Transient op started
Note: Transient op finished successfully
Note: Transient op started
Note: Transient op finished successfully
Note: Transient op started
Note: Transient op started
Note: Transient op finished successfully
Note: Transient op finished successfully
Note: Transient op started
Note: Transient op finished successfully
Note: Transient op started
Note: Transient op finished successfully
Note: Transient op started
Note: Transient op finished successfully
Note: Transient op started
Note: Transient op finished successfully
Note: Transient op started
Note: Transient op finished successfully
Note: Transient op started
Note: Transient op finished successfully
Note: Transient op started
Note: Transient op finished successfully
Note: Transient op started
Note: Transient op finished successfully
Note: Transient op started
Note: Transient op finished successfully
Note: Transient op started
Note: Transient op finished successfully
Note: Transient op started
Note: Transient op finished successfully
Note: Transient op started
Note: Transient op finished successfully
Note: Transient op started
Note: Transient op finished successfully
Note: Transient op started
Note: Transient op finished successfully
Note: Transient op started
Note: Transient op finished successfully
Note: Transient op started
Note: Transient op finished successfully
Note: Transient op started
Note: Transient op finished successfully
Note: Transient op started
Note: Transient op finished successfully
Note: Transient op started
Note: Transient op finished successfully
Note: Transient op started
Note: Transient op finished successfully
Note: Transient op started
Note: Transient op finished successfully
Note: Transient op started
Note: Transient op finished successfully
Note: Transient op started
Note: Transient op finished successfully
Note: Transient op started
Note: Transient op finished successfully
Note: Transient op started
Note: Transient op finished successfully
Note: Transient op started
Note: Transient op finished successfully
Note: Transient op started
Note: Transient op finished successfully
Note: Transient op started
Note: Transient op finished successfully
Note: Transient op started
Note: Transient op finished successfully
Note: Transient op started
Note: Transient op finished successfully
Note: Transient op started
Note: Transient op finished successfully
Note: Transient op started
Note: Transient op finished successfully
Note: Transient op started
Note: Transient op started
Note: Transient op finished successfully
Note: Transient op finished successfully
Note: Transient op started
Note: Transient op finished successfully
Note: Transient op started
Note: Transient op finished successfully
Note: Transient op started
Note: Transient op finished successfully
Note: Transient op started
Note: Transient op finished successfully
Note: Transient op started
Note: Transient op started
Note: Transient op finished successfully
Note: Transient op finished successfully
Note: Transient op started
Note: Transient op finished successfully
Note: Transient op started
Note: Transient op finished successfully
Note: Transient op started
Note: Transient op finished successfully
Note: Transient op started
Note: Transient op finished successfully
Note: Transient op started
Note: Transient op finished successfully
Note: Transient op started
Note: Transient op finished successfully
Note: Transient op started
Note: Transient op finished successfully
Note: Transient op started
Note: Transient op finished successfully
Note: Transient op started
Note: Transient op finished successfully
Note: Transient op started
Note: Transient op finished successfully
Note: Transient op started
Note: Transient op finished successfully
Note: Transient op started
Note: Transient op finished successfully
Note: Transient op started
Note: Transient op finished successfully
Note: Transient op started
Note: Transient op finished successfully
Note: Transient op started
Note: Transient op finished successfully
Note: Transient op started
Note: Transient op finished successfully
Note: Transient op started
Note: Transient op finished successfully
Note: Transient op started
Note: Transient op finished successfully
Note: Transient op started
Note: Transient op finished successfully
Note: Transient op started
Note: Transient op finished successfully
Note: Transient op started
Note: Transient op finished successfully
Note: Transient op started
Note: Transient op finished successfully
Note: Transient op started
Note: Transient op finished successfully
Note: Transient op started
Note: Transient op finished successfully
Note: Transient op started
Note: Transient op finished successfully
Note: Transient op started
Note: Transient op finished successfully
Note: Transient op started
Note: Transient op finished successfully
Note: Transient op started
Note: Transient op finished successfully
Note: Transient op started
Note: Transient op finished successfully
Note: Transient op started
Note: Transient op finished successfully
Note: Transient op started
Note: Transient op finished successfully
Note: Transient op started
Note: Transient op finished successfully
Note: Transient op started
Note: Transient op finished successfully
Note: Transient op started
Note: Transient op finished successfully
Note: Transient op started
Note: Transient op finished successfully
Note: Transient op started
Note: Transient op finished successfully
Note: Transient op started
Note: Transient op finished successfully
Note: Transient op started
Note: Transient op finished successfully
Note: Transient op started
Note: Transient op finished successfully
Note: Transient op started
Note: Transient op finished successfully
Note: Transient op started
Note: Transient op finished successfully
Note: Transient op started
Note: Transient op finished successfully
Note: Transient op started
Note: Transient op finished successfully
Note: Transient op started
Note: Transient op finished successfully
Note: Transient op started
Note: Transient op finished successfully
Note: Transient op started
Note: Transient op finished successfully
Note: Transient op started
Note: Transient op finished successfully
Note: Transient op started
Note: Transient op started
Note: Transient op finished successfully
Note: Transient op finished successfully
Note: Transient op started
Note: Transient op finished successfully
Note: Transient op started
Note: Transient op finished successfully
Note: Transient op started
Note: Transient op finished successfully
Note: Transient op started
Note: Transient op finished successfully
Note: Transient op started
Note: Transient op finished successfully
Note: Transient op started
Note: Transient op finished successfully
Note: Transient op started
Note: Transient op finished successfully
Note: Transient op started
Note: Transient op finished successfully
Note: Transient op started
Note: Transient op finished successfully
Note: Transient op started
Note: Transient op finished successfully
Note: Transient op started
Note: Transient op finished successfully
Note: Transient op started
Note: Transient op finished successfully
Note: Transient op started
Note: Transient op finished successfully
Note: Transient op started
Note: Transient op finished successfully
Note: Transient op started
Note: Transient op finished successfully
Note: Transient op started
Note: Transient op finished successfully
Note: Transient op started
Note: Transient op finished successfully
Note: Transient op started
Note: Transient op started
Note: Transient op finished successfully
Note: Transient op finished successfully
Note: Transient op started
Note: Transient op finished successfully
Note: Transient op started
Note: Transient op finished successfully
Note: Transient op started
Note: Transient op finished successfully
Note: Transient op started
Note: Transient op finished successfully
Note: Transient op started
Note: Transient op finished successfully
Note: Transient op started
Note: Transient op finished successfully
Note: Transient op started
Note: Transient op finished successfully
Note: Transient op started
Note: Transient op finished successfully
Note: Transient op started
Note: Transient op finished successfully
Note: Transient op started
Note: Transient op finished successfully
Note: Transient op started
Note: Transient op finished successfully
Note: Transient op started
Note: Transient op finished successfully
----------------------------------------
| time/                   |            |
|    fps                  | 5          |
|    iterations           | 23         |
|    time_elapsed         | 4610       |
|    total_timesteps      | 23552      |
| train/                  |            |
|    approx_kl            | 0.01866139 |
|    clip_fraction        | 0.183      |
|    clip_range           | 0.2        |
|    entropy_loss         | -8.05      |
|    explained_variance   | 0.142      |
|    learning_rate        | 0.0003     |
|    loss                 | 18.2       |
|    n_updates            | 220        |
|    policy_gradient_loss | -0.024     |
|    std                  | 0.923      |
|    value_loss           | 38.2       |
----------------------------------------
Note: Transient op started
Note: Transient op finished successfully
Note: Transient op started
Note: Transient op finished successfully
Note: Transient op started
Note: Transient op finished successfully
Note: Transient op started
Note: Transient op finished successfully
Note: Transient op started
Note: Transient op finished successfully
Note: Transient op started
Note: Transient op finished successfully
Note: Transient op started
Note: Transient op finished successfully
Note: Transient op started
Note: Transient op finished successfully
Note: Transient op started
Note: Transient op finished successfully
Note: Transient op started
Note: Transient op started
Note: Transient op finished successfully
Note: Transient op finished successfully
Note: Transient op started
Note: Transient op finished successfully
Note: Transient op started
Note: Transient op finished successfully
Note: Transient op started
Note: Transient op finished successfully
Note: Transient op started
Note: Transient op finished successfully
Note: Transient op started
Note: Transient op finished successfully
Note: Transient op started
Note: Transient op finished successfully
Note: Transient op started
Note: Transient op finished successfully
Note: Transient op started
Note: Transient op finished successfully
Note: Transient op started
Note: Transient op finished successfully
Note: Transient op started
Note: Transient op finished successfully
Note: Transient op started
Note: Transient op finished successfully
Note: Transient op started
Note: Transient op finished successfully
Note: Transient op started
Note: Transient op finished successfully
Note: Transient op started
Note: Transient op finished successfully
Note: Transient op started
Note: Transient op finished successfully
Note: Transient op started
Note: Transient op finished successfully
Note: Transient op started
Note: Transient op finished successfully
Note: Transient op started
Note: Transient op finished successfully
Note: Transient op started
Note: Transient op finished successfully
Note: Transient op started
Note: Transient op finished successfully
Note: Transient op started
Note: Transient op finished successfully
Note: Transient op started
Note: Transient op finished successfully
Note: Transient op started
Note: Transient op finished successfully
Note: Transient op started
Note: Transient op finished successfully
Note: Transient op started
Note: Transient op finished successfully
Note: Transient op started
Note: Transient op started
Note: Transient op finished successfully
Note: Transient op finished successfully
Note: Transient op started
Note: Transient op finished successfully
Note: Transient op started
Note: Transient op finished successfully
Note: Transient op started
Note: Transient op finished successfully
Note: Transient op started
Note: Transient op finished successfully
Note: Transient op started
Note: Transient op finished successfully
Note: Transient op started
Note: Transient op finished successfully
Note: Transient op started
Note: Transient op finished successfully
Note: Transient op started
Note: Transient op finished successfully
Note: Transient op started
Note: Transient op started
Note: Transient op finished successfully
Note: Transient op finished successfully
Note: Transient op started
Note: Transient op finished successfully
Note: Transient op started
Note: Transient op finished successfully
Note: Transient op started
Note: Transient op finished successfully
Note: Transient op started
Note: Transient op finished successfully
Note: Transient op started
Note: Transient op finished successfully
Note: Transient op started
Note: Transient op finished successfully
Note: Transient op started
Note: Transient op finished successfully
Note: Transient op started
Note: Transient op finished successfully
Note: Transient op started
Note: Transient op finished successfully
Note: Transient op started
Note: Transient op finished successfully
Note: Transient op started
Note: Transient op started
Note: Transient op finished successfully
Note: Transient op finished successfully
Note: Transient op started
Note: Transient op finished successfully
Note: Transient op started
Note: Transient op finished successfully
Note: Transient op started
Note: Transient op finished successfully
Note: Transient op started
Note: Transient op finished successfully
Note: Transient op started
Note: Transient op started
Note: Transient op finished successfully
Note: Transient op finished successfully
Note: Transient op started
Note: Transient op finished successfully
Note: Transient op started
Note: Transient op finished successfully
Note: Transient op started
Note: Transient op finished successfully
Note: Transient op started
Note: Transient op finished successfully
Note: Transient op started
Note: Transient op finished successfully
Note: Transient op started
Note: Transient op finished successfully
Note: Transient op started
Note: Transient op finished successfully
Note: Transient op started
Note: Transient op finished successfully
Note: Transient op started
Note: Transient op finished successfully
Note: Transient op started
Note: Transient op finished successfully
Note: Transient op started
Note: Transient op started
Note: Transient op finished successfully
Note: Transient op finished successfully
Note: Transient op started
Note: Transient op finished successfully
Note: Transient op started
Note: Transient op finished successfully
Note: Transient op started
Note: Transient op finished successfully
Note: Transient op started
Note: Transient op finished successfully
Note: Transient op started
Note: Transient op finished successfully
Note: Transient op started
Note: Transient op finished successfully
Note: Transient op started
Note: Transient op finished successfully
Note: Transient op started
Note: Transient op finished successfully
Note: Transient op started
Note: Transient op finished successfully
Note: Transient op started
Note: Transient op finished successfully
Note: Transient op started
Note: Transient op finished successfully
Note: Transient op started
Note: Transient op finished successfully
Note: Transient op started
Note: Transient op finished successfully
Note: Transient op started
Note: Transient op finished successfully
Note: Transient op started
Note: Transient op finished successfully
Note: Transient op started
Note: Transient op finished successfully
Note: Transient op started
Note: Transient op finished successfully
Note: Transient op started
Note: Transient op finished successfully
Note: Transient op started
Note: Transient op finished successfully
Note: Transient op started
Note: Transient op finished successfully
Note: Transient op started
Note: Transient op finished successfully
Note: Transient op started
Note: Transient op finished successfully
Note: Transient op started
Note: Transient op finished successfully
Note: Transient op started
Note: Transient op finished successfully
Note: Transient op started
Note: Transient op finished successfully
Note: Transient op started
Note: Transient op finished successfully
Note: Transient op started
Note: Transient op started
Note: Transient op finished successfully
Note: Transient op finished successfully
Note: Transient op started
Note: Transient op finished successfully
Note: Transient op started
Note: Transient op finished successfully
Note: Transient op started
Note: Transient op finished successfully
Note: Transient op started
Note: Transient op finished successfully
Note: Transient op started
Note: Transient op finished successfully
Note: Transient op started
Note: Transient op finished successfully
Note: Transient op started
Note: Transient op finished successfully
Note: Transient op started
Note: Transient op finished successfully
Note: Transient op started
Note: Transient op finished successfully
Note: Transient op started
Note: Transient op finished successfully
Note: Transient op started
Note: Transient op finished successfully
Note: Transient op started
Note: Transient op finished successfully
Note: Transient op started
Note: Transient op finished successfully
Note: Transient op started
Note: Transient op finished successfully
Note: Transient op started
Note: Transient op finished successfully
Note: Transient op started
Note: Transient op finished successfully
Note: Transient op started
Note: Transient op finished successfully
Note: Transient op started
Note: Transient op finished successfully
Note: Transient op started
Note: Transient op finished successfully
Note: Transient op started
Note: Transient op finished successfully
Note: Transient op started
Note: Transient op finished successfully
Note: Transient op started
Note: Transient op finished successfully
Note: Transient op started
Note: Transient op finished successfully
Note: Transient op started
Note: Transient op finished successfully
Note: Transient op started
Note: Transient op finished successfully
Note: Transient op started
Note: Transient op finished successfully
Note: Transient op started
Note: Transient op finished successfully
Note: Transient op started
Note: Transient op finished successfully
Note: Transient op started
Note: Transient op finished successfully
Note: Transient op started
Note: Transient op finished successfully
Note: Transient op started
Note: Transient op finished successfully
Note: Transient op started
Note: Transient op finished successfully
Note: Transient op started
Note: Transient op finished successfully
Note: Transient op started
Note: Transient op finished successfully
Note: Transient op started
Note: Transient op finished successfully
Note: Transient op started
Note: Transient op finished successfully
Note: Transient op started
Note: Transient op finished successfully
Note: Transient op started
Note: Transient op finished successfully
Note: Transient op started
Note: Transient op finished successfully
Note: Transient op started
Note: Transient op finished successfully
Note: Transient op started
Note: Transient op finished successfully
Note: Transient op started
Note: Transient op finished successfully
Note: Transient op started
Note: Transient op finished successfully
Note: Transient op started
Note: Transient op finished successfully
Note: Transient op started
Note: Transient op started
Note: Transient op finished successfully
Note: Transient op finished successfully
Note: Transient op started
Note: Transient op finished successfully
Note: Transient op started
Note: Transient op finished successfully
Note: Transient op started
Note: Transient op started
Note: Transient op finished successfully
Note: Transient op finished successfully
Note: Transient op started
Note: Transient op finished successfully
Note: Transient op started
Note: Transient op finished successfully
Note: Transient op started
Note: Transient op finished successfully
Note: Transient op started
Note: Transient op finished successfully
Note: Transient op started
Note: Transient op finished successfully
Note: Transient op started
Note: Transient op finished successfully
Note: Transient op started
Note: Transient op finished successfully
Note: Transient op started
Note: Transient op finished successfully
Note: Transient op started
Note: Transient op finished successfully
Note: Transient op started
Note: Transient op finished successfully
Note: Transient op started
Note: Transient op finished successfully
Note: Transient op started
Note: Transient op finished successfully
Note: Transient op started
Note: Transient op finished successfully
Note: Transient op started
Note: Transient op finished successfully
Note: Transient op started
Note: Transient op finished successfully
Note: Transient op started
Note: Transient op finished successfully
Note: Transient op started
Note: Transient op finished successfully
Note: Transient op started
Note: Transient op finished successfully
Note: Transient op started
Note: Transient op finished successfully
Note: Transient op started
Note: Transient op finished successfully
Note: Transient op started
Note: Transient op started
Note: Transient op finished successfully
Note: Transient op finished successfully
Note: Transient op started
Note: Transient op started
Note: Transient op finished successfully
Note: Transient op finished successfully
Note: Transient op started
Note: Transient op finished successfully
Note: Transient op started
Note: Transient op finished successfully
Note: Transient op started
Note: Transient op finished successfully
Note: Transient op started
Note: Transient op started
Note: Transient op finished successfully
Note: Transient op finished successfully
Note: Transient op started
Note: Transient op finished successfully
Note: Transient op started
Note: Transient op finished successfully
Note: Transient op started
Note: Transient op finished successfully
Note: Transient op started
Note: Transient op finished successfully
Note: Transient op started
Note: Transient op finished successfully
Note: Transient op started
Note: Transient op finished successfully
Note: Transient op started
Note: Transient op finished successfully
Note: Transient op started
Note: Transient op finished successfully
Note: Transient op started
Note: Transient op finished successfully
Note: Transient op started
Note: Transient op finished successfully
Note: Transient op started
Note: Transient op finished successfully
Note: Transient op started
Note: Transient op finished successfully
Note: Transient op started
Note: Transient op finished successfully
Note: Transient op started
Note: Transient op finished successfully
Note: Transient op started
Note: Transient op finished successfully
Note: Transient op started
Note: Transient op finished successfully
Note: Transient op started
Note: Transient op finished successfully
Note: Transient op started
Note: Transient op finished successfully
Note: Transient op started
Note: Transient op finished successfully
Note: Transient op started
Note: Transient op finished successfully
Note: Transient op started
Note: Transient op finished successfully
Note: Transient op started
Note: Transient op finished successfully
Note: Transient op started
Note: Transient op finished successfully
Note: Transient op started
Note: Transient op finished successfully
Note: Transient op started
Note: Transient op finished successfully
Note: Transient op started
Note: Transient op finished successfully
Note: Transient op started
Note: Transient op finished successfully
Note: Transient op started
Note: Transient op finished successfully
Note: Transient op started
Note: Transient op finished successfully
Note: Transient op started
Note: Transient op finished successfully
Note: Transient op started
Note: Transient op finished successfully
Note: Transient op started
Note: Transient op finished successfully
Note: Transient op started
Note: Transient op finished successfully
Note: Transient op started
Note: Transient op finished successfully
Note: Transient op started
Note: Transient op finished successfully
Note: Transient op started
Note: Transient op finished successfully
Note: Transient op started
Note: Transient op finished successfully
Note: Transient op started
Note: Transient op finished successfully
Note: Transient op started
Note: Transient op finished successfully
Note: Transient op started
Note: Transient op finished successfully
Note: Transient op started
Note: Transient op finished successfully
Note: Transient op started
Note: Transient op finished successfully
Note: Transient op started
Note: Transient op finished successfully
Note: Transient op started
Note: Transient op finished successfully
Note: Transient op started
Note: Transient op finished successfully
Note: Transient op started
Note: Transient op finished successfully
Note: Transient op started
Note: Transient op finished successfully
Note: Transient op started
Note: Transient op finished successfully
Note: Transient op started
Note: Transient op finished successfully
Note: Transient op started
Note: Transient op finished successfully
Note: Transient op started
Note: Transient op finished successfully
Note: Transient op started
Note: Transient op finished successfully
Note: Transient op started
Note: Transient op finished successfully
Note: Transient op started
Note: Transient op finished successfully
Note: Transient op started
Note: Transient op finished successfully
Note: Transient op started
Note: Transient op started
Note: Transient op finished successfully
Note: Transient op finished successfully
Note: Transient op started
Note: Transient op finished successfully
Note: Transient op started
Note: Transient op finished successfully
Note: Transient op started
Note: Transient op finished successfully
Note: Transient op started
Note: Transient op finished successfully
Note: Transient op started
Note: Transient op finished successfully
Note: Transient op started
Note: Transient op finished successfully
Note: Transient op started
Note: Transient op finished successfully
Note: Transient op started
Note: Transient op finished successfully
Note: Transient op started
Note: Transient op finished successfully
Note: Transient op started
Note: Transient op finished successfully
Note: Transient op started
Note: Transient op finished successfully
Note: Transient op started
Note: Transient op finished successfully
Note: Transient op started
Note: Transient op finished successfully
Note: Transient op started
Note: Transient op finished successfully
Note: Transient op started
Note: Transient op finished successfully
Note: Transient op started
Note: Transient op started
Note: Transient op finished successfully
Note: Transient op finished successfully
Note: Transient op started
Note: Transient op finished successfully
Note: Transient op started
Note: Transient op finished successfully
Note: Transient op started
Note: Transient op finished successfully
Note: Transient op started
Note: Transient op finished successfully
Note: Transient op started
Note: Transient op finished successfully
Note: Transient op started
Note: Transient op started
Note: Transient op finished successfully
Note: Transient op finished successfully
Note: Transient op started
Note: Transient op finished successfully
Note: Transient op started
Note: Transient op finished successfully
Note: Transient op started
Note: Transient op finished successfully
Note: Transient op started
Note: Transient op finished successfully
Note: Transient op started
Note: Transient op started
Note: Transient op finished successfully
Note: Transient op finished successfully
Note: Transient op started
Note: Transient op finished successfully
Note: Transient op started
Note: Transient op finished successfully
Note: Transient op started
Note: Transient op finished successfully
Note: Transient op started
Note: Transient op finished successfully
Note: Transient op started
Note: Transient op finished successfully
Note: Transient op started
Note: Transient op finished successfully
Note: Transient op started
Note: Transient op finished successfully
Note: Transient op started
Note: Transient op finished successfully
Note: Transient op started
Note: Transient op finished successfully
Note: Transient op started
Note: Transient op finished successfully
Note: Transient op started
Note: Transient op finished successfully
Note: Transient op started
Note: Transient op finished successfully
Note: Transient op started
Note: Transient op finished successfully
Note: Transient op started
Note: Transient op finished successfully
Note: Transient op started
Note: Transient op finished successfully
Note: Transient op started
Note: Transient op finished successfully
Note: Transient op started
Note: Transient op finished successfully
Note: Transient op started
Note: Transient op finished successfully
Note: Transient op started
Note: Transient op finished successfully
Note: Transient op started
Note: Transient op finished successfully
Note: Transient op started
Note: Transient op finished successfully
Note: Transient op started
Note: Transient op finished successfully
Note: Transient op started
Note: Transient op finished successfully
Note: Transient op started
Note: Transient op finished successfully
Note: Transient op started
Note: Transient op finished successfully
Note: Transient op started
Note: Transient op finished successfully
Note: Transient op started
Note: Transient op finished successfully
Note: Transient op started
Note: Transient op finished successfully
Note: Transient op started
Note: Transient op finished successfully
Note: Transient op started
Note: Transient op finished successfully
Note: Transient op started
Note: Transient op finished successfully
Note: Transient op started
Note: Transient op finished successfully
Note: Transient op started
Note: Transient op finished successfully
Note: Transient op started
Note: Transient op finished successfully
Note: Transient op started
Note: Transient op finished successfully
Note: Transient op started
Note: Transient op finished successfully
Note: Transient op started
Note: Transient op finished successfully
Note: Transient op started
Note: Transient op finished successfully
Note: Transient op started
Note: Transient op finished successfully
Note: Transient op started
Note: Transient op finished successfully
Note: Transient op started
Note: Transient op finished successfully
Note: Transient op started
Note: Transient op finished successfully
Note: Transient op started
Note: Transient op finished successfully
Note: Transient op started
Note: Transient op finished successfully
Note: Transient op started
Note: Transient op finished successfully
Note: Transient op started
Note: Transient op finished successfully
Note: Transient op started
Note: Transient op finished successfully
Note: Transient op started
Note: Transient op finished successfully
Note: Transient op started
Note: Transient op finished successfully
Note: Transient op started
Note: Transient op finished successfully
Note: Transient op started
Note: Transient op finished successfully
Note: Transient op started
Note: Transient op finished successfully
Note: Transient op started
Note: Transient op finished successfully
Note: Transient op started
Note: Transient op finished successfully
Note: Transient op started
Note: Transient op finished successfully
Note: Transient op started
Note: Transient op finished successfully
Note: Transient op started
Note: Transient op finished successfully
Note: Transient op started
Note: Transient op finished successfully
Note: Transient op started
Note: Transient op finished successfully
Note: Transient op started
Note: Transient op finished successfully
Note: Transient op started
Note: Transient op finished successfully
Note: Transient op started
Note: Transient op finished successfully
Note: Transient op started
Note: Transient op finished successfully
Note: Transient op started
Note: Transient op finished successfully
Note: Transient op started
Note: Transient op finished successfully
Note: Transient op started
Note: Transient op finished successfully
Note: Transient op started
Note: Transient op finished successfully
Note: Transient op started
Note: Transient op finished successfully
Note: Transient op started
Note: Transient op finished successfully
Note: Transient op started
Note: Transient op finished successfully
Note: Transient op started
Note: Transient op finished successfully
Note: Transient op started
Note: Transient op finished successfully
Note: Transient op started
Note: Transient op finished successfully
Note: Transient op started
Note: Transient op finished successfully
Note: Transient op started
Note: Transient op finished successfully
Note: Transient op started
Note: Transient op finished successfully
Note: Transient op started
Note: Transient op finished successfully
Note: Transient op started
Note: Transient op finished successfully
Note: Transient op started
Note: Transient op finished successfully
Note: Transient op started
Note: Transient op finished successfully
Note: Transient op started
Note: Transient op finished successfully
Note: Transient op started
Note: Transient op finished successfully
Note: Transient op started
Note: Transient op finished successfully
Note: Transient op started
Note: Transient op finished successfully
Note: Transient op started
Note: Transient op finished successfully
Note: Transient op started
Note: Transient op finished successfully
Note: Transient op started
Note: Transient op finished successfully
Note: Transient op started
Note: Transient op finished successfully
Note: Transient op started
Note: Transient op finished successfully
Note: Transient op started
Note: Transient op finished successfully
Note: Transient op started
Note: Transient op finished successfully
Note: Transient op started
Note: Transient op finished successfully
Note: Transient op started
Note: Transient op finished successfully
Note: Transient op started
Note: Transient op finished successfully
Note: Transient op started
Note: Transient op finished successfully
Note: Transient op started
Note: Transient op finished successfully
Note: Transient op started
Note: Transient op finished successfully
Note: Transient op started
Note: Transient op finished successfully
Note: Transient op started
Note: Transient op finished successfully
Note: Transient op started
Note: Transient op finished successfully
Note: Transient op started
Note: Transient op finished successfully
Note: Transient op started
Note: Transient op finished successfully
Note: Transient op started
Note: Transient op finished successfully
Note: Transient op started
Note: Transient op finished successfully
Note: Transient op started
Note: Transient op finished successfully
Note: Transient op started
Note: Transient op finished successfully
Note: Transient op started
Note: Transient op finished successfully
Note: Transient op started
Note: Transient op finished successfully
Note: Transient op started
Note: Transient op finished successfully
Note: Transient op started
Note: Transient op finished successfully
Note: Transient op started
Note: Transient op finished successfully
Note: Transient op started
Note: Transient op finished successfully
Note: Transient op started
Note: Transient op finished successfully
Note: Transient op started
Note: Transient op finished successfully
Note: Transient op started
Note: Transient op finished successfully
Note: Transient op started
Note: Transient op finished successfully
Note: Transient op started
Note: Transient op finished successfully
Note: Transient op started
Note: Transient op finished successfully
Note: Transient op started
Note: Transient op finished successfully
Note: Transient op started
Note: Transient op finished successfully
Note: Transient op started
Note: Transient op finished successfully
Note: Transient op started
Note: Transient op finished successfully
Note: Transient op started
Note: Transient op finished successfully
Note: Transient op started
Note: Transient op finished successfully
Note: Transient op started
Note: Transient op finished successfully
Note: Transient op started
Note: Transient op started
Note: Transient op finished successfully
Note: Transient op finished successfully
Note: Transient op started
Note: Transient op finished successfully
Note: Transient op started
Note: Transient op finished successfully
Note: Transient op started
Note: Transient op finished successfully
Note: Transient op started
Note: Transient op finished successfully
Note: Transient op started
Note: Transient op finished successfully
Note: Transient op started
Note: Transient op finished successfully
Note: Transient op started
Note: Transient op finished successfully
Note: Transient op started
Note: Transient op finished successfully
Note: Transient op started
Note: Transient op finished successfully
Note: Transient op started
Note: Transient op finished successfully
Note: Transient op started
Note: Transient op finished successfully
Note: Transient op started
Note: Transient op finished successfully
Note: Transient op started
Note: Transient op finished successfully
Note: Transient op started
Note: Transient op finished successfully
Note: Transient op started
Note: Transient op finished successfully
Note: Transient op started
Note: Transient op finished successfully
Note: Transient op started
Note: Transient op finished successfully
Note: Transient op started
Note: Transient op finished successfully
Note: Transient op started
Note: Transient op finished successfully
Note: Transient op started
Note: Transient op finished successfully
Note: Transient op started
Note: Transient op finished successfully
Note: Transient op started
Note: Transient op finished successfully
Note: Transient op started
Note: Transient op finished successfully
Note: Transient op started
Note: Transient op finished successfully
Note: Transient op started
Note: Transient op finished successfully
Note: Transient op started
Note: Transient op finished successfully
Note: Transient op started
Note: Transient op finished successfully
Note: Transient op started
Note: Transient op finished successfully
Note: Transient op started
Note: Transient op finished successfully
Note: Transient op started
Note: Transient op finished successfully
Note: Transient op started
Note: Transient op finished successfully
Note: Transient op started
Note: Transient op finished successfully
Note: Transient op started
Note: Transient op finished successfully
Note: Transient op started
Note: Transient op finished successfully
Note: Transient op started
Note: Transient op finished successfully
Note: Transient op started
Note: Transient op finished successfully
Note: Transient op started
Note: Transient op finished successfully
Note: Transient op started
Note: Transient op finished successfully
Note: Transient op started
Note: Transient op finished successfully
Note: Transient op started
Note: Transient op finished successfully
Note: Transient op started
Note: Transient op finished successfully
Note: Transient op started
Note: Transient op finished successfully
Note: Transient op started
Note: Transient op finished successfully
Note: Transient op started
Note: Transient op finished successfully
Note: Transient op started
Note: Transient op finished successfully
Note: Transient op started
Note: Transient op finished successfully
Note: Transient op started
Note: Transient op finished successfully
Note: Transient op started
Note: Transient op finished successfully
Note: Transient op started
Note: Transient op finished successfully
Note: Transient op started
Note: Transient op finished successfully
Note: Transient op started
Note: Transient op finished successfully
Note: Transient op started
Note: Transient op finished successfully
Note: Transient op started
Note: Transient op finished successfully
Note: Transient op started
Note: Transient op finished successfully
-----------------------------------------
| time/                   |             |
|    fps                  | 4           |
|    iterations           | 24          |
|    time_elapsed         | 5064        |
|    total_timesteps      | 24576       |
| train/                  |             |
|    approx_kl            | 0.014685532 |
|    clip_fraction        | 0.163       |
|    clip_range           | 0.2         |
|    entropy_loss         | -8          |
|    explained_variance   | 0.243       |
|    learning_rate        | 0.0003      |
|    loss                 | 11.4        |
|    n_updates            | 230         |
|    policy_gradient_loss | -0.022      |
|    std                  | 0.917       |
|    value_loss           | 29.4        |
-----------------------------------------
Note: Transient op started
Note: Transient op finished successfully
Note: Transient op started
Note: Transient op finished successfully
Note: Transient op started
Note: Transient op finished successfully
Note: Transient op started
Note: Transient op finished successfully
Note: Transient op started
Note: Transient op finished successfully
Note: Transient op started
Note: Transient op finished successfully
Note: Transient op started
Note: Transient op finished successfully
Note: Transient op started
Note: Transient op finished successfully
Note: Transient op started
Note: Transient op finished successfully
Note: Transient op started
Note: Transient op started
Note: Transient op finished successfully
Note: Transient op finished successfully
Note: Transient op started
Note: Transient op finished successfully
Note: Transient op started
Note: Transient op finished successfully
Note: Transient op started
Note: Transient op finished successfully
Note: Transient op started
Note: Transient op finished successfully
Note: Transient op started
Note: Transient op finished successfully
Note: Transient op started
Note: Transient op finished successfully
Note: Transient op started
Note: Transient op finished successfully
Note: Transient op started
Note: Transient op finished successfully
Note: Transient op started
Note: Transient op finished successfully
Note: Transient op started
Note: Transient op finished successfully
Note: Transient op started
Note: Transient op finished successfully
Note: Transient op started
Note: Transient op finished successfully
Note: Transient op started
Note: Transient op finished successfully
Note: Transient op started
Note: Transient op finished successfully
Note: Transient op started
Note: Transient op finished successfully
Note: Transient op started
Note: Transient op finished successfully
Note: Transient op started
Note: Transient op finished successfully
Note: Transient op started
Note: Transient op finished successfully
Note: Transient op started
Note: Transient op finished successfully
Note: Transient op started
Note: Transient op finished successfully
Note: Transient op started
Note: Transient op finished successfully
Note: Transient op started
Note: Transient op finished successfully
Note: Transient op started
Note: Transient op finished successfully
Note: Transient op started
Note: Transient op finished successfully
Note: Transient op started
Note: Transient op finished successfully
Note: Transient op started
Note: Transient op finished successfully
Note: Transient op started
Note: Transient op finished successfully
Note: Transient op started
Note: Transient op finished successfully
Note: Transient op started
Note: Transient op finished successfully
Note: Transient op started
Note: Transient op finished successfully
Note: Transient op started
Note: Transient op finished successfully
Note: Transient op started
Note: Transient op finished successfully
Note: Transient op started
Note: Transient op finished successfully
Note: Transient op started
Note: Transient op finished successfully
Note: Transient op started
Note: Transient op finished successfully
Note: Transient op started
Note: Transient op finished successfully
Note: Transient op started
Note: Transient op finished successfully
Note: Transient op started
Note: Transient op finished successfully
Note: Transient op started
Note: Transient op finished successfully
Note: Transient op started
Note: Transient op finished successfully
Note: Transient op started
Note: Transient op finished successfully
Note: Transient op started
Note: Transient op finished successfully
Note: Transient op started
Note: Transient op finished successfully
Note: Transient op started
Note: Transient op finished successfully
Note: Transient op started
Note: Transient op finished successfully
Note: Transient op started
Note: Transient op finished successfully
Note: Transient op started
Note: Transient op finished successfully
Note: Transient op started
Note: Transient op finished successfully
Note: Transient op started
Note: Transient op finished successfully
Note: Transient op started
Note: Transient op finished successfully
Note: Transient op started
Note: Transient op finished successfully
Note: Transient op started
Note: Transient op finished successfully
Note: Transient op started
Note: Transient op finished successfully
Note: Transient op started
Note: Transient op finished successfully
Note: Transient op started
Note: Transient op finished successfully
Note: Transient op started
Note: Transient op finished successfully
Note: Transient op started
Note: Transient op finished successfully
Note: Transient op started
Note: Transient op finished successfully
Note: Transient op started
Note: Transient op finished successfully
Note: Transient op started
Note: Transient op finished successfully
Note: Transient op started
Note: Transient op finished successfully
Note: Transient op started
Note: Transient op started
Note: Transient op finished successfully
Note: Transient op finished successfully
Note: Transient op started
Note: Transient op finished successfully
Note: Transient op started
Note: Transient op finished successfully
Note: Transient op started
Note: Transient op finished successfully
Note: Transient op started
Note: Transient op finished successfully
Note: Transient op started
Note: Transient op finished successfully
Note: Transient op started
Note: Transient op finished successfully
Note: Transient op started
Note: Transient op finished successfully
Note: Transient op started
Note: Transient op started
Note: Transient op finished successfully
Note: Transient op finished successfully
Note: Transient op started
Note: Transient op started
Note: Transient op finished successfully
Note: Transient op finished successfully
Note: Transient op started
Note: Transient op finished successfully
Note: Transient op started
Note: Transient op finished successfully
Note: Transient op started
Note: Transient op started
Note: Transient op finished successfully
Note: Transient op finished successfully
Note: Transient op started
Note: Transient op finished successfully
Note: Transient op started
Note: Transient op finished successfully
Note: Transient op started
Note: Transient op finished successfully
Note: Transient op started
Note: Transient op finished successfully
Note: Transient op started
Note: Transient op finished successfully
Note: Transient op started
Note: Transient op finished successfully
Note: Transient op started
Note: Transient op finished successfully
Note: Transient op started
Note: Transient op finished successfully
Note: Transient op started
Note: Transient op finished successfully
Note: Transient op started
Note: Transient op finished successfully
Note: Transient op started
Note: Transient op finished successfully
Note: Transient op started
Note: Transient op finished successfully
Note: Transient op started
Note: Transient op started
Note: Transient op finished successfully
Note: Transient op finished successfully
Note: Transient op started
Note: Transient op finished successfully
Note: Transient op started
Note: Transient op finished successfully
Note: Transient op started
Note: Transient op started
Note: Transient op finished successfully
Note: Transient op finished successfully
Note: Transient op started
Note: Transient op finished successfully
Note: Transient op started
Note: Transient op finished successfully
Note: Transient op started
Note: Transient op started
Note: Transient op finished successfully
Note: Transient op finished successfully
Note: Transient op started
Note: Transient op started
Note: Transient op finished successfully
Note: Transient op finished successfully
Note: Transient op started
Note: Transient op started
Note: Transient op finished successfully
Note: Transient op finished successfully
Note: Transient op started
Note: Transient op finished successfully
Note: Transient op started
Note: Transient op finished successfully
Note: Transient op started
Note: Transient op finished successfully
Note: Transient op started
Note: Transient op finished successfully
Note: Transient op started
Note: Transient op finished successfully
Note: Transient op started
Note: Transient op finished successfully
Note: Transient op started
Note: Transient op finished successfully
Note: Transient op started
Note: Transient op finished successfully
Note: Transient op started
Note: Transient op finished successfully
Note: Transient op started
Note: Transient op finished successfully
Note: Transient op started
Note: Transient op finished successfully
Note: Transient op started
Note: Transient op finished successfully
Note: Transient op started
Note: Transient op finished successfully
Note: Transient op started
Note: Transient op finished successfully
Note: Transient op started
Note: Transient op finished successfully
Note: Transient op started
Note: Transient op finished successfully
Note: Transient op started
Note: Transient op finished successfully
Note: Transient op started
Note: Transient op finished successfully
Note: Transient op started
Note: Transient op finished successfully
Note: Transient op started
Note: Transient op finished successfully
Note: Transient op started
Note: Transient op finished successfully
Note: Transient op started
Note: Transient op started
Note: Transient op finished successfully
Note: Transient op finished successfully
Note: Transient op started
Note: Transient op finished successfully
Note: Transient op started
Note: Transient op finished successfully
Note: Transient op started
Note: Transient op finished successfully
Note: Transient op started
Note: Transient op started
Note: Transient op finished successfully
Note: Transient op finished successfully
Note: Transient op started
Note: Transient op finished successfully
Note: Transient op started
Note: Transient op finished successfully
Note: Transient op started
Note: Transient op finished successfully
Note: Transient op started
Note: Transient op finished successfully
Note: Transient op started
Note: Transient op finished successfully
Note: Transient op started
Note: Transient op finished successfully
Note: Transient op started
Note: Transient op finished successfully
Note: Transient op started
Note: Transient op started
Note: Transient op finished successfully
Note: Transient op finished successfully
Note: Transient op started
Note: Transient op finished successfully
Note: Transient op started
Note: Transient op started
Note: Transient op started
Note: Transient op finished successfully
Note: Transient op finished successfully
Note: Transient op finished successfully
Note: Transient op started
Note: Transient op finished successfully
Note: Transient op started
Note: Transient op finished successfully
Note: Transient op started
Note: Transient op finished successfully
Note: Transient op started
Note: Transient op finished successfully
Note: Transient op started
Note: Transient op finished successfully
Note: Transient op started
Note: Transient op finished successfully
Note: Transient op started
Note: Transient op finished successfully
Note: Transient op started
Note: Transient op started
Note: Transient op finished successfully
Note: Transient op finished successfully
Note: Transient op started
Note: Transient op finished successfully
Note: Transient op started
Note: Transient op finished successfully
Note: Transient op started
Note: Transient op finished successfully
Note: Transient op started
Note: Transient op started
Note: Transient op finished successfully
Note: Transient op finished successfully
Note: Transient op started
Note: Transient op started
Note: Transient op finished successfully
Note: Transient op finished successfully
Note: Transient op started
Note: Transient op finished successfully
Note: Transient op started
Note: Transient op finished successfully
Note: Transient op started
Note: Transient op finished successfully
Note: Transient op started
Note: Transient op finished successfully
Note: Transient op started
Note: Transient op finished successfully
Note: Transient op started
Note: Transient op finished successfully
Note: Transient op started
Note: Transient op finished successfully
Note: Transient op started
Note: Transient op finished successfully
Note: Transient op started
Note: Transient op finished successfully
Note: Transient op started
Note: Transient op finished successfully
Note: Transient op started
Note: Transient op finished successfully
Note: Transient op started
Note: Transient op started
Note: Transient op finished successfully
Note: Transient op finished successfully
Note: Transient op started
Note: Transient op finished successfully
Note: Transient op started
Note: Transient op finished successfully
Note: Transient op started
Note: Transient op finished successfully
Note: Transient op started
Note: Transient op finished successfully
Note: Transient op started
Note: Transient op finished successfully
Note: Transient op started
Note: Transient op finished successfully
Note: Transient op started
Note: Transient op finished successfully
Note: Transient op started
Note: Transient op started
Note: Transient op finished successfully
Note: Transient op finished successfully
Note: Transient op started
Note: Transient op finished successfully
Note: Transient op started
Note: Transient op started
Note: Transient op finished successfully
Note: Transient op finished successfully
Note: Transient op started
Note: Transient op finished successfully
Note: Transient op started
Note: Transient op finished successfully
Note: Transient op started
Note: Transient op finished successfully
Note: Transient op started
Note: Transient op finished successfully
Note: Transient op started
Note: Transient op finished successfully
Note: Transient op started
Note: Transient op finished successfully
Note: Transient op started
Note: Transient op finished successfully
Note: Transient op started
Note: Transient op started
Note: Transient op finished successfully
Note: Transient op finished successfully
Note: Transient op started
Note: Transient op started
Note: Transient op finished successfully
Note: Transient op finished successfully
Note: Transient op started
Note: Transient op started
Note: Transient op finished successfully
Note: Transient op finished successfully
Note: Transient op started
Note: Transient op finished successfully
Note: Transient op started
Note: Transient op finished successfully
Note: Transient op started
Note: Transient op started
Note: Transient op finished successfully
Note: Transient op finished successfully
Note: Transient op started
Note: Transient op finished successfully
Note: Transient op started
Note: Transient op finished successfully
Note: Transient op started
Note: Transient op finished successfully
Note: Transient op started
Note: Transient op finished successfully
Note: Transient op started
Note: Transient op finished successfully
Note: Transient op started
Note: Transient op finished successfully
Note: Transient op started
Note: Transient op finished successfully
Note: Transient op started
Note: Transient op finished successfully
Note: Transient op started
Note: Transient op finished successfully
Note: Transient op started
Note: Transient op finished successfully
Note: Transient op started
Note: Transient op finished successfully
Note: Transient op started
Note: Transient op finished successfully
Note: Transient op started
Note: Transient op finished successfully
Note: Transient op started
Note: Transient op finished successfully
Note: Transient op started
Note: Transient op finished successfully
Note: Transient op started
Note: Transient op finished successfully
Note: Transient op started
Note: Transient op finished successfully
Note: Transient op started
Note: Transient op finished successfully
Note: Transient op started
Note: Transient op finished successfully
Note: Transient op started
Note: Transient op finished successfully
Note: Transient op started
Note: Transient op finished successfully
Note: Transient op started
Note: Transient op finished successfully
Note: Transient op started
Note: Transient op finished successfully
Note: Transient op started
Note: Transient op finished successfully
Note: Transient op started
Note: Transient op finished successfully
Note: Transient op started
Note: Transient op finished successfully
Note: Transient op started
Note: Transient op finished successfully
Note: Transient op started
Note: Transient op finished successfully
Note: Transient op started
Note: Transient op finished successfully
Note: Transient op started
Note: Transient op finished successfully
Note: Transient op started
Note: Transient op finished successfully
Note: Transient op started
Note: Transient op finished successfully
Note: Transient op started
Note: Transient op finished successfully
Note: Transient op started
Note: Transient op finished successfully
Note: Transient op started
Note: Transient op finished successfully
Note: Transient op started
Note: Transient op finished successfully
Note: Transient op started
Note: Transient op finished successfully
Note: Transient op started
Note: Transient op finished successfully
Note: Transient op started
Note: Transient op finished successfully
Note: Transient op started
Note: Transient op finished successfully
Note: Transient op started
Note: Transient op finished successfully
Note: Transient op started
Note: Transient op finished successfully
Note: Transient op started
Note: Transient op finished successfully
Note: Transient op started
Note: Transient op finished successfully
Note: Transient op started
Note: Transient op finished successfully
Note: Transient op started
Note: Transient op finished successfully
Note: Transient op started
Note: Transient op finished successfully
Note: Transient op started
Note: Transient op started
Note: Transient op finished successfully
Note: Transient op finished successfully
Note: Transient op started
Note: Transient op finished successfully
Note: Transient op started
Note: Transient op finished successfully
Note: Transient op started
Note: Transient op started
Note: Transient op finished successfully
Note: Transient op finished successfully
Note: Transient op started
Note: Transient op finished successfully
Note: Transient op started
Note: Transient op finished successfully
Note: Transient op started
Note: Transient op finished successfully
Note: Transient op started
Note: Transient op finished successfully
Note: Transient op started
Note: Transient op finished successfully
Note: Transient op started
Note: Transient op finished successfully
Note: Transient op started
Note: Transient op finished successfully
Note: Transient op started
Note: Transient op finished successfully
Note: Transient op started
Note: Transient op finished successfully
Note: Transient op started
Note: Transient op started
Note: Transient op finished successfully
Note: Transient op finished successfully
Note: Transient op started
Note: Transient op finished successfully
Note: Transient op started
Note: Transient op finished successfully
Note: Transient op started
Note: Transient op finished successfully
Note: Transient op started
Note: Transient op finished successfully
Note: Transient op started
Note: Transient op finished successfully
Note: Transient op started
Note: Transient op finished successfully
Note: Transient op started
Note: Transient op finished successfully
Note: Transient op started
Note: Transient op finished successfully
Note: Transient op started
Note: Transient op finished successfully
Note: Transient op started
Note: Transient op finished successfully
Note: Transient op started
Note: Transient op finished successfully
Note: Transient op started
Note: Transient op finished successfully
Note: Transient op started
Note: Transient op finished successfully
Note: Transient op started
Note: Transient op finished successfully
Note: Transient op started
Note: Transient op finished successfully
Note: Transient op started
Note: Transient op finished successfully
Note: Transient op started
Note: Transient op finished successfully
Note: Transient op started
Note: Transient op finished successfully
Note: Transient op started
Note: Transient op finished successfully
Note: Transient op started
Note: Transient op finished successfully
Note: Transient op started
Note: Transient op finished successfully
Note: Transient op started
Note: Transient op finished successfully
Note: Transient op started
Note: Transient op finished successfully
Note: Transient op started
Note: Transient op finished successfully
Note: Transient op started
Note: Transient op finished successfully
Note: Transient op started
Note: Transient op finished successfully
Note: Transient op started
Note: Transient op finished successfully
Note: Transient op started
Note: Transient op started
Note: Transient op finished successfully
Note: Transient op finished successfully
Note: Transient op started
Note: Transient op finished successfully
Note: Transient op started
Note: Transient op finished successfully
Note: Transient op started
Note: Transient op started
Note: Transient op finished successfully
Note: Transient op finished successfully
Note: Transient op started
Note: Transient op started
Note: Transient op finished successfully
Note: Transient op finished successfully
Note: Transient op started
Note: Transient op finished successfully
Note: Transient op started
Note: Transient op finished successfully
Note: Transient op started
Note: Transient op finished successfully
Note: Transient op started
Note: Transient op finished successfully
Note: Transient op started
Note: Transient op finished successfully
Note: Transient op started
Note: Transient op finished successfully
Note: Transient op started
Note: Transient op finished successfully
Note: Transient op started
Note: Transient op finished successfully
Note: Transient op started
Note: Transient op finished successfully
Note: Transient op started
Note: Transient op finished successfully
Note: Transient op started
Note: Transient op finished successfully
Note: Transient op started
Note: Transient op started
Note: Transient op finished successfully
Note: Transient op finished successfully
Note: Transient op started
Note: Transient op finished successfully
Note: Transient op started
Note: Transient op finished successfully
Note: Transient op started
Note: Transient op finished successfully
Note: Transient op started
Note: Transient op finished successfully
Note: Transient op started
Note: Transient op finished successfully
Note: Transient op started
Note: Transient op finished successfully
Note: Transient op started
Note: Transient op finished successfully
Note: Transient op started
Note: Transient op started
Note: Transient op finished successfully
Note: Transient op finished successfully
Note: Transient op started
Note: Transient op started
Note: Transient op finished successfully
Note: Transient op finished successfully
Note: Transient op started
Note: Transient op started
Note: Transient op finished successfully
Note: Transient op finished successfully
Note: Transient op started
Note: Transient op finished successfully
Note: Transient op started
Note: Transient op finished successfully
Note: Transient op started
Note: Transient op finished successfully
Note: Transient op started
Note: Transient op started
Note: Transient op started
Note: Transient op finished successfully
Note: Transient op finished successfully
Note: Transient op finished successfully
Note: Transient op started
Note: Transient op finished successfully
Note: Transient op started
Note: Transient op finished successfully
Note: Transient op started
Note: Transient op finished successfully
Note: Transient op started
Note: Transient op finished successfully
Note: Transient op started
Note: Transient op finished successfully
Note: Transient op started
Note: Transient op finished successfully
Note: Transient op started
Note: Transient op finished successfully
Note: Transient op started
Note: Transient op finished successfully
Note: Transient op started
Note: Transient op finished successfully
Note: Transient op started
Note: Transient op finished successfully
Note: Transient op started
Note: Transient op finished successfully
Note: Transient op started
Note: Transient op finished successfully
Note: Transient op started
Note: Transient op finished successfully
Note: Transient op started
Note: Transient op finished successfully
Note: Transient op started
Note: Transient op finished successfully
Note: Transient op started
Note: Transient op finished successfully
Note: Transient op started
Note: Transient op finished successfully
Note: Transient op started
Note: Transient op started
Note: Transient op finished successfully
Note: Transient op finished successfully
Note: Transient op started
Note: Transient op finished successfully
Note: Transient op started
Note: Transient op finished successfully
Note: Transient op started
Note: Transient op finished successfully
Note: Transient op started
Note: Transient op finished successfully
Note: Transient op started
Note: Transient op finished successfully
Note: Transient op started
Note: Transient op finished successfully
Note: Transient op started
Note: Transient op finished successfully
Note: Transient op started
Note: Transient op finished successfully
Note: Transient op started
Note: Transient op finished successfully
Note: Transient op started
Note: Transient op finished successfully
Note: Transient op started
Note: Transient op finished successfully
Note: Transient op started
Note: Transient op finished successfully
Note: Transient op started
Note: Transient op finished successfully
Note: Transient op started
Note: Transient op finished successfully
Note: Transient op started
Note: Transient op finished successfully
Note: Transient op started
Note: Transient op finished successfully
Note: Transient op started
Note: Transient op finished successfully
Note: Transient op started
Note: Transient op started
Note: Transient op finished successfully
Note: Transient op finished successfully
Note: Transient op started
Note: Transient op finished successfully
Note: Transient op started
Note: Transient op finished successfully
Note: Transient op started
Note: Transient op finished successfully
Note: Transient op started
Note: Transient op finished successfully
Note: Transient op started
Note: Transient op finished successfully
Note: Transient op started
Note: Transient op finished successfully
Note: Transient op started
Note: Transient op finished successfully
Note: Transient op started
Note: Transient op finished successfully
Note: Transient op started
Note: Transient op finished successfully
Note: Transient op started
Note: Transient op finished successfully
Note: Transient op started
Note: Transient op finished successfully
Note: Transient op started
Note: Transient op finished successfully
Note: Transient op started
Note: Transient op finished successfully
Note: Transient op started
Note: Transient op finished successfully
Note: Transient op started
Note: Transient op finished successfully
Note: Transient op started
Note: Transient op finished successfully
Note: Transient op started
Note: Transient op finished successfully
Note: Transient op started
Note: Transient op finished successfully
Note: Transient op started
Note: Transient op finished successfully
Note: Transient op started
Note: Transient op finished successfully
Note: Transient op started
Note: Transient op finished successfully
Note: Transient op started
Note: Transient op finished successfully
Note: Transient op started
Note: Transient op finished successfully
Note: Transient op started
Note: Transient op finished successfully
Note: Transient op started
Note: Transient op finished successfully
Note: Transient op started
Note: Transient op started
Note: Transient op finished successfully
Note: Transient op finished successfully
Note: Transient op started
Note: Transient op finished successfully
Note: Transient op started
Note: Transient op finished successfully
Note: Transient op started
Note: Transient op finished successfully
Note: Transient op started
Note: Transient op finished successfully
Note: Transient op started
Note: Transient op finished successfully
Note: Transient op started
Note: Transient op finished successfully
Note: Transient op started
Note: Transient op finished successfully
Note: Transient op started
Note: Transient op started
Note: Transient op finished successfully
Note: Transient op finished successfully
Note: Transient op started
Note: Transient op finished successfully
Note: Transient op started
Note: Transient op finished successfully
Note: Transient op started
Note: Transient op finished successfully
Note: Transient op started
Note: Transient op finished successfully
Note: Transient op started
Note: Transient op started
Note: Transient op finished successfully
Note: Transient op finished successfully
Note: Transient op started
Note: Transient op finished successfully
Note: Transient op started
Note: Transient op finished successfully
Note: Transient op started
Note: Transient op finished successfully
Note: Transient op started
Note: Transient op finished successfully
Note: Transient op started
Note: Transient op finished successfully
Note: Transient op started
Note: Transient op finished successfully
Note: Transient op started
Note: Transient op finished successfully
Note: Transient op started
Note: Transient op finished successfully
Note: Transient op started
Note: Transient op finished successfully
Note: Transient op started
Note: Transient op finished successfully
Note: Transient op started
Note: Transient op finished successfully
Note: Transient op started
Note: Transient op finished successfully
Note: Transient op started
Note: Transient op finished successfully
Note: Transient op started
Note: Transient op finished successfully
Note: Transient op started
Note: Transient op finished successfully
Note: Transient op started
Note: Transient op finished successfully
Note: Transient op started
Note: Transient op finished successfully
Note: Transient op started
Note: Transient op finished successfully
Note: Transient op started
Note: Transient op finished successfully
Note: Transient op started
Note: Transient op finished successfully
Note: Transient op started
Note: Transient op finished successfully
Note: Transient op started
Note: Transient op finished successfully
Note: Transient op started
Note: Transient op finished successfully
Note: Transient op started
Note: Transient op finished successfully
Note: Transient op started
Note: Transient op finished successfully
-----------------------------------------
| time/                   |             |
|    fps                  | 4           |
|    iterations           | 25          |
|    time_elapsed         | 5500        |
|    total_timesteps      | 25600       |
| train/                  |             |
|    approx_kl            | 0.019750556 |
|    clip_fraction        | 0.209       |
|    clip_range           | 0.2         |
|    entropy_loss         | -7.97       |
|    explained_variance   | 0.235       |
|    learning_rate        | 0.0003      |
|    loss                 | 15          |
|    n_updates            | 240         |
|    policy_gradient_loss | -0.0267     |
|    std                  | 0.913       |
|    value_loss           | 26.6        |
-----------------------------------------
Note: Transient op started
Note: Transient op started
Note: Transient op finished successfully
Note: Transient op finished successfully
Note: Transient op started
Note: Transient op finished successfully
Note: Transient op started
Note: Transient op finished successfully
Note: Transient op started
Note: Transient op finished successfully
Note: Transient op started
Note: Transient op finished successfully
Note: Transient op started
Note: Transient op finished successfully
Note: Transient op started
Note: Transient op finished successfully
Note: Transient op started
Note: Transient op finished successfully
Note: Transient op started
Note: Transient op finished successfully
Note: Transient op started
Note: Transient op finished successfully
Note: Transient op started
Note: Transient op finished successfully
Note: Transient op started
Note: Transient op started
Note: Transient op finished successfully
Note: Transient op finished successfully
Note: Transient op started
Note: Transient op finished successfully
Note: Transient op started
Note: Transient op started
Note: Transient op finished successfully
Note: Transient op finished successfully
Note: Transient op started
Note: Transient op finished successfully
Note: Transient op started
Note: Transient op started
Note: Transient op finished successfully
Note: Transient op finished successfully
Note: Transient op started
Note: Transient op finished successfully
Note: Transient op started
Note: Transient op started
Note: Transient op finished successfully
Note: Transient op finished successfully
Note: Transient op started
Note: Transient op finished successfully
Note: Transient op started
Note: Transient op finished successfully
Note: Transient op started
Note: Transient op finished successfully
Note: Transient op started
Note: Transient op finished successfully
Note: Transient op started
Note: Transient op finished successfully
Note: Transient op started
Note: Transient op finished successfully
Note: Transient op started
Note: Transient op finished successfully
Note: Transient op started
Note: Transient op finished successfully
Note: Transient op started
Note: Transient op finished successfully
Note: Transient op started
Note: Transient op finished successfully
Note: Transient op started
Note: Transient op finished successfully
Note: Transient op started
Note: Transient op finished successfully
Note: Transient op started
Note: Transient op finished successfully
Note: Transient op started
Note: Transient op finished successfully
Note: Transient op started
Note: Transient op finished successfully
Note: Transient op started
Note: Transient op finished successfully
Note: Transient op started
Note: Transient op finished successfully
Note: Transient op started
Note: Transient op finished successfully
Note: Transient op started
Note: Transient op finished successfully
Note: Transient op started
Note: Transient op started
Note: Transient op finished successfully
Note: Transient op finished successfully
Note: Transient op started
Note: Transient op finished successfully
Note: Transient op started
Note: Transient op finished successfully
Note: Transient op started
Note: Transient op started
Note: Transient op finished successfully
Note: Transient op finished successfully
Note: Transient op started
Note: Transient op finished successfully
Note: Transient op started
Note: Transient op finished successfully
Note: Transient op started
Note: Transient op finished successfully
Note: Transient op started
Note: Transient op finished successfully
Note: Transient op started
Note: Transient op finished successfully
Note: Transient op started
Note: Transient op finished successfully
Note: Transient op started
Note: Transient op finished successfully
Note: Transient op started
Note: Transient op finished successfully
Note: Transient op started
Note: Transient op finished successfully
Note: Transient op started
Note: Transient op finished successfully
Note: Transient op started
Note: Transient op finished successfully
Note: Transient op started
Note: Transient op finished successfully
Note: Transient op started
Note: Transient op finished successfully
Note: Transient op started
Note: Transient op finished successfully
Note: Transient op started
Note: Transient op finished successfully
Note: Transient op started
Note: Transient op finished successfully
Note: Transient op started
Note: Transient op finished successfully
Note: Transient op started
Note: Transient op started
Note: Transient op finished successfully
Note: Transient op finished successfully
Note: Transient op started
Note: Transient op started
Note: Transient op finished successfully
Note: Transient op finished successfully
Note: Transient op started
Note: Transient op finished successfully
Note: Transient op started
Note: Transient op finished successfully
Note: Transient op started
Note: Transient op finished successfully
Note: Transient op started
Note: Transient op finished successfully
Note: Transient op started
Note: Transient op started
Note: Transient op finished successfully
Note: Transient op finished successfully
Note: Transient op started
Note: Transient op finished successfully
Note: Transient op started
Note: Transient op started
Note: Transient op finished successfully
Note: Transient op started
Note: Transient op finished successfully
Note: Transient op started
Note: Transient op finished successfully
Note: Transient op finished successfully
Note: Transient op started
Note: Transient op finished successfully
Note: Transient op started
Note: Transient op finished successfully
Note: Transient op started
Note: Transient op started
Note: Transient op started
Note: Transient op finished successfully
Note: Transient op finished successfully
Note: Transient op finished successfully
Note: Transient op started
Note: Transient op finished successfully
Note: Transient op started
Note: Transient op finished successfully
Note: Transient op started
Note: Transient op started
Note: Transient op finished successfully
Note: Transient op started
Note: Transient op finished successfully
Note: Transient op finished successfully
Note: Transient op started
Note: Transient op finished successfully
Note: Transient op started
Note: Transient op finished successfully
Note: Transient op started
Note: Transient op finished successfully
Note: Transient op started
Note: Transient op finished successfully
Note: Transient op started
Note: Transient op finished successfully
Note: Transient op started
Note: Transient op finished successfully
Note: Transient op started
Note: Transient op finished successfully
Note: Transient op started
Note: Transient op finished successfully
Note: Transient op started
Note: Transient op finished successfully
Note: Transient op started
Note: Transient op finished successfully
Note: Transient op started
Note: Transient op finished successfully
Note: Transient op started
Note: Transient op finished successfully
Note: Transient op started
Note: Transient op finished successfully
Note: Transient op started
Note: Transient op finished successfully
Note: Transient op started
Note: Transient op finished successfully
Note: Transient op started
Note: Transient op finished successfully
Note: Transient op started
Note: Transient op finished successfully
Note: Transient op started
Note: Transient op finished successfully
Note: Transient op started
Note: Transient op finished successfully
Note: Transient op started
Note: Transient op finished successfully
Note: Transient op started
Note: Transient op finished successfully
Note: Transient op started
Note: Transient op started
Note: Transient op finished successfully
Note: Transient op finished successfully
Note: Transient op started
Note: Transient op finished successfully
Note: Transient op started
Note: Transient op finished successfully
Note: Transient op started
Note: Transient op finished successfully
Note: Transient op started
Note: Transient op finished successfully
Note: Transient op started
Note: Transient op finished successfully
Note: Transient op started
Note: Transient op finished successfully
Note: Transient op started
Note: Transient op finished successfully
Note: Transient op started
Note: Transient op finished successfully
Note: Transient op started
Note: Transient op finished successfully
Note: Transient op started
Note: Transient op finished successfully
Note: Transient op started
Note: Transient op finished successfully
Note: Transient op started
Note: Transient op finished successfully
Note: Transient op started
Note: Transient op finished successfully
Note: Transient op started
Note: Transient op finished successfully
Note: Transient op started
Note: Transient op finished successfully
Note: Transient op started
Note: Transient op finished successfully
Note: Transient op started
Note: Transient op finished successfully
Note: Transient op started
Note: Transient op finished successfully
Note: Transient op started
Note: Transient op finished successfully
Note: Transient op started
Note: Transient op finished successfully
Note: Transient op started
Note: Transient op finished successfully
Note: Transient op started
Note: Transient op finished successfully
Note: Transient op started
Note: Transient op finished successfully
Note: Transient op started
Note: Transient op started
Note: Transient op finished successfully
Note: Transient op finished successfully
Note: Transient op started
Note: Transient op finished successfully
Note: Transient op started
Note: Transient op finished successfully
Note: Transient op started
Note: Transient op finished successfully
Note: Transient op started
Note: Transient op finished successfully
Note: Transient op started
Note: Transient op finished successfully
Note: Transient op started
Note: Transient op finished successfully
Note: Transient op started
Note: Transient op started
Note: Transient op finished successfully
Note: Transient op finished successfully
Note: Transient op started
Note: Transient op finished successfully
Note: Transient op started
Note: Transient op finished successfully
Note: Transient op started
Note: Transient op finished successfully
Note: Transient op started
Note: Transient op finished successfully
Note: Transient op started
Note: Transient op finished successfully
Note: Transient op started
Note: Transient op finished successfully
Note: Transient op started
Note: Transient op finished successfully
Note: Transient op started
Note: Transient op finished successfully
Note: Transient op started
Note: Transient op finished successfully
Note: Transient op started
Note: Transient op finished successfully
Note: Transient op started
Note: Transient op finished successfully
Note: Transient op started
Note: Transient op finished successfully
Note: Transient op started
Note: Transient op finished successfully
Note: Transient op started
Note: Transient op finished successfully
Note: Transient op started
Note: Transient op finished successfully
Note: Transient op started
Note: Transient op finished successfully
Note: Transient op started
Note: Transient op finished successfully
Note: Transient op started
Note: Transient op finished successfully
Note: Transient op started
Note: Transient op finished successfully
Note: Transient op started
Note: Transient op finished successfully
Note: Transient op started
Note: Transient op finished successfully
Note: Transient op started
Note: Transient op finished successfully
Note: Transient op started
Note: Transient op finished successfully
Note: Transient op started
Note: Transient op finished successfully
Note: Transient op started
Note: Transient op finished successfully
Note: Transient op started
Note: Transient op started
Note: Transient op finished successfully
Note: Transient op finished successfully
Note: Transient op started
Note: Transient op finished successfully
Note: Transient op started
Note: Transient op finished successfully
Note: Transient op started
Note: Transient op finished successfully
Note: Transient op started
Note: Transient op finished successfully
Note: Transient op started
Note: Transient op finished successfully
Note: Transient op started
Note: Transient op finished successfully
Note: Transient op started
Note: Transient op finished successfully
Note: Transient op started
Note: Transient op finished successfully
Note: Transient op started
Note: Transient op finished successfully
Note: Transient op started
Note: Transient op finished successfully
Note: Transient op started
Note: Transient op finished successfully
Note: Transient op started
Note: Transient op finished successfully
Note: Transient op started
Note: Transient op finished successfully
Note: Transient op started
Note: Transient op finished successfully
Note: Transient op started
Note: Transient op finished successfully
Note: Transient op started
Note: Transient op finished successfully
Note: Transient op started
Note: Transient op finished successfully
Note: Transient op started
Note: Transient op finished successfully
Note: Transient op started
Note: Transient op finished successfully
Note: Transient op started
Note: Transient op finished successfully
Note: Transient op started
Note: Transient op finished successfully
Note: Transient op started
Note: Transient op finished successfully
Note: Transient op started
Note: Transient op finished successfully
Note: Transient op started
Note: Transient op finished successfully
Note: Transient op started
Note: Transient op finished successfully
Note: Transient op started
Note: Transient op finished successfully
Note: Transient op started
Note: Transient op finished successfully
Note: Transient op started
Note: Transient op finished successfully
Note: Transient op started
Note: Transient op started
Note: Transient op started
Note: Transient op finished successfully
Note: Transient op finished successfully
Note: Transient op finished successfully
Note: Transient op started
Note: Transient op started
Note: Transient op finished successfully
Note: Transient op finished successfully
Note: Transient op started
Note: Transient op finished successfully
Note: Transient op started
Note: Transient op finished successfully
Note: Transient op started
Note: Transient op finished successfully
Note: Transient op started
Note: Transient op finished successfully
Note: Transient op started
Note: Transient op finished successfully
Note: Transient op started
Note: Transient op finished successfully
Note: Transient op started
Note: Transient op finished successfully
Note: Transient op started
Note: Transient op finished successfully
Note: Transient op started
Note: Transient op finished successfully
Note: Transient op started
Note: Transient op finished successfully
Note: Transient op started
Note: Transient op finished successfully
Note: Transient op started
Note: Transient op finished successfully
Note: Transient op started
Note: Transient op started
Note: Transient op finished successfully
Note: Transient op finished successfully
Note: Transient op started
Note: Transient op finished successfully
Note: Transient op started
Note: Transient op finished successfully
Note: Transient op started
Note: Transient op finished successfully
Note: Transient op started
Note: Transient op finished successfully
Note: Transient op started
Note: Transient op finished successfully
Note: Transient op started
Note: Transient op started
Note: Transient op finished successfully
Note: Transient op finished successfully
Note: Transient op started
Note: Transient op finished successfully
Note: Transient op started
Note: Transient op finished successfully
Note: Transient op started
Note: Transient op finished successfully
Note: Transient op started
Note: Transient op finished successfully
Note: Transient op started
Note: Transient op finished successfully
Note: Transient op started
Note: Transient op finished successfully
Note: Transient op started
Note: Transient op finished successfully
Note: Transient op started
Note: Transient op finished successfully
Note: Transient op started
Note: Transient op finished successfully
Note: Transient op started
Note: Transient op finished successfully
Note: Transient op started
Note: Transient op finished successfully
Note: Transient op started
Note: Transient op finished successfully
Note: Transient op started
Note: Transient op finished successfully
Note: Transient op started
Note: Transient op finished successfully
Note: Transient op started
Note: Transient op finished successfully
Note: Transient op started
Note: Transient op finished successfully
Note: Transient op started
Note: Transient op finished successfully
Note: Transient op started
Note: Transient op finished successfully
Note: Transient op started
Note: Transient op finished successfully
Note: Transient op started
Note: Transient op finished successfully
Note: Transient op started
Note: Transient op finished successfully
Note: Transient op started
Note: Transient op finished successfully
Note: Transient op started
Note: Transient op finished successfully
Note: Transient op started
Note: Transient op finished successfully
Note: Transient op started
Note: Transient op finished successfully
Note: Transient op started
Note: Transient op finished successfully
Note: Transient op started
Note: Transient op finished successfully
Note: Transient op started
Note: Transient op finished successfully
Note: Transient op started
Note: Transient op finished successfully
Note: Transient op started
Note: Transient op finished successfully
Note: Transient op started
Note: Transient op finished successfully
Note: Transient op started
Note: Transient op finished successfully
Note: Transient op started
Note: Transient op finished successfully
Note: Transient op started
Note: Transient op finished successfully
Note: Transient op started
Note: Transient op finished successfully
Note: Transient op started
Note: Transient op finished successfully
Note: Transient op started
Note: Transient op finished successfully
Note: Transient op started
Note: Transient op finished successfully
Note: Transient op started
Note: Transient op finished successfully
Note: Transient op started
Note: Transient op finished successfully
Note: Transient op started
Note: Transient op finished successfully
Note: Transient op started
Note: Transient op finished successfully
Note: Transient op started
Note: Transient op finished successfully
Note: Transient op started
Note: Transient op finished successfully
Note: Transient op started
Note: Transient op finished successfully
Note: Transient op started
Note: Transient op finished successfully
Note: Transient op started
Note: Transient op finished successfully
Note: Transient op started
Note: Transient op finished successfully
Note: Transient op started
Note: Transient op finished successfully
Note: Transient op started
Note: Transient op finished successfully
Note: Transient op started
Note: Transient op finished successfully
Note: Transient op started
Note: Transient op finished successfully
Note: Transient op started
Note: Transient op finished successfully
Note: Transient op started
Note: Transient op finished successfully
Note: Transient op started
Note: Transient op finished successfully
Note: Transient op started
Note: Transient op finished successfully
Note: Transient op started
Note: Transient op finished successfully
Note: Transient op started
Note: Transient op finished successfully
Note: Transient op started
Note: Transient op finished successfully
Note: Transient op started
Note: Transient op finished successfully
Note: Transient op started
Note: Transient op finished successfully
Note: Transient op started
Note: Transient op finished successfully
Note: Transient op started
Note: Transient op finished successfully
Note: Transient op started
Note: Transient op finished successfully
Note: Transient op started
Note: Transient op finished successfully
Note: Transient op started
Note: Transient op finished successfully
Note: Transient op started
Note: Transient op finished successfully
Note: Transient op started
Note: Transient op finished successfully
Note: Transient op started
Note: Transient op started
Note: Transient op finished successfully
Note: Transient op finished successfully
Note: Transient op started
Note: Transient op finished successfully
Note: Transient op started
Note: Transient op finished successfully
Note: Transient op started
Note: Transient op finished successfully
Note: Transient op started
Note: Transient op finished successfully
Note: Transient op started
Note: Transient op finished successfully
Note: Transient op started
Note: Transient op finished successfully
Note: Transient op started
Note: Transient op finished successfully
Note: Transient op started
Note: Transient op finished successfully
Note: Transient op started
Note: Transient op finished successfully
Note: Transient op started
Note: Transient op finished successfully
Note: Transient op started
Note: Transient op finished successfully
Note: Transient op started
Note: Transient op finished successfully
Note: Transient op started
Note: Transient op finished successfully
Note: Transient op started
Note: Transient op finished successfully
Note: Transient op started
Note: Transient op finished successfully
Note: Transient op started
Note: Transient op finished successfully
Note: Transient op started
Note: Transient op finished successfully
Note: Transient op started
Note: Transient op finished successfully
Note: Transient op started
Note: Transient op finished successfully
Note: Transient op started
Note: Transient op finished successfully
Note: Transient op started
Note: Transient op finished successfully
-----------------------------------------
| time/                   |             |
|    fps                  | 4           |
|    iterations           | 26          |
|    time_elapsed         | 5954        |
|    total_timesteps      | 26624       |
| train/                  |             |
|    approx_kl            | 0.017229032 |
|    clip_fraction        | 0.209       |
|    clip_range           | 0.2         |
|    entropy_loss         | -7.94       |
|    explained_variance   | 0.177       |
|    learning_rate        | 0.0003      |
|    loss                 | 21.2        |
|    n_updates            | 250         |
|    policy_gradient_loss | -0.0221     |
|    std                  | 0.909       |
|    value_loss           | 40.1        |
-----------------------------------------
Note: Transient op started
Note: Transient op finished successfully
Note: Transient op started
Note: Transient op finished successfully
Note: Transient op started
Note: Transient op finished successfully
Note: Transient op started
Note: Transient op finished successfully
Note: Transient op started
Note: Transient op finished successfully
Note: Transient op started
Note: Transient op finished successfully
Note: Transient op started
Note: Transient op finished successfully
Note: Transient op started
Note: Transient op finished successfully
Note: Transient op started
Note: Transient op finished successfully
Note: Transient op started
Note: Transient op finished successfully
Note: Transient op started
Note: Transient op finished successfully
Note: Transient op started
Note: Transient op finished successfully
Note: Transient op started
Note: Transient op finished successfully
Note: Transient op started
Note: Transient op finished successfully
Note: Transient op started
Note: Transient op finished successfully
Note: Transient op started
Note: Transient op finished successfully
Note: Transient op started
Note: Transient op finished successfully
Note: Transient op started
Note: Transient op finished successfully
Note: Transient op started
Note: Transient op finished successfully
Note: Transient op started
Note: Transient op finished successfully
Note: Transient op started
Note: Transient op finished successfully
Note: Transient op started
Note: Transient op finished successfully
Note: Transient op started
Note: Transient op finished successfully
Note: Transient op started
Note: Transient op finished successfully
Note: Transient op started
Note: Transient op finished successfully
Note: Transient op started
Note: Transient op finished successfully
Note: Transient op started
Note: Transient op finished successfully
Note: Transient op started
Note: Transient op finished successfully
Note: Transient op started
Note: Transient op finished successfully
Note: Transient op started
Note: Transient op finished successfully
Note: Transient op started
Note: Transient op finished successfully
Note: Transient op started
Note: Transient op finished successfully
Note: Transient op started
Note: Transient op finished successfully
Note: Transient op started
Note: Transient op finished successfully
Note: Transient op started
Note: Transient op finished successfully
Note: Transient op started
Note: Transient op finished successfully
Note: Transient op started
Note: Transient op started
Note: Transient op finished successfully
Note: Transient op finished successfully
Note: Transient op started
Note: Transient op finished successfully
Note: Transient op started
Note: Transient op finished successfully
Note: Transient op started
Note: Transient op finished successfully
Note: Transient op started
Note: Transient op finished successfully
Note: Transient op started
Note: Transient op finished successfully
Note: Transient op started
Note: Transient op finished successfully
Note: Transient op started
Note: Transient op finished successfully
Note: Transient op started
Note: Transient op finished successfully
Note: Transient op started
Note: Transient op finished successfully
Note: Transient op started
Note: Transient op finished successfully
Note: Transient op started
Note: Transient op started
Note: Transient op finished successfully
Note: Transient op finished successfully
Note: Transient op started
Note: Transient op finished successfully
Note: Transient op started
Note: Transient op started
Note: Transient op finished successfully
Note: Transient op finished successfully
Note: Transient op started
Note: Transient op finished successfully
Note: Transient op started
Note: Transient op finished successfully
Note: Transient op started
Note: Transient op finished successfully
Note: Transient op started
Note: Transient op finished successfully
Note: Transient op started
Note: Transient op finished successfully
Note: Transient op started
Note: Transient op finished successfully
Note: Transient op started
Note: Transient op finished successfully
Note: Transient op started
Note: Transient op finished successfully
Note: Transient op started
Note: Transient op finished successfully
Note: Transient op started
Note: Transient op finished successfully
Note: Transient op started
Note: Transient op finished successfully
Note: Transient op started
Note: Transient op finished successfully
Note: Transient op started
Note: Transient op finished successfully
Note: Transient op started
Note: Transient op finished successfully
Note: Transient op started
Note: Transient op finished successfully
Note: Transient op started
Note: Transient op finished successfully
Note: Transient op started
Note: Transient op finished successfully
Note: Transient op started
Note: Transient op finished successfully
Note: Transient op started
Note: Transient op finished successfully
Note: Transient op started
Note: Transient op started
Note: Transient op finished successfully
Note: Transient op finished successfully
Note: Transient op started
Note: Transient op started
Note: Transient op finished successfully
Note: Transient op finished successfully
Note: Transient op started
Note: Transient op finished successfully
Note: Transient op started
Note: Transient op finished successfully
Note: Transient op started
Note: Transient op finished successfully
Note: Transient op started
Note: Transient op finished successfully
Note: Transient op started
Note: Transient op finished successfully
Note: Transient op started
Note: Transient op finished successfully
Note: Transient op started
Note: Transient op started
Note: Transient op finished successfully
Note: Transient op finished successfully
Note: Transient op started
Note: Transient op finished successfully
Note: Transient op started
Note: Transient op finished successfully
Note: Transient op started
Note: Transient op finished successfully
Note: Transient op started
Note: Transient op finished successfully
Note: Transient op started
Note: Transient op finished successfully
Note: Transient op started
Note: Transient op finished successfully
Note: Transient op started
Note: Transient op finished successfully
Note: Transient op started
Note: Transient op finished successfully
Note: Transient op started
Note: Transient op finished successfully
Note: Transient op started
Note: Transient op finished successfully
Note: Transient op started
Note: Transient op finished successfully
Note: Transient op started
Note: Transient op finished successfully
Note: Transient op started
Note: Transient op finished successfully
Note: Transient op started
Note: Transient op finished successfully
Note: Transient op started
Note: Transient op finished successfully
Note: Transient op started
Note: Transient op started
Note: Transient op finished successfully
Note: Transient op finished successfully
Note: Transient op started
Note: Transient op finished successfully
Note: Transient op started
Note: Transient op finished successfully
Note: Transient op started
Note: Transient op finished successfully
Note: Transient op started
Note: Transient op finished successfully
Note: Transient op started
Note: Transient op finished successfully
Note: Transient op started
Note: Transient op finished successfully
Note: Transient op started
Note: Transient op finished successfully
Note: Transient op started
Note: Transient op finished successfully
Note: Transient op started
Note: Transient op finished successfully
Note: Transient op started
Note: Transient op finished successfully
Note: Transient op started
Note: Transient op finished successfully
Note: Transient op started
Note: Transient op finished successfully
Note: Transient op started
Note: Transient op finished successfully
Note: Transient op started
Note: Transient op finished successfully
Note: Transient op started
Note: Transient op finished successfully
Note: Transient op started
Note: Transient op finished successfully
Note: Transient op started
Note: Transient op finished successfully
Note: Transient op started
Note: Transient op finished successfully
Note: Transient op started
Note: Transient op finished successfully
Note: Transient op started
Note: Transient op started
Note: Transient op finished successfully
Note: Transient op finished successfully
Note: Transient op started
Note: Transient op finished successfully
Note: Transient op started
Note: Transient op finished successfully
Note: Transient op started
Note: Transient op finished successfully
Note: Transient op started
Note: Transient op finished successfully
Note: Transient op started
Note: Transient op finished successfully
Note: Transient op started
Note: Transient op finished successfully
Note: Transient op started
Note: Transient op finished successfully
Note: Transient op started
Note: Transient op finished successfully
Note: Transient op started
Note: Transient op finished successfully
Note: Transient op started
Note: Transient op finished successfully
Note: Transient op started
Note: Transient op finished successfully
Note: Transient op started
Note: Transient op finished successfully
Note: Transient op started
Note: Transient op finished successfully
Note: Transient op started
Note: Transient op finished successfully
Note: Transient op started
Note: Transient op finished successfully
Note: Transient op started
Note: Transient op finished successfully
Note: Transient op started
Note: Transient op finished successfully
Note: Transient op started
Note: Transient op finished successfully
Note: Transient op started
Note: Transient op finished successfully
Note: Transient op started
Note: Transient op finished successfully
Note: Transient op started
Note: Transient op finished successfully
Note: Transient op started
Note: Transient op finished successfully
Note: Transient op started
Note: Transient op finished successfully
Note: Transient op started
Note: Transient op finished successfully
Note: Transient op started
Note: Transient op finished successfully
Note: Transient op started
Note: Transient op finished successfully
Note: Transient op started
Note: Transient op finished successfully
Note: Transient op started
Note: Transient op finished successfully
Note: Transient op started
Note: Transient op finished successfully
Note: Transient op started
Note: Transient op finished successfully
Note: Transient op started
Note: Transient op finished successfully
Note: Transient op started
Note: Transient op finished successfully
Note: Transient op started
Note: Transient op finished successfully
Note: Transient op started
Note: Transient op finished successfully
Note: Transient op started
Note: Transient op finished successfully
Note: Transient op started
Note: Transient op finished successfully
Note: Transient op started
Note: Transient op finished successfully
Note: Transient op started
Note: Transient op finished successfully
Note: Transient op started
Note: Transient op finished successfully
Note: Transient op started
Note: Transient op finished successfully
Note: Transient op started
Note: Transient op finished successfully
Note: Transient op started
Note: Transient op finished successfully
Note: Transient op started
Note: Transient op finished successfully
Note: Transient op started
Note: Transient op finished successfully
Note: Transient op started
Note: Transient op finished successfully
Note: Transient op started
Note: Transient op finished successfully
Note: Transient op started
Note: Transient op finished successfully
Note: Transient op started
Note: Transient op finished successfully
Note: Transient op started
Note: Transient op finished successfully
Note: Transient op started
Note: Transient op finished successfully
Note: Transient op started
Note: Transient op finished successfully
Note: Transient op started
Note: Transient op finished successfully
Note: Transient op started
Note: Transient op finished successfully
Note: Transient op started
Note: Transient op finished successfully
Note: Transient op started
Note: Transient op finished successfully
Note: Transient op started
Note: Transient op finished successfully
Note: Transient op started
Note: Transient op finished successfully
Note: Transient op started
Note: Transient op finished successfully
Note: Transient op started
Note: Transient op finished successfully
Note: Transient op started
Note: Transient op finished successfully
Note: Transient op started
Note: Transient op finished successfully
Note: Transient op started
Note: Transient op finished successfully
Note: Transient op started
Note: Transient op finished successfully
Note: Transient op started
Note: Transient op finished successfully
Note: Transient op started
Note: Transient op finished successfully
Note: Transient op started
Note: Transient op started
Note: Transient op finished successfully
Note: Transient op finished successfully
Note: Transient op started
Note: Transient op finished successfully
Note: Transient op started
Note: Transient op finished successfully
Note: Transient op started
Note: Transient op finished successfully
Note: Transient op started
Note: Transient op finished successfully
Note: Transient op started
Note: Transient op finished successfully
Note: Transient op started
Note: Transient op started
Note: Transient op finished successfully
Note: Transient op finished successfully
Note: Transient op started
Note: Transient op finished successfully
Note: Transient op started
Note: Transient op finished successfully
Note: Transient op started
Note: Transient op finished successfully
Note: Transient op started
Note: Transient op finished successfully
Note: Transient op started
Note: Transient op finished successfully
Note: Transient op started
Note: Transient op finished successfully
Note: Transient op started
Note: Transient op finished successfully
Note: Transient op started
Note: Transient op finished successfully
Note: Transient op started
Note: Transient op finished successfully
Note: Transient op started
Note: Transient op finished successfully
Note: Transient op started
Note: Transient op finished successfully
Note: Transient op started
Note: Transient op finished successfully
Note: Transient op started
Note: Transient op finished successfully
Note: Transient op started
Note: Transient op finished successfully
Note: Transient op started
Note: Transient op finished successfully
Note: Transient op started
Note: Transient op finished successfully
Note: Transient op started
Note: Transient op finished successfully
Note: Transient op started
Note: Transient op finished successfully
Note: Transient op started
Note: Transient op finished successfully
Note: Transient op started
Note: Transient op finished successfully
Note: Transient op started
Note: Transient op finished successfully
Note: Transient op started
Note: Transient op finished successfully
Note: Transient op started
Note: Transient op finished successfully
Note: Transient op started
Note: Transient op finished successfully
Note: Transient op started
Note: Transient op finished successfully
Note: Transient op started
Note: Transient op finished successfully
Note: Transient op started
Note: Transient op finished successfully
Note: Transient op started
Note: Transient op finished successfully
Note: Transient op started
Note: Transient op finished successfully
Note: Transient op started
Note: Transient op finished successfully
Note: Transient op started
Note: Transient op finished successfully
Note: Transient op started
Note: Transient op finished successfully
Note: Transient op started
Note: Transient op finished successfully
Note: Transient op started
Note: Transient op finished successfully
Note: Transient op started
Note: Transient op finished successfully
Note: Transient op started
Note: Transient op finished successfully
Note: Transient op started
Note: Transient op finished successfully
Note: Transient op started
Note: Transient op finished successfully
Note: Transient op started
Note: Transient op finished successfully
Note: Transient op started
Note: Transient op finished successfully
Note: Transient op started
Note: Transient op finished successfully
Note: Transient op started
Note: Transient op finished successfully
Note: Transient op started
Note: Transient op finished successfully
Note: Transient op started
Note: Transient op finished successfully
Note: Transient op started
Note: Transient op finished successfully
Note: Transient op started
Note: Transient op finished successfully
Note: Transient op started
Note: Transient op finished successfully
Note: Transient op started
Note: Transient op finished successfully
Note: Transient op started
Note: Transient op finished successfully
Note: Transient op started
Note: Transient op finished successfully
Note: Transient op started
Note: Transient op finished successfully
Note: Transient op started
Note: Transient op finished successfully
Note: Transient op started
Note: Transient op finished successfully
Note: Transient op started
Note: Transient op finished successfully
Note: Transient op started
Note: Transient op finished successfully
Note: Transient op started
Note: Transient op finished successfully
Note: Transient op started
Note: Transient op finished successfully
Note: Transient op started
Note: Transient op started
Note: Transient op finished successfully
Note: Transient op finished successfully
Note: Transient op started
Note: Transient op finished successfully
Note: Transient op started
Note: Transient op finished successfully
Note: Transient op started
Note: Transient op finished successfully
Note: Transient op started
Note: Transient op finished successfully
Note: Transient op started
Note: Transient op finished successfully
Note: Transient op started
Note: Transient op finished successfully
Note: Transient op started
Note: Transient op finished successfully
Note: Transient op started
Note: Transient op finished successfully
Note: Transient op started
Note: Transient op finished successfully
Note: Transient op started
Note: Transient op finished successfully
Note: Transient op started
Note: Transient op finished successfully
Note: Transient op started
Note: Transient op finished successfully
Note: Transient op started
Note: Transient op finished successfully
Note: Transient op started
Note: Transient op finished successfully
Note: Transient op started
Note: Transient op finished successfully
Note: Transient op started
Note: Transient op finished successfully
Note: Transient op started
Note: Transient op finished successfully
Note: Transient op started
Note: Transient op finished successfully
Note: Transient op started
Note: Transient op finished successfully
Note: Transient op started
Note: Transient op finished successfully
Note: Transient op started
Note: Transient op finished successfully
Note: Transient op started
Note: Transient op finished successfully
Note: Transient op started
Note: Transient op finished successfully
Note: Transient op started
Note: Transient op finished successfully
Note: Transient op started
Note: Transient op finished successfully
Note: Transient op started
Note: Transient op finished successfully
Note: Transient op started
Note: Transient op finished successfully
Note: Transient op started
Note: Transient op finished successfully
Note: Transient op started
Note: Transient op finished successfully
Note: Transient op started
Note: Transient op finished successfully
Note: Transient op started
Note: Transient op finished successfully
Note: Transient op started
Note: Transient op finished successfully
Note: Transient op started
Note: Transient op finished successfully
Note: Transient op started
Note: Transient op finished successfully
Note: Transient op started
Note: Transient op finished successfully
Note: Transient op started
Note: Transient op finished successfully
Note: Transient op started
Note: Transient op finished successfully
Note: Transient op started
Note: Transient op finished successfully
Note: Transient op started
Note: Transient op finished successfully
Note: Transient op started
Note: Transient op finished successfully
Note: Transient op started
Note: Transient op finished successfully
Note: Transient op started
Note: Transient op finished successfully
Note: Transient op started
Note: Transient op finished successfully
Note: Transient op started
Note: Transient op finished successfully
Note: Transient op started
Note: Transient op finished successfully
Note: Transient op started
Note: Transient op finished successfully
Note: Transient op started
Note: Transient op finished successfully
Note: Transient op started
Note: Transient op finished successfully
Note: Transient op started
Note: Transient op finished successfully
Note: Transient op started
Note: Transient op finished successfully
Note: Transient op started
Note: Transient op finished successfully
Note: Transient op started
Note: Transient op finished successfully
Note: Transient op started
Note: Transient op finished successfully
Note: Transient op started
Note: Transient op finished successfully
Note: Transient op started
Note: Transient op finished successfully
Note: Transient op started
Note: Transient op finished successfully
Note: Transient op started
Note: Transient op finished successfully
Note: Transient op started
Note: Transient op finished successfully
Note: Transient op started
Note: Transient op finished successfully
Note: Transient op started
Note: Transient op finished successfully
Note: Transient op started
Note: Transient op finished successfully
Note: Transient op started
Note: Transient op finished successfully
Note: Transient op started
Note: Transient op finished successfully
Note: Transient op started
Note: Transient op finished successfully
Note: Transient op started
Note: Transient op finished successfully
Note: Transient op started
Note: Transient op finished successfully
Note: Transient op started
Note: Transient op finished successfully
Note: Transient op started
Note: Transient op finished successfully
Note: Transient op started
Note: Transient op finished successfully
Note: Transient op started
Note: Transient op finished successfully
Note: Transient op started
Note: Transient op finished successfully
Note: Transient op started
Note: Transient op finished successfully
Note: Transient op started
Note: Transient op finished successfully
Note: Transient op started
Note: Transient op finished successfully
Note: Transient op started
Note: Transient op finished successfully
----------------------------------------
| time/                   |            |
|    fps                  | 4          |
|    iterations           | 27         |
|    time_elapsed         | 6441       |
|    total_timesteps      | 27648      |
| train/                  |            |
|    approx_kl            | 0.02079189 |
|    clip_fraction        | 0.225      |
|    clip_range           | 0.2        |
|    entropy_loss         | -7.9       |
|    explained_variance   | 0.257      |
|    learning_rate        | 0.0003     |
|    loss                 | 12.9       |
|    n_updates            | 260        |
|    policy_gradient_loss | -0.0279    |
|    std                  | 0.903      |
|    value_loss           | 28.9       |
----------------------------------------
Note: Transient op started
Note: Transient op finished successfully
Note: Transient op started
Note: Transient op finished successfully
Note: Transient op started
Note: Transient op finished successfully
Note: Transient op started
Note: Transient op finished successfully
Note: Transient op started
Note: Transient op finished successfully
Note: Transient op started
Note: Transient op finished successfully
Note: Transient op started
Note: Transient op finished successfully
Note: Transient op started
Note: Transient op finished successfully
Note: Transient op started
Note: Transient op finished successfully
Note: Transient op started
Note: Transient op finished successfully
Note: Transient op started
Note: Transient op finished successfully
Note: Transient op started
Note: Transient op finished successfully
Note: Transient op started
Note: Transient op finished successfully
Note: Transient op started
Note: Transient op finished successfully
Note: Transient op started
Note: Transient op finished successfully
Note: Transient op started
Note: Transient op finished successfully
Note: Transient op started
Note: Transient op finished successfully
Note: Transient op started
Note: Transient op finished successfully
Note: Transient op started
Note: Transient op finished successfully
Note: Transient op started
Note: Transient op finished successfully
Note: Transient op started
Note: Transient op finished successfully
Note: Transient op started
Note: Transient op finished successfully
Note: Transient op started
Note: Transient op finished successfully
Note: Transient op started
Note: Transient op finished successfully
Note: Transient op started
Note: Transient op finished successfully
Note: Transient op started
Note: Transient op finished successfully
Note: Transient op started
Note: Transient op finished successfully
Note: Transient op started
Note: Transient op finished successfully
Note: Transient op started
Note: Transient op finished successfully
Note: Transient op started
Note: Transient op finished successfully
Note: Transient op started
Note: Transient op finished successfully
Note: Transient op started
Note: Transient op finished successfully
Note: Transient op started
Note: Transient op started
Note: Transient op finished successfully
Note: Transient op finished successfully
Note: Transient op started
Note: Transient op finished successfully
Note: Transient op started
Note: Transient op finished successfully
Note: Transient op started
Note: Transient op finished successfully
Note: Transient op started
Note: Transient op finished successfully
Note: Transient op started
Note: Transient op finished successfully
Note: Transient op started
Note: Transient op finished successfully
Note: Transient op started
Note: Transient op finished successfully
Note: Transient op started
Note: Transient op finished successfully
Note: Transient op started
Note: Transient op finished successfully
Note: Transient op started
Note: Transient op finished successfully
Note: Transient op started
Note: Transient op finished successfully
Note: Transient op started
Note: Transient op finished successfully
Note: Transient op started
Note: Transient op started
Note: Transient op finished successfully
Note: Transient op finished successfully
Note: Transient op started
Note: Transient op finished successfully
Note: Transient op started
Note: Transient op finished successfully
Note: Transient op started
Note: Transient op finished successfully
Note: Transient op started
Note: Transient op finished successfully
Note: Transient op started
Note: Transient op finished successfully
Note: Transient op started
Note: Transient op finished successfully
Note: Transient op started
Note: Transient op finished successfully
Note: Transient op started
Note: Transient op finished successfully
Note: Transient op started
Note: Transient op finished successfully
Note: Transient op started
Note: Transient op finished successfully
Note: Transient op started
Note: Transient op finished successfully
Note: Transient op started
Note: Transient op finished successfully
Note: Transient op started
Note: Transient op finished successfully
Note: Transient op started
Note: Transient op finished successfully
Note: Transient op started
Note: Transient op finished successfully
Note: Transient op started
Note: Transient op finished successfully
Note: Transient op started
Note: Transient op finished successfully
Note: Transient op started
Note: Transient op finished successfully
Note: Transient op started
Note: Transient op finished successfully
Note: Transient op started
Note: Transient op finished successfully
Note: Transient op started
Note: Transient op finished successfully
Note: Transient op started
Note: Transient op finished successfully
Note: Transient op started
Note: Transient op finished successfully
Note: Transient op started
Note: Transient op finished successfully
Note: Transient op started
Note: Transient op finished successfully
Note: Transient op started
Note: Transient op finished successfully
Note: Transient op started
Note: Transient op finished successfully
Note: Transient op started
Note: Transient op started
Note: Transient op finished successfully
Note: Transient op finished successfully
Note: Transient op started
Note: Transient op finished successfully
Note: Transient op started
Note: Transient op finished successfully
Note: Transient op started
Note: Transient op finished successfully
Note: Transient op started
Note: Transient op finished successfully
Note: Transient op started
Note: Transient op finished successfully
Note: Transient op started
Note: Transient op finished successfully
Note: Transient op started
Note: Transient op finished successfully
Note: Transient op started
Note: Transient op finished successfully
Note: Transient op started
Note: Transient op finished successfully
Note: Transient op started
Note: Transient op finished successfully
Note: Transient op started
Note: Transient op finished successfully
Note: Transient op started
Note: Transient op finished successfully
Note: Transient op started
Note: Transient op finished successfully
Note: Transient op started
Note: Transient op finished successfully
Note: Transient op started
Note: Transient op started
Note: Transient op finished successfully
Note: Transient op finished successfully
Note: Transient op started
Note: Transient op finished successfully
Note: Transient op started
Note: Transient op finished successfully
Note: Transient op started
Note: Transient op finished successfully
Note: Transient op started
Note: Transient op finished successfully
Note: Transient op started
Note: Transient op finished successfully
Note: Transient op started
Note: Transient op finished successfully
Note: Transient op started
Note: Transient op finished successfully
Note: Transient op started
Note: Transient op finished successfully
Note: Transient op started
Note: Transient op finished successfully
Note: Transient op started
Note: Transient op finished successfully
Note: Transient op started
Note: Transient op finished successfully
Note: Transient op started
Note: Transient op finished successfully
Note: Transient op started
Note: Transient op finished successfully
Note: Transient op started
Note: Transient op finished successfully
Note: Transient op started
Note: Transient op finished successfully
Note: Transient op started
Note: Transient op finished successfully
Note: Transient op started
Note: Transient op finished successfully
Note: Transient op started
Note: Transient op finished successfully
Note: Transient op started
Note: Transient op finished successfully
Note: Transient op started
Note: Transient op finished successfully
Note: Transient op started
Note: Transient op finished successfully
Note: Transient op started
Note: Transient op finished successfully
Note: Transient op started
Note: Transient op finished successfully
Note: Transient op started
Note: Transient op finished successfully
Note: Transient op started
Note: Transient op finished successfully
Note: Transient op started
Note: Transient op finished successfully
Note: Transient op started
Note: Transient op finished successfully
Note: Transient op started
Note: Transient op finished successfully
Note: Transient op started
Note: Transient op finished successfully
Note: Transient op started
Note: Transient op finished successfully
Note: Transient op started
Note: Transient op finished successfully
Note: Transient op started
Note: Transient op finished successfully
Note: Transient op started
Note: Transient op finished successfully
Note: Transient op started
Note: Transient op finished successfully
Note: Transient op started
Note: Transient op finished successfully
Note: Transient op started
Note: Transient op finished successfully
Note: Transient op started
Note: Transient op finished successfully
Note: Transient op started
Note: Transient op finished successfully
Note: Transient op started
Note: Transient op finished successfully
Note: Transient op started
Note: Transient op finished successfully
Note: Transient op started
Note: Transient op finished successfully
Note: Transient op started
Note: Transient op finished successfully
Note: Transient op started
Note: Transient op finished successfully
Note: Transient op started
Note: Transient op finished successfully
Note: Transient op started
Note: Transient op finished successfully
Note: Transient op started
Note: Transient op finished successfully
Note: Transient op started
Note: Transient op finished successfully
Note: Transient op started
Note: Transient op finished successfully
Note: Transient op started
Note: Transient op finished successfully
Note: Transient op started
Note: Transient op finished successfully
Note: Transient op started
Note: Transient op finished successfully
Note: Transient op started
Note: Transient op finished successfully
Note: Transient op started
Note: Transient op finished successfully
Note: Transient op started
Note: Transient op finished successfully
Note: Transient op started
Note: Transient op finished successfully
Note: Transient op started
Note: Transient op finished successfully
Note: Transient op started
Note: Transient op finished successfully
Note: Transient op started
Note: Transient op finished successfully
Note: Transient op started
Note: Transient op finished successfully
Note: Transient op started
Note: Transient op finished successfully
Note: Transient op started
Note: Transient op finished successfully
Note: Transient op started
Note: Transient op finished successfully
Note: Transient op started
Note: Transient op finished successfully
Note: Transient op started
Note: Transient op finished successfully
Note: Transient op started
Note: Transient op finished successfully
Note: Transient op started
Note: Transient op finished successfully
Note: Transient op started
Note: Transient op finished successfully
Note: Transient op started
Note: Transient op finished successfully
Note: Transient op started
Note: Transient op finished successfully
Note: Transient op started
Note: Transient op finished successfully
Note: Transient op started
Note: Transient op finished successfully
Note: Transient op started
Note: Transient op finished successfully
Note: Transient op started
Note: Transient op finished successfully
Note: Transient op started
Note: Transient op started
Note: Transient op finished successfully
Note: Transient op finished successfully
Note: Transient op started
Note: Transient op finished successfully
Note: Transient op started
Note: Transient op finished successfully
Note: Transient op started
Note: Transient op finished successfully
Note: Transient op started
Note: Transient op finished successfully
Note: Transient op started
Note: Transient op finished successfully
Note: Transient op started
Note: Transient op finished successfully
Note: Transient op started
Note: Transient op finished successfully
Note: Transient op started
Note: Transient op finished successfully
Note: Transient op started
Note: Transient op finished successfully
Note: Transient op started
Note: Transient op finished successfully
Note: Transient op started
Note: Transient op finished successfully
Note: Transient op started
Note: Transient op finished successfully
Note: Transient op started
Note: Transient op finished successfully
Note: Transient op started
Note: Transient op finished successfully
Note: Transient op started
Note: Transient op finished successfully
Note: Transient op started
Note: Transient op finished successfully
Note: Transient op started
Note: Transient op finished successfully
Note: Transient op started
Note: Transient op finished successfully
Note: Transient op started
Note: Transient op finished successfully
Note: Transient op started
Note: Transient op finished successfully
Note: Transient op started
Note: Transient op finished successfully
Note: Transient op started
Note: Transient op finished successfully
Note: Transient op started
Note: Transient op finished successfully
Note: Transient op started
Note: Transient op finished successfully
Note: Transient op started
Note: Transient op finished successfully
Note: Transient op started
Note: Transient op finished successfully
Note: Transient op started
Note: Transient op finished successfully
Note: Transient op started
Note: Transient op finished successfully
Note: Transient op started
Note: Transient op finished successfully
Note: Transient op started
Note: Transient op finished successfully
Note: Transient op started
Note: Transient op finished successfully
Note: Transient op started
Note: Transient op finished successfully
Note: Transient op started
Note: Transient op finished successfully
Note: Transient op started
Note: Transient op finished successfully
Note: Transient op started
Note: Transient op finished successfully
Note: Transient op started
Note: Transient op finished successfully
Note: Transient op started
Note: Transient op finished successfully
Note: Transient op started
Note: Transient op finished successfully
Note: Transient op started
Note: Transient op finished successfully
Note: Transient op started
Note: Transient op finished successfully
Note: Transient op started
Note: Transient op finished successfully
Note: Transient op started
Note: Transient op finished successfully
Note: Transient op started
Note: Transient op finished successfully
Note: Transient op started
Note: Transient op finished successfully
Note: Transient op started
Note: Transient op finished successfully
Note: Transient op started
Note: Transient op finished successfully
Note: Transient op started
Note: Transient op finished successfully
Note: Transient op started
Note: Transient op finished successfully
Note: Transient op started
Note: Transient op finished successfully
Note: Transient op started
Note: Transient op finished successfully
Note: Transient op started
Note: Transient op finished successfully
Note: Transient op started
Note: Transient op finished successfully
Note: Transient op started
Note: Transient op finished successfully
Note: Transient op started
Note: Transient op finished successfully
Note: Transient op started
Note: Transient op finished successfully
Note: Transient op started
Note: Transient op finished successfully
Note: Transient op started
Note: Transient op finished successfully
Note: Transient op started
Note: Transient op finished successfully
Note: Transient op started
Note: Transient op finished successfully
Note: Transient op started
Note: Transient op finished successfully
Note: Transient op started
Note: Transient op finished successfully
Note: Transient op started
Note: Transient op finished successfully
Note: Transient op started
Note: Transient op finished successfully
Note: Transient op started
Note: Transient op finished successfully
Note: Transient op started
Note: Transient op finished successfully
Note: Transient op started
Note: Transient op finished successfully
Note: Transient op started
Note: Transient op finished successfully
Note: Transient op started
Note: Transient op finished successfully
Note: Transient op started
Note: Transient op finished successfully
Note: Transient op started
Note: Transient op finished successfully
Note: Transient op started
Note: Transient op finished successfully
Note: Transient op started
Note: Transient op finished successfully
Note: Transient op started
Note: Transient op finished successfully
Note: Transient op started
Note: Transient op finished successfully
Note: Transient op started
Note: Transient op finished successfully
Note: Transient op started
Note: Transient op finished successfully
Note: Transient op started
Note: Transient op finished successfully
Note: Transient op started
Note: Transient op finished successfully
Note: Transient op started
Note: Transient op finished successfully
Note: Transient op started
Note: Transient op finished successfully
Note: Transient op started
Note: Transient op finished successfully
Note: Transient op started
Note: Transient op finished successfully
Note: Transient op started
Note: Transient op finished successfully
Note: Transient op started
Note: Transient op finished successfully
Note: Transient op started
Note: Transient op finished successfully
Note: Transient op started
Note: Transient op finished successfully
Note: Transient op started
Note: Transient op finished successfully
Note: Transient op started
Note: Transient op finished successfully
Note: Transient op started
Note: Transient op finished successfully
Note: Transient op started
Note: Transient op finished successfully
Note: Transient op started
Note: Transient op finished successfully
Note: Transient op started
Note: Transient op finished successfully
Note: Transient op started
Note: Transient op finished successfully
-----------------------------------------
| time/                   |             |
|    fps                  | 4           |
|    iterations           | 28          |
|    time_elapsed         | 6974        |
|    total_timesteps      | 28672       |
| train/                  |             |
|    approx_kl            | 0.016678112 |
|    clip_fraction        | 0.225       |
|    clip_range           | 0.2         |
|    entropy_loss         | -7.87       |
|    explained_variance   | 0.322       |
|    learning_rate        | 0.0003      |
|    loss                 | 12.2        |
|    n_updates            | 270         |
|    policy_gradient_loss | -0.0283     |
|    std                  | 0.9         |
|    value_loss           | 27.3        |
-----------------------------------------
Note: Transient op started
Note: Transient op finished successfully
Note: Transient op started
Note: Transient op finished successfully
Note: Transient op started
Note: Transient op finished successfully
Note: Transient op started
Note: Transient op finished successfully
Note: Transient op started
Note: Transient op finished successfully
Note: Transient op started
Note: Transient op finished successfully
Note: Transient op started
Note: Transient op finished successfully
Note: Transient op started
Note: Transient op finished successfully
Note: Transient op started
Note: Transient op finished successfully
Note: Transient op started
Note: Transient op finished successfully
Note: Transient op started
Note: Transient op finished successfully
Note: Transient op started
Note: Transient op finished successfully
Note: Transient op started
Note: Transient op finished successfully
Note: Transient op started
Note: Transient op finished successfully
Note: Transient op started
Note: Transient op finished successfully
Note: Transient op started
Note: Transient op finished successfully
Note: Transient op started
Note: Transient op finished successfully
Note: Transient op started
Note: Transient op finished successfully
Note: Transient op started
Note: Transient op finished successfully
Note: Transient op started
Note: Transient op finished successfully
Note: Transient op started
Note: Transient op finished successfully
Note: Transient op started
Note: Transient op finished successfully
Note: Transient op started
Note: Transient op finished successfully
Note: Transient op started
Note: Transient op finished successfully
Note: Transient op started
Note: Transient op finished successfully
Note: Transient op started
Note: Transient op finished successfully
Note: Transient op started
Note: Transient op finished successfully
Note: Transient op started
Note: Transient op finished successfully
Note: Transient op started
Note: Transient op finished successfully
Note: Transient op started
Note: Transient op finished successfully
Note: Transient op started
Note: Transient op finished successfully
Note: Transient op started
Note: Transient op finished successfully
Note: Transient op started
Note: Transient op finished successfully
Note: Transient op started
Note: Transient op finished successfully
Note: Transient op started
Note: Transient op finished successfully
Note: Transient op started
Note: Transient op finished successfully
Note: Transient op started
Note: Transient op finished successfully
Note: Transient op started
Note: Transient op finished successfully
Note: Transient op started
Note: Transient op finished successfully
Note: Transient op started
Note: Transient op finished successfully
Note: Transient op started
Note: Transient op finished successfully
Note: Transient op started
Note: Transient op finished successfully
Note: Transient op started
Note: Transient op finished successfully
Note: Transient op started
Note: Transient op finished successfully
Note: Transient op started
Note: Transient op finished successfully
Note: Transient op started
Note: Transient op finished successfully
Note: Transient op started
Note: Transient op finished successfully
Note: Transient op started
Note: Transient op finished successfully
Note: Transient op started
Note: Transient op finished successfully
Note: Transient op started
Note: Transient op finished successfully
Note: Transient op started
Note: Transient op finished successfully
Note: Transient op started
Note: Transient op finished successfully
Note: Transient op started
Note: Transient op finished successfully
Note: Transient op started
Note: Transient op finished successfully
Note: Transient op started
Note: Transient op finished successfully
Note: Transient op started
Note: Transient op finished successfully
Note: Transient op started
Note: Transient op finished successfully
Note: Transient op started
Note: Transient op started
Note: Transient op finished successfully
Note: Transient op finished successfully
Note: Transient op started
Note: Transient op started
Note: Transient op finished successfully
Note: Transient op finished successfully
Note: Transient op started
Note: Transient op finished successfully
Note: Transient op started
Note: Transient op finished successfully
Note: Transient op started
Note: Transient op finished successfully
Note: Transient op started
Note: Transient op finished successfully
Note: Transient op started
Note: Transient op finished successfully
Note: Transient op started
Note: Transient op finished successfully
Note: Transient op started
Note: Transient op finished successfully
Note: Transient op started
Note: Transient op finished successfully
Note: Transient op started
Note: Transient op finished successfully
Note: Transient op started
Note: Transient op finished successfully
Note: Transient op started
Note: Transient op finished successfully
Note: Transient op started
Note: Transient op finished successfully
Note: Transient op started
Note: Transient op finished successfully
Note: Transient op started
Note: Transient op finished successfully
Note: Transient op started
Note: Transient op finished successfully
Note: Transient op started
Note: Transient op finished successfully
Note: Transient op started
Note: Transient op finished successfully
Note: Transient op started
Note: Transient op finished successfully
Note: Transient op started
Note: Transient op finished successfully
Note: Transient op started
Note: Transient op finished successfully
Note: Transient op started
Note: Transient op finished successfully
Note: Transient op started
Note: Transient op finished successfully
Note: Transient op started
Note: Transient op finished successfully
Note: Transient op started
Note: Transient op finished successfully
Note: Transient op started
Note: Transient op finished successfully
Note: Transient op started
Note: Transient op finished successfully
Note: Transient op started
Note: Transient op finished successfully
Note: Transient op started
Note: Transient op finished successfully
Note: Transient op started
Note: Transient op finished successfully
Note: Transient op started
Note: Transient op finished successfully
Note: Transient op started
Note: Transient op finished successfully
Note: Transient op started
Note: Transient op finished successfully
Note: Transient op started
Note: Transient op finished successfully
Note: Transient op started
Note: Transient op finished successfully
Note: Transient op started
Note: Transient op finished successfully
Note: Transient op started
Note: Transient op finished successfully
Note: Transient op started
Note: Transient op finished successfully
Note: Transient op started
Note: Transient op finished successfully
Note: Transient op started
Note: Transient op finished successfully
Note: Transient op started
Note: Transient op finished successfully
Note: Transient op started
Note: Transient op finished successfully
Note: Transient op started
Note: Transient op finished successfully
Note: Transient op started
Note: Transient op finished successfully
Note: Transient op started
Note: Transient op finished successfully
Note: Transient op started
Note: Transient op finished successfully
Note: Transient op started
Note: Transient op finished successfully
Note: Transient op started
Note: Transient op finished successfully
Note: Transient op started
Note: Transient op started
Note: Transient op finished successfully
Note: Transient op finished successfully
Note: Transient op started
Note: Transient op started
Note: Transient op finished successfully
Note: Transient op finished successfully
Note: Transient op started
Note: Transient op finished successfully
Note: Transient op started
Note: Transient op finished successfully
Note: Transient op started
Note: Transient op finished successfully
Note: Transient op started
Note: Transient op finished successfully
Note: Transient op started
Note: Transient op finished successfully
Note: Transient op started
Note: Transient op finished successfully
Note: Transient op started
Note: Transient op finished successfully
Note: Transient op started
Note: Transient op finished successfully
Note: Transient op started
Note: Transient op finished successfully
Note: Transient op started
Note: Transient op finished successfully
Note: Transient op started
Note: Transient op finished successfully
Note: Transient op started
Note: Transient op finished successfully
Note: Transient op started
Note: Transient op finished successfully
Note: Transient op started
Note: Transient op finished successfully
Note: Transient op started
Note: Transient op finished successfully
Note: Transient op started
Note: Transient op finished successfully
Note: Transient op started
Note: Transient op finished successfully
Note: Transient op started
Note: Transient op finished successfully
Note: Transient op started
Note: Transient op finished successfully
Note: Transient op started
Note: Transient op finished successfully
Note: Transient op started
Note: Transient op finished successfully
Note: Transient op started
Note: Transient op finished successfully
Note: Transient op started
Note: Transient op finished successfully
Note: Transient op started
Note: Transient op finished successfully
Note: Transient op started
Note: Transient op finished successfully
Note: Transient op started
Note: Transient op finished successfully
Note: Transient op started
Note: Transient op finished successfully
Note: Transient op started
Note: Transient op finished successfully
Note: Transient op started
Note: Transient op finished successfully
Note: Transient op started
Note: Transient op finished successfully
Note: Transient op started
Note: Transient op finished successfully
Note: Transient op started
Note: Transient op finished successfully
Note: Transient op started
Note: Transient op finished successfully
Note: Transient op started
Note: Transient op finished successfully
Note: Transient op started
Note: Transient op finished successfully
Note: Transient op started
Note: Transient op finished successfully
Note: Transient op started
Note: Transient op finished successfully
Note: Transient op started
Note: Transient op finished successfully
Note: Transient op started
Note: Transient op finished successfully
Note: Transient op started
Note: Transient op finished successfully
Note: Transient op started
Note: Transient op finished successfully
Note: Transient op started
Note: Transient op finished successfully
Note: Transient op started
Note: Transient op finished successfully
Note: Transient op started
Note: Transient op finished successfully
Note: Transient op started
Note: Transient op finished successfully
Note: Transient op started
Note: Transient op finished successfully
Note: Transient op started
Note: Transient op finished successfully
Note: Transient op started
Note: Transient op finished successfully
Note: Transient op started
Note: Transient op finished successfully
Note: Transient op started
Note: Transient op finished successfully
Note: Transient op started
Note: Transient op finished successfully
Note: Transient op started
Note: Transient op finished successfully
Note: Transient op started
Note: Transient op finished successfully
Note: Transient op started
Note: Transient op started
Note: Transient op finished successfully
Note: Transient op finished successfully
Note: Transient op started
Note: Transient op finished successfully
Note: Transient op started
Note: Transient op finished successfully
Note: Transient op started
Note: Transient op finished successfully
Note: Transient op started
Note: Transient op finished successfully
Note: Transient op started
Note: Transient op finished successfully
Note: Transient op started
Note: Transient op finished successfully
Note: Transient op started
Note: Transient op finished successfully
Note: Transient op started
Note: Transient op finished successfully
Note: Transient op started
Note: Transient op finished successfully
Note: Transient op started
Note: Transient op finished successfully
Note: Transient op started
Note: Transient op finished successfully
Note: Transient op started
Note: Transient op finished successfully
Note: Transient op started
Note: Transient op finished successfully
Note: Transient op started
Note: Transient op finished successfully
Note: Transient op started
Note: Transient op finished successfully
Note: Transient op started
Note: Transient op finished successfully
Note: Transient op started
Note: Transient op finished successfully
Note: Transient op started
Note: Transient op finished successfully
Note: Transient op started
Note: Transient op finished successfully
Note: Transient op started
Note: Transient op finished successfully
Note: Transient op started
Note: Transient op finished successfully
Note: Transient op started
Note: Transient op finished successfully
Note: Transient op started
Note: Transient op finished successfully
Note: Transient op started
Note: Transient op finished successfully
Note: Transient op started
Note: Transient op finished successfully
Note: Transient op started
Note: Transient op finished successfully
Note: Transient op started
Note: Transient op finished successfully
Note: Transient op started
Note: Transient op finished successfully
Note: Transient op started
Note: Transient op finished successfully
Note: Transient op started
Note: Transient op finished successfully
Note: Transient op started
Note: Transient op finished successfully
Note: Transient op started
Note: Transient op finished successfully
Note: Transient op started
Note: Transient op finished successfully
Note: Transient op started
Note: Transient op finished successfully
Note: Transient op started
Note: Transient op finished successfully
Note: Transient op started
Note: Transient op finished successfully
Note: Transient op started
Note: Transient op finished successfully
Note: Transient op started
Note: Transient op finished successfully
Note: Transient op started
Note: Transient op finished successfully
Note: Transient op started
Note: Transient op finished successfully
Note: Transient op started
Note: Transient op finished successfully
Note: Transient op started
Note: Transient op finished successfully
Note: Transient op started
Note: Transient op finished successfully
Note: Transient op started
Note: Transient op finished successfully
Note: Transient op started
Note: Transient op finished successfully
Note: Transient op started
Note: Transient op finished successfully
Note: Transient op started
Note: Transient op finished successfully
Note: Transient op started
Note: Transient op finished successfully
Note: Transient op started
Note: Transient op finished successfully
Note: Transient op started
Note: Transient op finished successfully
Note: Transient op started
Note: Transient op finished successfully
Note: Transient op started
Note: Transient op finished successfully
Note: Transient op started
Note: Transient op finished successfully
Note: Transient op started
Note: Transient op finished successfully
Note: Transient op started
Note: Transient op finished successfully
Note: Transient op started
Note: Transient op finished successfully
Note: Transient op started
Note: Transient op finished successfully
Note: Transient op started
Note: Transient op finished successfully
Note: Transient op started
Note: Transient op finished successfully
Note: Transient op started
Note: Transient op finished successfully
Note: Transient op started
Note: Transient op finished successfully
Note: Transient op started
Note: Transient op started
Note: Transient op finished successfully
Note: Transient op finished successfully
Note: Transient op started
Note: Transient op finished successfully
Note: Transient op started
Note: Transient op finished successfully
Note: Transient op started
Note: Transient op finished successfully
Note: Transient op started
Note: Transient op finished successfully
Note: Transient op started
Note: Transient op finished successfully
Note: Transient op started
Note: Transient op finished successfully
Note: Transient op started
Note: Transient op finished successfully
Note: Transient op started
Note: Transient op finished successfully
Note: Transient op started
Note: Transient op finished successfully
Note: Transient op started
Note: Transient op finished successfully
Note: Transient op started
Note: Transient op finished successfully
Note: Transient op started
Note: Transient op finished successfully
Note: Transient op started
Note: Transient op finished successfully
Note: Transient op started
Note: Transient op finished successfully
Note: Transient op started
Note: Transient op finished successfully
Note: Transient op started
Note: Transient op finished successfully
Note: Transient op started
Note: Transient op finished successfully
Note: Transient op started
Note: Transient op finished successfully
Note: Transient op started
Note: Transient op finished successfully
Note: Transient op started
Note: Transient op finished successfully
Note: Transient op started
Note: Transient op finished successfully
Note: Transient op started
Note: Transient op finished successfully
Note: Transient op started
Note: Transient op finished successfully
Note: Transient op started
Note: Transient op finished successfully
Note: Transient op started
Note: Transient op finished successfully
Note: Transient op started
Note: Transient op finished successfully
Note: Transient op started
Note: Transient op finished successfully
Note: Transient op started
Note: Transient op finished successfully
Note: Transient op started
Note: Transient op finished successfully
Note: Transient op started
Note: Transient op finished successfully
Note: Transient op started
Note: Transient op finished successfully
Note: Transient op started
Note: Transient op finished successfully
Note: Transient op started
Note: Transient op finished successfully
Note: Transient op started
Note: Transient op finished successfully
Note: Transient op started
Note: Transient op finished successfully
Note: Transient op started
Note: Transient op started
Note: Transient op finished successfully
Note: Transient op finished successfully
Note: Transient op started
Note: Transient op finished successfully
Note: Transient op started
Note: Transient op finished successfully
Note: Transient op started
Note: Transient op finished successfully
Note: Transient op started
Note: Transient op started
Note: Transient op finished successfully
Note: Transient op finished successfully
Note: Transient op started
Note: Transient op finished successfully
Note: Transient op started
Note: Transient op finished successfully
Note: Transient op started
Note: Transient op finished successfully
Note: Transient op started
Note: Transient op finished successfully
Note: Transient op started
Note: Transient op finished successfully
Note: Transient op started
Note: Transient op finished successfully
Note: Transient op started
Note: Transient op finished successfully
Note: Transient op started
Note: Transient op finished successfully
Note: Transient op started
Note: Transient op finished successfully
Note: Transient op started
Note: Transient op finished successfully
Note: Transient op started
Note: Transient op finished successfully
Note: Transient op started
Note: Transient op finished successfully
Note: Transient op started
Note: Transient op finished successfully
Note: Transient op started
Note: Transient op finished successfully
Note: Transient op started
Note: Transient op finished successfully
Note: Transient op started
Note: Transient op finished successfully
Note: Transient op started
Note: Transient op finished successfully
Note: Transient op started
Note: Transient op finished successfully
Note: Transient op started
Note: Transient op finished successfully
Note: Transient op started
Note: Transient op finished successfully
Note: Transient op started
Note: Transient op finished successfully
Note: Transient op started
Note: Transient op finished successfully
Note: Transient op started
Note: Transient op finished successfully
Note: Transient op started
Note: Transient op finished successfully
Note: Transient op started
Note: Transient op finished successfully
Note: Transient op started
Note: Transient op finished successfully
Note: Transient op started
Note: Transient op finished successfully
Note: Transient op started
Note: Transient op finished successfully
Note: Transient op started
Note: Transient op finished successfully
Note: Transient op started
Note: Transient op finished successfully
Note: Transient op started
Note: Transient op finished successfully
Note: Transient op started
Note: Transient op finished successfully
Note: Transient op started
Note: Transient op finished successfully
Note: Transient op started
Note: Transient op finished successfully
Note: Transient op started
Note: Transient op finished successfully
Note: Transient op started
Note: Transient op finished successfully
Note: Transient op started
Note: Transient op finished successfully
Note: Transient op started
Note: Transient op finished successfully
Note: Transient op started
Note: Transient op finished successfully
Note: Transient op started
Note: Transient op finished successfully
Note: Transient op started
Note: Transient op finished successfully
Note: Transient op started
Note: Transient op finished successfully
Note: Transient op started
Note: Transient op finished successfully
Note: Transient op started
Note: Transient op finished successfully
Note: Transient op started
Note: Transient op finished successfully
Note: Transient op started
Note: Transient op finished successfully
Note: Transient op started
Note: Transient op finished successfully
Note: Transient op started
Note: Transient op finished successfully
Note: Transient op started
Note: Transient op finished successfully
Note: Transient op started
Note: Transient op finished successfully
Note: Transient op started
Note: Transient op finished successfully
Note: Transient op started
Note: Transient op finished successfully
Note: Transient op started
Note: Transient op finished successfully
Note: Transient op started
Note: Transient op finished successfully
Note: Transient op started
Note: Transient op finished successfully
Note: Transient op started
Note: Transient op finished successfully
Note: Transient op started
Note: Transient op finished successfully
Note: Transient op started
Note: Transient op finished successfully
Note: Transient op started
Note: Transient op finished successfully
Note: Transient op started
Note: Transient op finished successfully
Note: Transient op started
Note: Transient op finished successfully
Note: Transient op started
Note: Transient op finished successfully
Note: Transient op started
Note: Transient op finished successfully
Note: Transient op started
Note: Transient op finished successfully
-----------------------------------------
| time/                   |             |
|    fps                  | 3           |
|    iterations           | 29          |
|    time_elapsed         | 7582        |
|    total_timesteps      | 29696       |
| train/                  |             |
|    approx_kl            | 0.016163975 |
|    clip_fraction        | 0.202       |
|    clip_range           | 0.2         |
|    entropy_loss         | -7.84       |
|    explained_variance   | 0.308       |
|    learning_rate        | 0.0003      |
|    loss                 | 12.5        |
|    n_updates            | 280         |
|    policy_gradient_loss | -0.028      |
|    std                  | 0.892       |
|    value_loss           | 27.9        |
-----------------------------------------
Note: Transient op started
Note: Transient op finished successfully
Note: Transient op started
Note: Transient op finished successfully
Note: Transient op started
Note: Transient op finished successfully
Note: Transient op started
Note: Transient op finished successfully
Note: Transient op started
Note: Transient op finished successfully
Note: Transient op started
Note: Transient op finished successfully
Note: Transient op started
Note: Transient op finished successfully
Note: Transient op started
Note: Transient op finished successfully
Note: Transient op started
Note: Transient op finished successfully
Note: Transient op started
Note: Transient op finished successfully
Note: Transient op started
Note: Transient op finished successfully
Note: Transient op started
Note: Transient op finished successfully
Note: Transient op started
Note: Transient op finished successfully
Note: Transient op started
Note: Transient op finished successfully
Note: Transient op started
Note: Transient op finished successfully
Note: Transient op started
Note: Transient op finished successfully
Note: Transient op started
Note: Transient op finished successfully
Note: Transient op started
Note: Transient op finished successfully
Note: Transient op started
Note: Transient op finished successfully
Note: Transient op started
Note: Transient op finished successfully
Note: Transient op started
Note: Transient op finished successfully
Note: Transient op started
Note: Transient op finished successfully
Note: Transient op started
Note: Transient op finished successfully
Note: Transient op started
Note: Transient op finished successfully
Note: Transient op started
Note: Transient op finished successfully
Note: Transient op started
Note: Transient op finished successfully
Note: Transient op started
Note: Transient op finished successfully
Note: Transient op started
Note: Transient op finished successfully
Note: Transient op started
Note: Transient op finished successfully
Note: Transient op started
Note: Transient op finished successfully
Note: Transient op started
Note: Transient op finished successfully
Note: Transient op started
Note: Transient op finished successfully
Note: Transient op started
Note: Transient op finished successfully
Note: Transient op started
Note: Transient op finished successfully
Note: Transient op started
Note: Transient op finished successfully
Note: Transient op started
Note: Transient op finished successfully
Note: Transient op started
Note: Transient op finished successfully
Note: Transient op started
Note: Transient op finished successfully
Note: Transient op started
Note: Transient op finished successfully
Note: Transient op started
Note: Transient op finished successfully
Note: Transient op started
Note: Transient op finished successfully
Note: Transient op started
Note: Transient op finished successfully
Note: Transient op started
Note: Transient op finished successfully
Note: Transient op started
Note: Transient op finished successfully
Note: Transient op started
Note: Transient op finished successfully
Note: Transient op started
Note: Transient op finished successfully
Note: Transient op started
Note: Transient op finished successfully
Note: Transient op started
Note: Transient op finished successfully
Note: Transient op started
Note: Transient op finished successfully
Note: Transient op started
Note: Transient op finished successfully
Note: Transient op started
Note: Transient op finished successfully
Note: Transient op started
Note: Transient op finished successfully
Note: Transient op started
Note: Transient op finished successfully
Note: Transient op started
Note: Transient op finished successfully
Note: Transient op started
Note: Transient op finished successfully
Note: Transient op started
Note: Transient op finished successfully
Note: Transient op started
Note: Transient op finished successfully
Note: Transient op started
Note: Transient op finished successfully
Note: Transient op started
Note: Transient op finished successfully
Note: Transient op started
Note: Transient op finished successfully
Note: Transient op started
Note: Transient op finished successfully
Note: Transient op started
Note: Transient op finished successfully
Note: Transient op started
Note: Transient op finished successfully
Note: Transient op started
Note: Transient op finished successfully
Note: Transient op started
Note: Transient op finished successfully
Note: Transient op started
Note: Transient op finished successfully
Note: Transient op started
Note: Transient op started
Note: Transient op finished successfully
Note: Transient op started
Note: Transient op finished successfully
Note: Transient op finished successfully
Note: Transient op started
Note: Transient op started
Note: Transient op finished successfully
Note: Transient op finished successfully
Note: Transient op started
Note: Transient op finished successfully
Note: Transient op started
Note: Transient op started
Note: Transient op finished successfully
Note: Transient op finished successfully
Note: Transient op started
Note: Transient op finished successfully
Note: Transient op started
Note: Transient op finished successfully
Note: Transient op started
Note: Transient op finished successfully
Note: Transient op started
Note: Transient op finished successfully
Note: Transient op started
Note: Transient op finished successfully
Note: Transient op started
Note: Transient op finished successfully
Note: Transient op started
Note: Transient op finished successfully
Note: Transient op started
Note: Transient op finished successfully
Note: Transient op started
Note: Transient op finished successfully
Note: Transient op started
Note: Transient op finished successfully
Note: Transient op started
Note: Transient op finished successfully
Note: Transient op started
Note: Transient op finished successfully
Note: Transient op started
Note: Transient op finished successfully
Note: Transient op started
Note: Transient op finished successfully
Note: Transient op started
Note: Transient op finished successfully
Note: Transient op started
Note: Transient op finished successfully
Note: Transient op started
Note: Transient op finished successfully
Note: Transient op started
Note: Transient op finished successfully
Note: Transient op started
Note: Transient op finished successfully
Note: Transient op started
Note: Transient op finished successfully
Note: Transient op started
Note: Transient op finished successfully
Note: Transient op started
Note: Transient op finished successfully
Note: Transient op started
Note: Transient op finished successfully
Note: Transient op started
Note: Transient op finished successfully
Note: Transient op started
Note: Transient op finished successfully
Note: Transient op started
Note: Transient op finished successfully
Note: Transient op started
Note: Transient op finished successfully
Note: Transient op started
Note: Transient op finished successfully
Note: Transient op started
Note: Transient op finished successfully
Note: Transient op started
Note: Transient op finished successfully
Note: Transient op started
Note: Transient op finished successfully
Note: Transient op started
Note: Transient op finished successfully
Note: Transient op started
Note: Transient op finished successfully
Note: Transient op started
Note: Transient op finished successfully
Note: Transient op started
Note: Transient op finished successfully
Note: Transient op started
Note: Transient op finished successfully
Note: Transient op started
Note: Transient op finished successfully
Note: Transient op started
Note: Transient op finished successfully
Note: Transient op started
Note: Transient op finished successfully
Note: Transient op started
Note: Transient op finished successfully
Note: Transient op started
Note: Transient op finished successfully
Note: Transient op started
Note: Transient op finished successfully
Note: Transient op started
Note: Transient op finished successfully
Note: Transient op started
Note: Transient op finished successfully
Note: Transient op started
Note: Transient op finished successfully
Note: Transient op started
Note: Transient op finished successfully
Note: Transient op started
Note: Transient op finished successfully
Note: Transient op started
Note: Transient op finished successfully
Note: Transient op started
Note: Transient op finished successfully
Note: Transient op started
Note: Transient op finished successfully
Note: Transient op started
Note: Transient op finished successfully
Note: Transient op started
Note: Transient op finished successfully
Note: Transient op started
Note: Transient op finished successfully
Note: Transient op started
Note: Transient op finished successfully
Note: Transient op started
Note: Transient op finished successfully
Note: Transient op started
Note: Transient op finished successfully
Note: Transient op started
Note: Transient op finished successfully
Note: Transient op started
Note: Transient op finished successfully
Note: Transient op started
Note: Transient op finished successfully
Note: Transient op started
Note: Transient op finished successfully
Note: Transient op started
Note: Transient op finished successfully
Note: Transient op started
Note: Transient op finished successfully
Note: Transient op started
Note: Transient op finished successfully
Note: Transient op started
Note: Transient op finished successfully
Note: Transient op started
Note: Transient op finished successfully
Note: Transient op started
Note: Transient op finished successfully
Note: Transient op started
Note: Transient op finished successfully
Note: Transient op started
Note: Transient op finished successfully
Note: Transient op started
Note: Transient op finished successfully
Note: Transient op started
Note: Transient op finished successfully
Note: Transient op started
Note: Transient op finished successfully
Note: Transient op started
Note: Transient op finished successfully
Note: Transient op started
Note: Transient op finished successfully
Note: Transient op started
Note: Transient op finished successfully
Note: Transient op started
Note: Transient op finished successfully
Note: Transient op started
Note: Transient op finished successfully
Note: Transient op started
Note: Transient op finished successfully
Note: Transient op started
Note: Transient op finished successfully
Note: Transient op started
Note: Transient op finished successfully
Note: Transient op started
Note: Transient op finished successfully
Note: Transient op started
Note: Transient op finished successfully
Note: Transient op started
Note: Transient op finished successfully
Note: Transient op started
Note: Transient op finished successfully
Note: Transient op started
Note: Transient op finished successfully
Note: Transient op started
Note: Transient op finished successfully
Note: Transient op started
Note: Transient op finished successfully
Note: Transient op started
Note: Transient op finished successfully
Note: Transient op started
Note: Transient op finished successfully
Note: Transient op started
Note: Transient op finished successfully
Note: Transient op started
Note: Transient op finished successfully
Note: Transient op started
Note: Transient op finished successfully
Note: Transient op started
Note: Transient op finished successfully
Note: Transient op started
Note: Transient op finished successfully
Note: Transient op started
Note: Transient op finished successfully
Note: Transient op started
Note: Transient op finished successfully
Note: Transient op started
Note: Transient op finished successfully
Note: Transient op started
Note: Transient op finished successfully
Note: Transient op started
Note: Transient op finished successfully
Note: Transient op started
Note: Transient op finished successfully
Note: Transient op started
Note: Transient op finished successfully
Note: Transient op started
Note: Transient op started
Note: Transient op finished successfully
Note: Transient op finished successfully
Note: Transient op started
Note: Transient op finished successfully
Note: Transient op started
Note: Transient op finished successfully
Note: Transient op started
Note: Transient op finished successfully
Note: Transient op started
Note: Transient op finished successfully
Note: Transient op started
Note: Transient op finished successfully
Note: Transient op started
Note: Transient op started
Note: Transient op finished successfully
Note: Transient op finished successfully
Note: Transient op started
Note: Transient op finished successfully
Note: Transient op started
Note: Transient op finished successfully
Note: Transient op started
Note: Transient op finished successfully
Note: Transient op started
Note: Transient op finished successfully
Note: Transient op started
Note: Transient op finished successfully
Note: Transient op started
Note: Transient op finished successfully
Note: Transient op started
Note: Transient op finished successfully
Note: Transient op started
Note: Transient op finished successfully
Note: Transient op started
Note: Transient op finished successfully
Note: Transient op started
Note: Transient op finished successfully
Note: Transient op started
Note: Transient op finished successfully
Note: Transient op started
Note: Transient op finished successfully
Note: Transient op started
Note: Transient op finished successfully
Note: Transient op started
Note: Transient op finished successfully
Note: Transient op started
Note: Transient op finished successfully
Note: Transient op started
Note: Transient op finished successfully
Note: Transient op started
Note: Transient op finished successfully
Note: Transient op started
Note: Transient op finished successfully
-----------------------------------------
| time/                   |             |
|    fps                  | 3           |
|    iterations           | 30          |
|    time_elapsed         | 8216        |
|    total_timesteps      | 30720       |
| train/                  |             |
|    approx_kl            | 0.018193606 |
|    clip_fraction        | 0.215       |
|    clip_range           | 0.2         |
|    entropy_loss         | -7.79       |
|    explained_variance   | 0.319       |
|    learning_rate        | 0.0003      |
|    loss                 | 12.8        |
|    n_updates            | 290         |
|    policy_gradient_loss | -0.0274     |
|    std                  | 0.886       |
|    value_loss           | 28          |
-----------------------------------------
Note: Transient op started
Note: Transient op finished successfully
Note: Transient op started
Note: Transient op finished successfully
Note: Transient op started
Note: Transient op finished successfully
Note: Transient op started
Note: Transient op finished successfully
Note: Transient op started
Note: Transient op finished successfully
Note: Transient op started
Note: Transient op finished successfully
Note: Transient op started
Note: Transient op finished successfully
Note: Transient op started
Note: Transient op finished successfully
Note: Transient op started
Note: Transient op finished successfully
Note: Transient op started
Note: Transient op finished successfully
Note: Transient op started
Note: Transient op finished successfully
Note: Transient op started
Note: Transient op started
Note: Transient op finished successfully
Note: Transient op finished successfully
Note: Transient op started
Note: Transient op finished successfully
Note: Transient op started
Note: Transient op finished successfully
Note: Transient op started
Note: Transient op finished successfully
Note: Transient op started
Note: Transient op finished successfully
Note: Transient op started
Note: Transient op finished successfully
Note: Transient op started
Note: Transient op finished successfully
Note: Transient op started
Note: Transient op finished successfully
Note: Transient op started
Note: Transient op finished successfully
Note: Transient op started
Note: Transient op finished successfully
Note: Transient op started
Note: Transient op finished successfully
Note: Transient op started
Note: Transient op finished successfully
Note: Transient op started
Note: Transient op finished successfully
Note: Transient op started
Note: Transient op finished successfully
Note: Transient op started
Note: Transient op finished successfully
Note: Transient op started
Note: Transient op finished successfully
Note: Transient op started
Note: Transient op finished successfully
Note: Transient op started
Note: Transient op finished successfully
Note: Transient op started
Note: Transient op finished successfully
Note: Transient op started
Note: Transient op finished successfully
Note: Transient op started
Note: Transient op finished successfully
Note: Transient op started
Note: Transient op finished successfully
Note: Transient op started
Note: Transient op finished successfully
Note: Transient op started
Note: Transient op finished successfully
Note: Transient op started
Note: Transient op finished successfully
Note: Transient op started
Note: Transient op finished successfully
Note: Transient op started
Note: Transient op finished successfully
Note: Transient op started
Note: Transient op finished successfully
Note: Transient op started
Note: Transient op finished successfully
Note: Transient op started
Note: Transient op finished successfully
Note: Transient op started
Note: Transient op finished successfully
Note: Transient op started
Note: Transient op finished successfully
Note: Transient op started
Note: Transient op finished successfully
Note: Transient op started
Note: Transient op finished successfully
Note: Transient op started
Note: Transient op finished successfully
Note: Transient op started
Note: Transient op finished successfully
Note: Transient op started
Note: Transient op finished successfully
Note: Transient op started
Note: Transient op finished successfully
Note: Transient op started
Note: Transient op finished successfully
Note: Transient op started
Note: Transient op finished successfully
Note: Transient op started
Note: Transient op finished successfully
Note: Transient op started
Note: Transient op finished successfully
Note: Transient op started
Note: Transient op finished successfully
Note: Transient op started
Note: Transient op finished successfully
Note: Transient op started
Note: Transient op finished successfully
Note: Transient op started
Note: Transient op finished successfully
Note: Transient op started
Note: Transient op finished successfully
Note: Transient op started
Note: Transient op finished successfully
Note: Transient op started
Note: Transient op finished successfully
Note: Transient op started
Note: Transient op finished successfully
Note: Transient op started
Note: Transient op finished successfully
Note: Transient op started
Note: Transient op finished successfully
Note: Transient op started
Note: Transient op finished successfully
Note: Transient op started
Note: Transient op finished successfully
Note: Transient op started
Note: Transient op finished successfully
Note: Transient op started
Note: Transient op finished successfully
Note: Transient op started
Note: Transient op finished successfully
Note: Transient op started
Note: Transient op finished successfully
Note: Transient op started
Note: Transient op finished successfully
Note: Transient op started
Note: Transient op finished successfully
Note: Transient op started
Note: Transient op finished successfully
Note: Transient op started
Note: Transient op finished successfully
Note: Transient op started
Note: Transient op finished successfully
Note: Transient op started
Note: Transient op finished successfully
Note: Transient op started
Note: Transient op finished successfully
Note: Transient op started
Note: Transient op finished successfully
Note: Transient op started
Note: Transient op finished successfully
Note: Transient op started
Note: Transient op finished successfully
Note: Transient op started
Note: Transient op finished successfully
Note: Transient op started
Note: Transient op finished successfully
Note: Transient op started
Note: Transient op finished successfully
Note: Transient op started
Note: Transient op finished successfully
Note: Transient op started
Note: Transient op finished successfully
Note: Transient op started
Note: Transient op finished successfully
Note: Transient op started
Note: Transient op finished successfully
Note: Transient op started
Note: Transient op finished successfully
Note: Transient op started
Note: Transient op finished successfully
Note: Transient op started
Note: Transient op finished successfully
Note: Transient op started
Note: Transient op finished successfully
Note: Transient op started
Note: Transient op finished successfully
Note: Transient op started
Note: Transient op finished successfully
Note: Transient op started
Note: Transient op finished successfully
Note: Transient op started
Note: Transient op finished successfully
Note: Transient op started
Note: Transient op finished successfully
Note: Transient op started
Note: Transient op finished successfully
Note: Transient op started
Note: Transient op finished successfully
Note: Transient op started
Note: Transient op finished successfully
Note: Transient op started
Note: Transient op finished successfully
Note: Transient op started
Note: Transient op finished successfully
Note: Transient op started
Note: Transient op finished successfully
Note: Transient op started
Note: Transient op finished successfully
Note: Transient op started
Note: Transient op finished successfully
Note: Transient op started
Note: Transient op finished successfully
Note: Transient op started
Note: Transient op finished successfully
Note: Transient op started
Note: Transient op finished successfully
Note: Transient op started
Note: Transient op finished successfully
Note: Transient op started
Note: Transient op finished successfully
Note: Transient op started
Note: Transient op finished successfully
Note: Transient op started
Note: Transient op finished successfully
Note: Transient op started
Note: Transient op finished successfully
Note: Transient op started
Note: Transient op finished successfully
Note: Transient op started
Note: Transient op finished successfully
Note: Transient op started
Note: Transient op finished successfully
Note: Transient op started
Note: Transient op finished successfully
Note: Transient op started
Note: Transient op finished successfully
Note: Transient op started
Note: Transient op finished successfully
Note: Transient op started
Note: Transient op finished successfully
Note: Transient op started
Note: Transient op finished successfully
Note: Transient op started
Note: Transient op finished successfully
Note: Transient op started
Note: Transient op finished successfully
Note: Transient op started
Note: Transient op finished successfully
Note: Transient op started
Note: Transient op finished successfully
Note: Transient op started
Note: Transient op finished successfully
Note: Transient op started
Note: Transient op finished successfully
Note: Transient op started
Note: Transient op finished successfully
Note: Transient op started
Note: Transient op finished successfully
Note: Transient op started
Note: Transient op finished successfully
Note: Transient op started
Note: Transient op finished successfully
Note: Transient op started
Note: Transient op finished successfully
Note: Transient op started
Note: Transient op finished successfully
Note: Transient op started
Note: Transient op finished successfully
Note: Transient op started
Note: Transient op finished successfully
Note: Transient op started
Note: Transient op finished successfully
Note: Transient op started
Note: Transient op finished successfully
Note: Transient op started
Note: Transient op finished successfully
Note: Transient op started
Note: Transient op finished successfully
Note: Transient op started
Note: Transient op finished successfully
Note: Transient op started
Note: Transient op finished successfully
Note: Transient op started
Note: Transient op finished successfully
Note: Transient op started
Note: Transient op finished successfully
Note: Transient op started
Note: Transient op finished successfully
Note: Transient op started
Note: Transient op finished successfully
Note: Transient op started
Note: Transient op finished successfully
Note: Transient op started
Note: Transient op finished successfully
Note: Transient op started
Note: Transient op finished successfully
Note: Transient op started
Note: Transient op finished successfully
Note: Transient op started
Note: Transient op finished successfully
Note: Transient op started
Note: Transient op finished successfully
Note: Transient op started
Note: Transient op finished successfully
Note: Transient op started
Note: Transient op finished successfully
Note: Transient op started
Note: Transient op finished successfully
Note: Transient op started
Note: Transient op finished successfully
Note: Transient op started
Note: Transient op finished successfully
Note: Transient op started
Note: Transient op finished successfully
Note: Transient op started
Note: Transient op finished successfully
Note: Transient op started
Note: Transient op finished successfully
Note: Transient op started
Note: Transient op finished successfully
Note: Transient op started
Note: Transient op finished successfully
Note: Transient op started
Note: Transient op finished successfully
Note: Transient op started
Note: Transient op finished successfully
Note: Transient op started
Note: Transient op finished successfully
Note: Transient op started
Note: Transient op finished successfully
Note: Transient op started
Note: Transient op finished successfully
Note: Transient op started
Note: Transient op finished successfully
Note: Transient op started
Note: Transient op finished successfully
Note: Transient op started
Note: Transient op finished successfully
Note: Transient op started
Note: Transient op finished successfully
Note: Transient op started
Note: Transient op finished successfully
Note: Transient op started
Note: Transient op finished successfully
Note: Transient op started
Note: Transient op finished successfully
Note: Transient op started
Note: Transient op finished successfully
Note: Transient op started
Note: Transient op finished successfully
Note: Transient op started
Note: Transient op finished successfully
Note: Transient op started
Note: Transient op finished successfully
Note: Transient op started
Note: Transient op finished successfully
Note: Transient op started
Note: Transient op finished successfully
Note: Transient op started
Note: Transient op finished successfully
Note: Transient op started
Note: Transient op finished successfully
Note: Transient op started
Note: Transient op finished successfully
Note: Transient op started
Note: Transient op finished successfully
Note: Transient op started
Note: Transient op finished successfully
Note: Transient op started
Note: Transient op finished successfully
Note: Transient op started
Note: Transient op finished successfully
Note: Transient op started
Note: Transient op finished successfully
Note: Transient op started
Note: Transient op finished successfully
Note: Transient op started
Note: Transient op finished successfully
Note: Transient op started
Note: Transient op finished successfully
Note: Transient op started
Note: Transient op finished successfully
Note: Transient op started
Note: Transient op finished successfully
Note: Transient op started
Note: Transient op finished successfully
Note: Transient op started
Note: Transient op finished successfully
Note: Transient op started
Note: Transient op finished successfully
Note: Transient op started
Note: Transient op finished successfully
Note: Transient op started
Note: Transient op finished successfully
Note: Transient op started
Note: Transient op started
Note: Transient op finished successfully
Note: Transient op finished successfully
Note: Transient op started
Note: Transient op finished successfully
Note: Transient op started
Note: Transient op finished successfully
Note: Transient op started
Note: Transient op finished successfully
Note: Transient op started
Note: Transient op finished successfully
Note: Transient op started
Note: Transient op finished successfully
Note: Transient op started
Note: Transient op finished successfully
Note: Transient op started
Note: Transient op finished successfully
Note: Transient op started
Note: Transient op finished successfully
Note: Transient op started
Note: Transient op finished successfully
---------------------------------------
| time/                   |           |
|    fps                  | 3         |
|    iterations           | 31        |
|    time_elapsed         | 8782      |
|    total_timesteps      | 31744     |
| train/                  |           |
|    approx_kl            | 0.0165242 |
|    clip_fraction        | 0.183     |
|    clip_range           | 0.2       |
|    entropy_loss         | -7.75     |
|    explained_variance   | 0.316     |
|    learning_rate        | 0.0003    |
|    loss                 | 14.6      |
|    n_updates            | 300       |
|    policy_gradient_loss | -0.0239   |
|    std                  | 0.881     |
|    value_loss           | 27.6      |
---------------------------------------
Note: Transient op started
Note: Transient op finished successfully
Note: Transient op started
Note: Transient op finished successfully
Note: Transient op started
Note: Transient op finished successfully
Note: Transient op started
Note: Transient op finished successfully
Note: Transient op started
Note: Transient op finished successfully
Note: Transient op started
Note: Transient op finished successfully
Note: Transient op started
Note: Transient op finished successfully
Note: Transient op started
Note: Transient op finished successfully
Note: Transient op started
Note: Transient op finished successfully
Note: Transient op started
Note: Transient op finished successfully
Note: Transient op started
Note: Transient op finished successfully
Note: Transient op started
Note: Transient op finished successfully
Note: Transient op started
Note: Transient op finished successfully
Note: Transient op started
Note: Transient op finished successfully
Note: Transient op started
Note: Transient op started
Note: Transient op finished successfully
Note: Transient op finished successfully
Note: Transient op started
Note: Transient op finished successfully
Note: Transient op started
Note: Transient op finished successfully
Note: Transient op started
Note: Transient op finished successfully
Note: Transient op started
Note: Transient op finished successfully
Note: Transient op started
Note: Transient op finished successfully
Note: Transient op started
Note: Transient op started
Note: Transient op finished successfully
Note: Transient op finished successfully
Note: Transient op started
Note: Transient op finished successfully
Note: Transient op started
Note: Transient op finished successfully
Note: Transient op started
Note: Transient op finished successfully
Note: Transient op started
Note: Transient op finished successfully
Note: Transient op started
Note: Transient op finished successfully
Note: Transient op started
Note: Transient op finished successfully
Note: Transient op started
Note: Transient op finished successfully
Note: Transient op started
Note: Transient op finished successfully
Note: Transient op started
Note: Transient op finished successfully
Note: Transient op started
Note: Transient op finished successfully
Note: Transient op started
Note: Transient op finished successfully
Note: Transient op started
Note: Transient op finished successfully
Note: Transient op started
Note: Transient op finished successfully
Note: Transient op started
Note: Transient op finished successfully
Note: Transient op started
Note: Transient op finished successfully
Note: Transient op started
Note: Transient op finished successfully
Note: Transient op started
Note: Transient op finished successfully
Note: Transient op started
Note: Transient op finished successfully
Note: Transient op started
Note: Transient op finished successfully
Note: Transient op started
Note: Transient op finished successfully
Note: Transient op started
Note: Transient op finished successfully
Note: Transient op started
Note: Transient op finished successfully
Note: Transient op started
Note: Transient op started
Note: Transient op started
Note: Transient op finished successfully
Note: Transient op finished successfully
Note: Transient op finished successfully
Note: Transient op started
Note: Transient op started
Note: Transient op started
Note: Transient op finished successfully
Note: Transient op finished successfully
Note: Transient op finished successfully
Note: Transient op started
Note: Transient op finished successfully
Note: Transient op started
Note: Transient op finished successfully
Note: Transient op started
Note: Transient op finished successfully
Note: Transient op started
Note: Transient op finished successfully
Note: Transient op started
Note: Transient op finished successfully
Note: Transient op started
Note: Transient op finished successfully
Note: Transient op started
Note: Transient op finished successfully
Note: Transient op started
Note: Transient op finished successfully
Note: Transient op started
Note: Transient op finished successfully
Note: Transient op started
Note: Transient op finished successfully
Note: Transient op started
Note: Transient op finished successfully
Note: Transient op started
Note: Transient op finished successfully
Note: Transient op started
Note: Transient op finished successfully
Note: Transient op started
Note: Transient op finished successfully
Note: Transient op started
Note: Transient op finished successfully
Note: Transient op started
Note: Transient op finished successfully
Note: Transient op started
Note: Transient op finished successfully
Note: Transient op started
Note: Transient op finished successfully
Note: Transient op started
Note: Transient op finished successfully
Note: Transient op started
Note: Transient op finished successfully
Note: Transient op started
Note: Transient op finished successfully
Note: Transient op started
Note: Transient op finished successfully
Note: Transient op started
Note: Transient op finished successfully
Note: Transient op started
Note: Transient op finished successfully
Note: Transient op started
Note: Transient op finished successfully
Note: Transient op started
Note: Transient op finished successfully
Note: Transient op started
Note: Transient op finished successfully
Note: Transient op started
Note: Transient op finished successfully
Note: Transient op started
Note: Transient op finished successfully
Note: Transient op started
Note: Transient op finished successfully
Note: Transient op started
Note: Transient op finished successfully
Note: Transient op started
Note: Transient op finished successfully
Note: Transient op started
Note: Transient op finished successfully
Note: Transient op started
Note: Transient op finished successfully
Note: Transient op started
Note: Transient op finished successfully
Note: Transient op started
Note: Transient op finished successfully
Note: Transient op started
Note: Transient op finished successfully
Note: Transient op started
Note: Transient op finished successfully
Note: Transient op started
Note: Transient op finished successfully
Note: Transient op started
Note: Transient op finished successfully
Note: Transient op started
Note: Transient op finished successfully
Note: Transient op started
Note: Transient op finished successfully
Note: Transient op started
Note: Transient op finished successfully
Note: Transient op started
Note: Transient op finished successfully
Note: Transient op started
Note: Transient op finished successfully
Note: Transient op started
Note: Transient op finished successfully
Note: Transient op started
Note: Transient op finished successfully
Note: Transient op started
Note: Transient op finished successfully
Note: Transient op started
Note: Transient op finished successfully
Note: Transient op started
Note: Transient op finished successfully
Note: Transient op started
Note: Transient op finished successfully
Note: Transient op started
Note: Transient op finished successfully
Note: Transient op started
Note: Transient op finished successfully
Note: Transient op started
Note: Transient op finished successfully
Note: Transient op started
Note: Transient op finished successfully
Note: Transient op started
Note: Transient op finished successfully
Note: Transient op started
Note: Transient op finished successfully
Note: Transient op started
Note: Transient op finished successfully
Note: Transient op started
Note: Transient op finished successfully
Note: Transient op started
Note: Transient op finished successfully
Note: Transient op started
Note: Transient op finished successfully
Note: Transient op started
Note: Transient op finished successfully
Note: Transient op started
Note: Transient op finished successfully
Note: Transient op started
Note: Transient op finished successfully
Note: Transient op started
Note: Transient op finished successfully
Note: Transient op started
Note: Transient op finished successfully
Note: Transient op started
Note: Transient op finished successfully
Note: Transient op started
Note: Transient op finished successfully
Note: Transient op started
Note: Transient op finished successfully
Note: Transient op started
Note: Transient op finished successfully
Note: Transient op started
Note: Transient op finished successfully
Note: Transient op started
Note: Transient op finished successfully
Note: Transient op started
Note: Transient op finished successfully
Note: Transient op started
Note: Transient op finished successfully
Note: Transient op started
Note: Transient op finished successfully
Note: Transient op started
Note: Transient op finished successfully
Note: Transient op started
Note: Transient op finished successfully
Note: Transient op started
Note: Transient op finished successfully
Note: Transient op started
Note: Transient op finished successfully
Note: Transient op started
Note: Transient op finished successfully
Note: Transient op started
Note: Transient op finished successfully
Note: Transient op started
Note: Transient op finished successfully
Note: Transient op started
Note: Transient op finished successfully
Note: Transient op started
Note: Transient op finished successfully
Note: Transient op started
Note: Transient op finished successfully
Note: Transient op started
Note: Transient op finished successfully
Note: Transient op started
Note: Transient op finished successfully
Note: Transient op started
Note: Transient op finished successfully
Note: Transient op started
Note: Transient op finished successfully
Note: Transient op started
Note: Transient op finished successfully
Note: Transient op started
Note: Transient op finished successfully
Note: Transient op started
Note: Transient op finished successfully
Note: Transient op started
Note: Transient op finished successfully
-----------------------------------------
| time/                   |             |
|    fps                  | 3           |
|    iterations           | 32          |
|    time_elapsed         | 9346        |
|    total_timesteps      | 32768       |
| train/                  |             |
|    approx_kl            | 0.012300504 |
|    clip_fraction        | 0.151       |
|    clip_range           | 0.2         |
|    entropy_loss         | -7.71       |
|    explained_variance   | 0.301       |
|    learning_rate        | 0.0003      |
|    loss                 | 18.1        |
|    n_updates            | 310         |
|    policy_gradient_loss | -0.021      |
|    std                  | 0.876       |
|    value_loss           | 31.1        |
-----------------------------------------
Note: Transient op started
Note: Transient op started
Note: Transient op finished successfully
Note: Transient op finished successfully
Note: Transient op started
Note: Transient op started
Note: Transient op finished successfully
Note: Transient op finished successfully
Note: Transient op started
Note: Transient op started
Note: Transient op finished successfully
Note: Transient op finished successfully
Note: Transient op started
Note: Transient op finished successfully
Note: Transient op started
Note: Transient op finished successfully
Note: Transient op started
Note: Transient op finished successfully
Note: Transient op started
Note: Transient op finished successfully
Note: Transient op started
Note: Transient op finished successfully
Note: Transient op started
Note: Transient op finished successfully
Note: Transient op started
Note: Transient op finished successfully
Note: Transient op started
Note: Transient op finished successfully
Note: Transient op started
Note: Transient op finished successfully
Note: Transient op started
Note: Transient op finished successfully
Note: Transient op started
Note: Transient op finished successfully
Note: Transient op started
Note: Transient op finished successfully
Note: Transient op started
Note: Transient op finished successfully
Note: Transient op started
Note: Transient op finished successfully
Note: Transient op started
Note: Transient op finished successfully
Note: Transient op started
Note: Transient op finished successfully
Note: Transient op started
Note: Transient op finished successfully
Note: Transient op started
Note: Transient op finished successfully
Note: Transient op started
Note: Transient op finished successfully
Note: Transient op started
Note: Transient op finished successfully
Note: Transient op started
Note: Transient op finished successfully
Note: Transient op started
Note: Transient op finished successfully
Note: Transient op started
Note: Transient op finished successfully
Note: Transient op started
Note: Transient op finished successfully
Note: Transient op started
Note: Transient op finished successfully
Note: Transient op started
Note: Transient op finished successfully
Note: Transient op started
Note: Transient op finished successfully
Note: Transient op started
Note: Transient op finished successfully
Note: Transient op started
Note: Transient op finished successfully
Note: Transient op started
Note: Transient op finished successfully
Note: Transient op started
Note: Transient op started
Note: Transient op finished successfully
Note: Transient op finished successfully
Note: Transient op started
Note: Transient op finished successfully
Note: Transient op started
Note: Transient op finished successfully
Note: Transient op started
Note: Transient op finished successfully
Note: Transient op started
Note: Transient op finished successfully
Note: Transient op started
Note: Transient op finished successfully
Note: Transient op started
Note: Transient op finished successfully
Note: Transient op started
Note: Transient op finished successfully
Note: Transient op started
Note: Transient op finished successfully
Note: Transient op started
Note: Transient op finished successfully
Note: Transient op started
Note: Transient op finished successfully
Note: Transient op started
Note: Transient op finished successfully
Note: Transient op started
Note: Transient op finished successfully
Note: Transient op started
Note: Transient op finished successfully
Note: Transient op started
Note: Transient op finished successfully
Note: Transient op started
Note: Transient op finished successfully
Note: Transient op started
Note: Transient op finished successfully
Note: Transient op started
Note: Transient op finished successfully
Note: Transient op started
Note: Transient op finished successfully
Note: Transient op started
Note: Transient op finished successfully
Note: Transient op started
Note: Transient op finished successfully
Note: Transient op started
Note: Transient op finished successfully
Note: Transient op started
Note: Transient op finished successfully
Note: Transient op started
Note: Transient op finished successfully
Note: Transient op started
Note: Transient op finished successfully
Note: Transient op started
Note: Transient op finished successfully
Note: Transient op started
Note: Transient op finished successfully
Note: Transient op started
Note: Transient op finished successfully
Note: Transient op started
Note: Transient op finished successfully
Note: Transient op started
Note: Transient op finished successfully
Note: Transient op started
Note: Transient op finished successfully
Note: Transient op started
Note: Transient op finished successfully
Note: Transient op started
Note: Transient op finished successfully
Note: Transient op started
Note: Transient op finished successfully
Note: Transient op started
Note: Transient op finished successfully
Note: Transient op started
Note: Transient op finished successfully
Note: Transient op started
Note: Transient op finished successfully
Note: Transient op started
Note: Transient op finished successfully
Note: Transient op started
Note: Transient op finished successfully
Note: Transient op started
Note: Transient op finished successfully
Note: Transient op started
Note: Transient op finished successfully
Note: Transient op started
Note: Transient op finished successfully
Note: Transient op started
Note: Transient op finished successfully
Note: Transient op started
Note: Transient op finished successfully
Note: Transient op started
Note: Transient op finished successfully
Note: Transient op started
Note: Transient op finished successfully
Note: Transient op started
Note: Transient op finished successfully
Note: Transient op started
Note: Transient op finished successfully
Note: Transient op started
Note: Transient op finished successfully
Note: Transient op started
Note: Transient op finished successfully
Note: Transient op started
Note: Transient op finished successfully
Note: Transient op started
Note: Transient op finished successfully
Note: Transient op started
Note: Transient op finished successfully
Note: Transient op started
Note: Transient op finished successfully
Note: Transient op started
Note: Transient op finished successfully
Note: Transient op started
Note: Transient op finished successfully
Note: Transient op started
Note: Transient op finished successfully
Note: Transient op started
Note: Transient op finished successfully
Note: Transient op started
Note: Transient op finished successfully
Note: Transient op started
Note: Transient op finished successfully
Note: Transient op started
Note: Transient op finished successfully
Note: Transient op started
Note: Transient op finished successfully
Note: Transient op started
Note: Transient op finished successfully
Note: Transient op started
Note: Transient op finished successfully
Note: Transient op started
Note: Transient op finished successfully
Note: Transient op started
Note: Transient op finished successfully
Note: Transient op started
Note: Transient op finished successfully
Note: Transient op started
Note: Transient op finished successfully
Note: Transient op started
Note: Transient op finished successfully
Note: Transient op started
Note: Transient op finished successfully
Note: Transient op started
Note: Transient op finished successfully
Note: Transient op started
Note: Transient op finished successfully
Note: Transient op started
Note: Transient op finished successfully
Note: Transient op started
Note: Transient op finished successfully
Note: Transient op started
Note: Transient op finished successfully
Note: Transient op started
Note: Transient op finished successfully
Note: Transient op started
Note: Transient op finished successfully
Note: Transient op started
Note: Transient op finished successfully
Note: Transient op started
Note: Transient op finished successfully
Note: Transient op started
Note: Transient op finished successfully
Checking parameters for BSIM 4.5 model xm2:sky130_fd_pr__nfet_01v8__model.52
Checking parameters for BSIM 4.5 model xm1:sky130_fd_pr__nfet_01v8__model.52
Note: Transient op started
Note: Transient op finished successfully
Note: Transient op started
Note: Transient op finished successfully
Note: Transient op started
Note: Transient op finished successfully
Note: Transient op started
Note: Transient op finished successfully
Note: Transient op started
Note: Transient op finished successfully
Note: Transient op started
Note: Transient op finished successfully
Note: Transient op started
Note: Transient op finished successfully
Note: Transient op started
Note: Transient op finished successfully
Note: Transient op started
Note: Transient op finished successfully
Note: Transient op started
Note: Transient op finished successfully
Note: Transient op started
Note: Transient op finished successfully
Note: Transient op started
Note: Transient op finished successfully
Note: Transient op started
Note: Transient op finished successfully
Note: Transient op started
Note: Transient op finished successfully
Note: Transient op started
Note: Transient op finished successfully
Note: Transient op started
Note: Transient op finished successfully
Note: Transient op started
Note: Transient op finished successfully
Note: Transient op started
Note: Transient op finished successfully
Note: Transient op started
Note: Transient op finished successfully
Note: Transient op started
Note: Transient op finished successfully
Note: Transient op started
Note: Transient op finished successfully
Note: Transient op started
Note: Transient op finished successfully
Note: Transient op started
Note: Transient op finished successfully
Note: Transient op started
Note: Transient op finished successfully
Note: Transient op started
Note: Transient op finished successfully
Note: Transient op started
Note: Transient op finished successfully
Note: Transient op started
Note: Transient op finished successfully
Note: Transient op started
Note: Transient op finished successfully
Note: Transient op started
Note: Transient op finished successfully
Note: Transient op started
Note: Transient op finished successfully
Note: Transient op started
Note: Transient op finished successfully
Note: Transient op started
Note: Transient op finished successfully
Note: Transient op started
Note: Transient op finished successfully
Note: Transient op started
Note: Transient op finished successfully
Note: Transient op started
Note: Transient op finished successfully
Note: Transient op started
Note: Transient op finished successfully
Note: Transient op started
Note: Transient op finished successfully
Note: Transient op started
Note: Transient op finished successfully
Note: Transient op started
Note: Transient op finished successfully
Note: Transient op started
Note: Transient op finished successfully
Note: Transient op started
Note: Transient op finished successfully
Note: Transient op started
Note: Transient op finished successfully
Note: Transient op started
Note: Transient op finished successfully
Note: Transient op started
Note: Transient op finished successfully
Note: Transient op started
Note: Transient op finished successfully
Note: Transient op started
Note: Transient op finished successfully
Note: Transient op started
Note: Transient op finished successfully
Note: Transient op started
Note: Transient op finished successfully
Note: Transient op started
Note: Transient op finished successfully
Note: Transient op started
Note: Transient op finished successfully
Note: Transient op started
Note: Transient op finished successfully
-----------------------------------------
| time/                   |             |
|    fps                  | 3           |
|    iterations           | 33          |
|    time_elapsed         | 9942        |
|    total_timesteps      | 33792       |
| train/                  |             |
|    approx_kl            | 0.013394969 |
|    clip_fraction        | 0.126       |
|    clip_range           | 0.2         |
|    entropy_loss         | -7.67       |
|    explained_variance   | 0.296       |
|    learning_rate        | 0.0003      |
|    loss                 | 14.4        |
|    n_updates            | 320         |
|    policy_gradient_loss | -0.0194     |
|    std                  | 0.869       |
|    value_loss           | 33.2        |
-----------------------------------------
Note: Transient op started
Note: Transient op finished successfully
Note: Transient op started
Note: Transient op finished successfully
Note: Transient op started
Note: Transient op finished successfully
Note: Transient op started
Note: Transient op finished successfully
Note: Transient op started
Note: Transient op finished successfully
Note: Transient op started
Note: Transient op finished successfully
Note: Transient op started
Note: Transient op finished successfully
Note: Transient op started
Note: Transient op finished successfully
Note: Transient op started
Note: Transient op finished successfully
Note: Transient op started
Note: Transient op finished successfully
Note: Transient op started
Note: Transient op finished successfully
Note: Transient op started
Note: Transient op finished successfully
Note: Transient op started
Note: Transient op finished successfully
Note: Transient op started
Note: Transient op finished successfully
Note: Transient op started
Note: Transient op finished successfully
Note: Transient op started
Note: Transient op finished successfully
Note: Transient op started
Note: Transient op finished successfully
Note: Transient op started
Note: Transient op finished successfully
Note: Transient op started
Note: Transient op finished successfully
Note: Transient op started
Note: Transient op finished successfully
Note: Transient op started
Note: Transient op finished successfully
Note: Transient op started
Note: Transient op finished successfully
Note: Transient op started
Note: Transient op finished successfully
Note: Transient op started
Note: Transient op finished successfully
Note: Transient op started
Note: Transient op finished successfully
Note: Transient op started
Note: Transient op finished successfully
Note: Transient op started
Note: Transient op finished successfully
Note: Transient op started
Note: Transient op finished successfully
Note: Transient op started
Note: Transient op finished successfully
Note: Transient op started
Note: Transient op finished successfully
Note: Transient op started
Note: Transient op finished successfully
Note: Transient op started
Note: Transient op finished successfully
Note: Transient op started
Note: Transient op finished successfully
Note: Transient op started
Note: Transient op finished successfully
Note: Transient op started
Note: Transient op finished successfully
Note: Transient op started
Note: Transient op finished successfully
Note: Transient op started
Note: Transient op finished successfully
Note: Transient op started
Note: Transient op finished successfully
Note: Transient op started
Note: Transient op finished successfully
Note: Transient op started
Note: Transient op finished successfully
Note: Transient op started
Note: Transient op finished successfully
Note: Transient op started
Note: Transient op finished successfully
Note: Transient op started
Note: Transient op finished successfully
Note: Transient op started
Note: Transient op finished successfully
Note: Transient op started
Note: Transient op finished successfully
Note: Transient op started
Note: Transient op finished successfully
Note: Transient op started
Note: Transient op finished successfully
Note: Transient op started
Note: Transient op finished successfully
Note: Transient op started
Note: Transient op finished successfully
Note: Transient op started
Note: Transient op finished successfully
Note: Transient op started
Note: Transient op finished successfully
Note: Transient op started
Note: Transient op finished successfully
Note: Transient op started
Note: Transient op finished successfully
Note: Transient op started
Note: Transient op finished successfully
Note: Transient op started
Note: Transient op started
Note: Transient op finished successfully
Note: Transient op finished successfully
Note: Transient op started
Note: Transient op started
Note: Transient op finished successfully
Note: Transient op finished successfully
Note: Transient op started
Note: Transient op finished successfully
Note: Transient op started
Note: Transient op finished successfully
Note: Transient op started
Note: Transient op finished successfully
Note: Transient op started
Note: Transient op finished successfully
Note: Transient op started
Note: Transient op finished successfully
Note: Transient op started
Note: Transient op finished successfully
Note: Transient op started
Note: Transient op finished successfully
Note: Transient op started
Note: Transient op finished successfully
Note: Transient op started
Note: Transient op finished successfully
Note: Transient op started
Note: Transient op finished successfully
Note: Transient op started
Note: Transient op finished successfully
Note: Transient op started
Note: Transient op finished successfully
Note: Transient op started
Note: Transient op finished successfully
Note: Transient op started
Note: Transient op finished successfully
Note: Transient op started
Note: Transient op started
Note: Transient op finished successfully
Note: Transient op finished successfully
Note: Transient op started
Note: Transient op finished successfully
Note: Transient op started
Note: Transient op finished successfully
Note: Transient op started
Note: Transient op finished successfully
Note: Transient op started
Note: Transient op finished successfully
Note: Transient op started
Note: Transient op finished successfully
Note: Transient op started
Note: Transient op finished successfully
Note: Transient op started
Note: Transient op finished successfully
Note: Transient op started
Note: Transient op finished successfully
Note: Transient op started
Note: Transient op finished successfully
Note: Transient op started
Note: Transient op finished successfully
Note: Transient op started
Note: Transient op finished successfully
Note: Transient op started
Note: Transient op finished successfully
Note: Transient op started
Note: Transient op finished successfully
Note: Transient op started
Note: Transient op finished successfully
Note: Transient op started
Note: Transient op finished successfully
Note: Transient op started
Note: Transient op finished successfully
Note: Transient op started
Note: Transient op finished successfully
Note: Transient op started
Note: Transient op finished successfully
Note: Transient op started
Note: Transient op finished successfully
Note: Transient op started
Note: Transient op finished successfully
Note: Transient op started
Note: Transient op finished successfully
Note: Transient op started
Note: Transient op finished successfully
Note: Transient op started
Note: Transient op finished successfully
Note: Transient op started
Note: Transient op finished successfully
Note: Transient op started
Note: Transient op finished successfully
Note: Transient op started
Note: Transient op finished successfully
Note: Transient op started
Note: Transient op finished successfully
Note: Transient op started
Note: Transient op finished successfully
Note: Transient op started
Note: Transient op finished successfully
Note: Transient op started
Note: Transient op finished successfully
Note: Transient op started
Note: Transient op finished successfully
Note: Transient op started
Note: Transient op finished successfully
Note: Transient op started
Note: Transient op finished successfully
Note: Transient op started
Note: Transient op finished successfully
Note: Transient op started
Note: Transient op finished successfully
Note: Transient op started
Note: Transient op finished successfully
Note: Transient op started
Note: Transient op finished successfully
Note: Transient op started
Note: Transient op finished successfully
Note: Transient op started
Note: Transient op finished successfully
Note: Transient op started
Note: Transient op finished successfully
Note: Transient op started
Note: Transient op finished successfully
Note: Transient op started
Note: Transient op finished successfully
Note: Transient op started
Note: Transient op finished successfully
Note: Transient op started
Note: Transient op finished successfully
Note: Transient op started
Note: Transient op finished successfully
Note: Transient op started
Note: Transient op finished successfully
Note: Transient op started
Note: Transient op finished successfully
Note: Transient op started
Note: Transient op finished successfully
Note: Transient op started
Note: Transient op finished successfully
Note: Transient op started
Note: Transient op finished successfully
Note: Transient op started
Note: Transient op finished successfully
Note: Transient op started
Note: Transient op finished successfully
Note: Transient op started
Note: Transient op finished successfully
Note: Transient op started
Note: Transient op finished successfully
Note: Transient op started
Note: Transient op finished successfully
Note: Transient op started
Note: Transient op finished successfully
Note: Transient op started
Note: Transient op finished successfully
Note: Transient op started
Note: Transient op finished successfully
Note: Transient op started
Note: Transient op finished successfully
Note: Transient op started
Note: Transient op finished successfully
Note: Transient op started
Note: Transient op finished successfully
Note: Transient op started
Note: Transient op finished successfully
Note: Transient op started
Note: Transient op finished successfully
Note: Transient op started
Note: Transient op finished successfully
Note: Transient op started
Note: Transient op finished successfully
Note: Transient op started
Note: Transient op finished successfully
Note: Transient op started
Note: Transient op finished successfully
Note: Transient op started
Note: Transient op finished successfully
Note: Transient op started
Note: Transient op started
Note: Transient op finished successfully
Note: Transient op finished successfully
Note: Transient op started
Note: Transient op finished successfully
Note: Transient op started
Note: Transient op finished successfully
Note: Transient op started
Note: Transient op finished successfully
Note: Transient op started
Note: Transient op finished successfully
Note: Transient op started
Note: Transient op finished successfully
Note: Transient op started
Note: Transient op finished successfully
Note: Transient op started
Note: Transient op finished successfully
Note: Transient op started
Note: Transient op finished successfully
Note: Transient op started
Note: Transient op finished successfully
Note: Transient op started
Note: Transient op finished successfully
Note: Transient op started
Note: Transient op finished successfully
Note: Transient op started
Note: Transient op finished successfully
Note: Transient op started
Note: Transient op started
Note: Transient op finished successfully
Note: Transient op finished successfully
Note: Transient op started
Note: Transient op started
Note: Transient op finished successfully
Note: Transient op finished successfully
Note: Transient op started
Note: Transient op started
Note: Transient op finished successfully
Note: Transient op finished successfully
Note: Transient op started
Note: Transient op finished successfully
Note: Transient op started
Note: Transient op finished successfully
Note: Transient op started
Note: Transient op finished successfully
Note: Transient op started
Note: Transient op finished successfully
Note: Transient op started
Note: Transient op finished successfully
Note: Transient op started
Note: Transient op finished successfully
Note: Transient op started
Note: Transient op finished successfully
Note: Transient op started
Note: Transient op finished successfully
Note: Transient op started
Note: Transient op finished successfully
Note: Transient op started
Note: Transient op finished successfully
Note: Transient op started
Note: Transient op finished successfully
Note: Transient op started
Note: Transient op finished successfully
Note: Transient op started
Note: Transient op finished successfully
Note: Transient op started
Note: Transient op finished successfully
Note: Transient op started
Note: Transient op finished successfully
Note: Transient op started
Note: Transient op finished successfully
Note: Transient op started
Note: Transient op finished successfully
Note: Transient op started
Note: Transient op finished successfully
Note: Transient op started
Note: Transient op finished successfully
Note: Transient op started
Note: Transient op finished successfully
Note: Transient op started
Note: Transient op finished successfully
Note: Transient op started
Note: Transient op finished successfully
Note: Transient op started
Note: Transient op finished successfully
Note: Transient op started
Note: Transient op finished successfully
Note: Transient op started
Note: Transient op finished successfully
Note: Transient op started
Note: Transient op finished successfully
Note: Transient op started
Note: Transient op finished successfully
Note: Transient op started
Note: Transient op finished successfully
Note: Transient op started
Note: Transient op finished successfully
Note: Transient op started
Note: Transient op finished successfully
Note: Transient op started
Note: Transient op finished successfully
Note: Transient op started
Note: Transient op finished successfully
Note: Transient op started
Note: Transient op finished successfully
-----------------------------------------
| time/                   |             |
|    fps                  | 3           |
|    iterations           | 34          |
|    time_elapsed         | 10544       |
|    total_timesteps      | 34816       |
| train/                  |             |
|    approx_kl            | 0.015436092 |
|    clip_fraction        | 0.178       |
|    clip_range           | 0.2         |
|    entropy_loss         | -7.63       |
|    explained_variance   | 0.291       |
|    learning_rate        | 0.0003      |
|    loss                 | 18.9        |
|    n_updates            | 330         |
|    policy_gradient_loss | -0.0226     |
|    std                  | 0.865       |
|    value_loss           | 39.3        |
-----------------------------------------
Note: Transient op started
Note: Transient op finished successfully
Note: Transient op started
Note: Transient op finished successfully
Note: Transient op started
Note: Transient op finished successfully
Note: Transient op started
Note: Transient op finished successfully
Note: Transient op started
Note: Transient op finished successfully
Note: Transient op started
Note: Transient op finished successfully
Note: Transient op started
Note: Transient op finished successfully
Note: Transient op started
Note: Transient op finished successfully
Note: Transient op started
Note: Transient op finished successfully
Note: Transient op started
Note: Transient op finished successfully
Note: Transient op started
Note: Transient op finished successfully
Note: Transient op started
Note: Transient op finished successfully
Note: Transient op started
Note: Transient op finished successfully
Note: Transient op started
Note: Transient op finished successfully
Note: Transient op started
Note: Transient op finished successfully
Note: Transient op started
Note: Transient op finished successfully
Note: Transient op started
Note: Transient op finished successfully
Note: Transient op started
Note: Transient op finished successfully
Note: Transient op started
Note: Transient op finished successfully
Note: Transient op started
Note: Transient op finished successfully
Note: Transient op started
Note: Transient op finished successfully
Note: Transient op started
Note: Transient op finished successfully
Note: Transient op started
Note: Transient op finished successfully
Note: Transient op started
Note: Transient op finished successfully
Note: Transient op started
Note: Transient op finished successfully
Note: Transient op started
Note: Transient op finished successfully
Note: Transient op started
Note: Transient op finished successfully
Note: Transient op started
Note: Transient op finished successfully
Note: Transient op started
Note: Transient op finished successfully
Note: Transient op started
Note: Transient op finished successfully
Note: Transient op started
Note: Transient op finished successfully
Note: Transient op started
Note: Transient op finished successfully
Note: Transient op started
Note: Transient op finished successfully
Note: Transient op started
Note: Transient op finished successfully
Note: Transient op started
Note: Transient op finished successfully
Note: Transient op started
Note: Transient op finished successfully
Note: Transient op started
Note: Transient op finished successfully
Note: Transient op started
Note: Transient op finished successfully
Note: Transient op started
Note: Transient op finished successfully
Note: Transient op started
Note: Transient op finished successfully
Note: Transient op started
Note: Transient op finished successfully
Note: Transient op started
Note: Transient op finished successfully
Note: Transient op started
Note: Transient op finished successfully
Note: Transient op started
Note: Transient op finished successfully
Note: Transient op started
Note: Transient op finished successfully
Note: Transient op started
Note: Transient op finished successfully
Note: Transient op started
Note: Transient op finished successfully
Note: Transient op started
Note: Transient op finished successfully
Note: Transient op started
Note: Transient op finished successfully
Note: Transient op started
Note: Transient op finished successfully
Note: Transient op started
Note: Transient op finished successfully
Note: Transient op started
Note: Transient op finished successfully
Note: Transient op started
Note: Transient op finished successfully
Note: Transient op started
Note: Transient op finished successfully
Note: Transient op started
Note: Transient op finished successfully
Note: Transient op started
Note: Transient op finished successfully
Note: Transient op started
Note: Transient op finished successfully
Note: Transient op started
Note: Transient op finished successfully
Note: Transient op started
Note: Transient op finished successfully
Note: Transient op started
Note: Transient op finished successfully
Note: Transient op started
Note: Transient op finished successfully
Note: Transient op started
Note: Transient op finished successfully
Note: Transient op started
Note: Transient op finished successfully
Note: Transient op started
Note: Transient op finished successfully
Note: Transient op started
Note: Transient op finished successfully
Note: Transient op started
Note: Transient op finished successfully
Note: Transient op started
Note: Transient op finished successfully
Note: Transient op started
Note: Transient op finished successfully
Note: Transient op started
Note: Transient op finished successfully
Note: Transient op started
Note: Transient op finished successfully
Note: Transient op started
Note: Transient op finished successfully
Note: Transient op started
Note: Transient op finished successfully
Note: Transient op started
Note: Transient op finished successfully
Note: Transient op started
Note: Transient op finished successfully
Note: Transient op started
Note: Transient op finished successfully
Note: Transient op started
Note: Transient op finished successfully
Note: Transient op started
Note: Transient op finished successfully
Note: Transient op started
Note: Transient op finished successfully
Note: Transient op started
Note: Transient op finished successfully
Note: Transient op started
Note: Transient op finished successfully
Note: Transient op started
Note: Transient op finished successfully
Note: Transient op started
Note: Transient op finished successfully
Note: Transient op started
Note: Transient op finished successfully
Note: Transient op started
Note: Transient op finished successfully
Note: Transient op started
Note: Transient op finished successfully
Note: Transient op started
Note: Transient op finished successfully
Note: Transient op started
Note: Transient op finished successfully
-----------------------------------------
| time/                   |             |
|    fps                  | 3           |
|    iterations           | 35          |
|    time_elapsed         | 11165       |
|    total_timesteps      | 35840       |
| train/                  |             |
|    approx_kl            | 0.012895707 |
|    clip_fraction        | 0.131       |
|    clip_range           | 0.2         |
|    entropy_loss         | -7.61       |
|    explained_variance   | 0.245       |
|    learning_rate        | 0.0003      |
|    loss                 | 18.5        |
|    n_updates            | 340         |
|    policy_gradient_loss | -0.0193     |
|    std                  | 0.861       |
|    value_loss           | 39.1        |
-----------------------------------------
Note: Transient op started
Note: Transient op finished successfully
Note: Transient op started
Note: Transient op finished successfully
Note: Transient op started
Note: Transient op finished successfully
Note: Transient op started
Note: Transient op finished successfully
Note: Transient op started
Note: Transient op finished successfully
Note: Transient op started
Note: Transient op finished successfully
Note: Transient op started
Note: Transient op finished successfully
Note: Transient op started
Note: Transient op finished successfully
Note: Transient op started
Note: Transient op finished successfully
Note: Transient op started
Note: Transient op finished successfully
Note: Transient op started
Note: Transient op finished successfully
Note: Transient op started
Note: Transient op finished successfully
Note: Transient op started
Note: Transient op finished successfully
Note: Transient op started
Note: Transient op finished successfully
Note: Transient op started
Note: Transient op finished successfully
Note: Transient op started
Note: Transient op finished successfully
Note: Transient op started
Note: Transient op finished successfully
Note: Transient op started
Note: Transient op finished successfully
Note: Transient op started
Note: Transient op finished successfully
Note: Transient op started
Note: Transient op finished successfully
Note: Transient op started
Note: Transient op finished successfully
Note: Transient op started
Note: Transient op finished successfully
Note: Transient op started
Note: Transient op finished successfully
Note: Transient op started
Note: Transient op finished successfully
Note: Transient op started
Note: Transient op finished successfully
Note: Transient op started
Note: Transient op finished successfully
Note: Transient op started
Note: Transient op finished successfully
Note: Transient op started
Note: Transient op finished successfully
Note: Transient op started
Note: Transient op finished successfully
Note: Transient op started
Note: Transient op finished successfully
Note: Transient op started
Note: Transient op finished successfully
Note: Transient op started
Note: Transient op finished successfully
Note: Transient op started
Note: Transient op finished successfully
Note: Transient op started
Note: Transient op finished successfully
Note: Transient op started
Note: Transient op finished successfully
Note: Transient op started
Note: Transient op finished successfully
Note: Transient op started
Note: Transient op finished successfully
Note: Transient op started
Note: Transient op finished successfully
Note: Transient op started
Note: Transient op finished successfully
Note: Transient op started
Note: Transient op finished successfully
Note: Transient op started
Note: Transient op finished successfully
Note: Transient op started
Note: Transient op finished successfully
Note: Transient op started
Note: Transient op finished successfully
Note: Transient op started
Note: Transient op finished successfully
Note: Transient op started
Note: Transient op finished successfully
Note: Transient op started
Note: Transient op finished successfully
Note: Transient op started
Note: Transient op finished successfully
Note: Transient op started
Note: Transient op finished successfully
Note: Transient op started
Note: Transient op finished successfully
Note: Transient op started
Note: Transient op finished successfully
Note: Transient op started
Note: Transient op finished successfully
Note: Transient op started
Note: Transient op finished successfully
Note: Transient op started
Note: Transient op started
Note: Transient op finished successfully
Note: Transient op finished successfully
Note: Transient op started
Note: Transient op finished successfully
Note: Transient op started
Note: Transient op finished successfully
Note: Transient op started
Note: Transient op finished successfully
Note: Transient op started
Note: Transient op finished successfully
Note: Transient op started
Note: Transient op finished successfully
Note: Transient op started
Note: Transient op finished successfully
Note: Transient op started
Note: Transient op finished successfully
Note: Transient op started
Note: Transient op finished successfully
Note: Transient op started
Note: Transient op finished successfully
Note: Transient op started
Note: Transient op finished successfully
Note: Transient op started
Note: Transient op finished successfully
Note: Transient op started
Note: Transient op finished successfully
Note: Transient op started
Note: Transient op finished successfully
Note: Transient op started
Note: Transient op finished successfully
Note: Transient op started
Note: Transient op finished successfully
Note: Transient op started
Note: Transient op finished successfully
Note: Transient op started
Note: Transient op finished successfully
Note: Transient op started
Note: Transient op finished successfully
Note: Transient op started
Note: Transient op finished successfully
Note: Transient op started
Note: Transient op finished successfully
Note: Transient op started
Note: Transient op finished successfully
Note: Transient op started
Note: Transient op finished successfully
Note: Transient op started
Note: Transient op finished successfully
Note: Transient op started
Note: Transient op finished successfully
Note: Transient op started
Note: Transient op finished successfully
Note: Transient op started
Note: Transient op finished successfully
Note: Transient op started
Note: Transient op finished successfully
Note: Transient op started
Note: Transient op finished successfully
Note: Transient op started
Note: Transient op finished successfully
Note: Transient op started
Note: Transient op finished successfully
Note: Transient op started
Note: Transient op finished successfully
Note: Transient op started
Note: Transient op finished successfully
Note: Transient op started
Note: Transient op finished successfully
Note: Transient op started
Note: Transient op finished successfully
Note: Transient op started
Note: Transient op finished successfully
Note: Transient op started
Note: Transient op finished successfully
Note: Transient op started
Note: Transient op finished successfully
Note: Transient op started
Note: Transient op finished successfully
Note: Transient op started
Note: Transient op finished successfully
Note: Transient op started
Note: Transient op finished successfully
Note: Transient op started
Note: Transient op finished successfully
Note: Transient op started
Note: Transient op finished successfully
Note: Transient op started
Note: Transient op finished successfully
Note: Transient op started
Note: Transient op finished successfully
Note: Transient op started
Note: Transient op finished successfully
Note: Transient op started
Note: Transient op finished successfully
Note: Transient op started
Note: Transient op finished successfully
Note: Transient op started
Note: Transient op finished successfully
Note: Transient op started
Note: Transient op finished successfully
Note: Transient op started
Note: Transient op finished successfully
Note: Transient op started
Note: Transient op finished successfully
Note: Transient op started
Note: Transient op finished successfully
Note: Transient op started
Note: Transient op finished successfully
Note: Transient op started
Note: Transient op finished successfully
-----------------------------------------
| time/                   |             |
|    fps                  | 3           |
|    iterations           | 36          |
|    time_elapsed         | 11834       |
|    total_timesteps      | 36864       |
| train/                  |             |
|    approx_kl            | 0.011249347 |
|    clip_fraction        | 0.16        |
|    clip_range           | 0.2         |
|    entropy_loss         | -7.58       |
|    explained_variance   | 0.252       |
|    learning_rate        | 0.0003      |
|    loss                 | 22.2        |
|    n_updates            | 350         |
|    policy_gradient_loss | -0.023      |
|    std                  | 0.858       |
|    value_loss           | 42.1        |
-----------------------------------------
Note: Transient op started
Note: Transient op finished successfully
Note: Transient op started
Note: Transient op finished successfully
Note: Transient op started
Note: Transient op finished successfully
Note: Transient op started
Note: Transient op finished successfully
Note: Transient op started
Note: Transient op finished successfully
Note: Transient op started
Note: Transient op finished successfully
Note: Transient op started
Note: Transient op finished successfully
Note: Transient op started
Note: Transient op finished successfully
Note: Transient op started
Note: Transient op finished successfully
Note: Transient op started
Note: Transient op finished successfully
Note: Transient op started
Note: Transient op finished successfully
Note: Transient op started
Note: Transient op finished successfully
Note: Transient op started
Note: Transient op finished successfully
Note: Transient op started
Note: Transient op finished successfully
Note: Transient op started
Note: Transient op finished successfully
Note: Transient op started
Note: Transient op finished successfully
Note: Transient op started
Note: Transient op finished successfully
Note: Transient op started
Note: Transient op finished successfully
Note: Transient op started
Note: Transient op finished successfully
Note: Transient op started
Note: Transient op finished successfully
Note: Transient op started
Note: Transient op finished successfully
Note: Transient op started
Note: Transient op finished successfully
Note: Transient op started
Note: Transient op finished successfully
Note: Transient op started
Note: Transient op finished successfully
Note: Transient op started
Note: Transient op finished successfully
Note: Transient op started
Note: Transient op finished successfully
Note: Transient op started
Note: Transient op finished successfully
Note: Transient op started
Note: Transient op finished successfully
Note: Transient op started
Note: Transient op finished successfully
Note: Transient op started
Note: Transient op finished successfully
Note: Transient op started
Note: Transient op finished successfully
Note: Transient op started
Note: Transient op finished successfully
Note: Transient op started
Note: Transient op finished successfully
Note: Transient op started
Note: Transient op finished successfully
Note: Transient op started
Note: Transient op finished successfully
Note: Transient op started
Note: Transient op finished successfully
Note: Transient op started
Note: Transient op finished successfully
Note: Transient op started
Note: Transient op finished successfully
Note: Transient op started
Note: Transient op finished successfully
Note: Transient op started
Note: Transient op finished successfully
Note: Transient op started
Note: Transient op finished successfully
Note: Transient op started
Note: Transient op finished successfully
Note: Transient op started
Note: Transient op started
Note: Transient op finished successfully
Note: Transient op finished successfully
Note: Transient op started
Note: Transient op finished successfully
Note: Transient op started
Note: Transient op finished successfully
Note: Transient op started
Note: Transient op finished successfully
Note: Transient op started
Note: Transient op finished successfully
Note: Transient op started
Note: Transient op finished successfully
Note: Transient op started
Note: Transient op finished successfully
Note: Transient op started
Note: Transient op finished successfully
Note: Transient op started
Note: Transient op finished successfully
Note: Transient op started
Note: Transient op finished successfully
Note: Transient op started
Note: Transient op finished successfully
Note: Transient op started
Note: Transient op finished successfully
Note: Transient op started
Note: Transient op finished successfully
Note: Transient op started
Note: Transient op finished successfully
Note: Transient op started
Note: Transient op finished successfully
Note: Transient op started
Note: Transient op finished successfully
Note: Transient op started
Note: Transient op finished successfully
Note: Transient op started
Note: Transient op finished successfully
Note: Transient op started
Note: Transient op finished successfully
Note: Transient op started
Note: Transient op finished successfully
Note: Transient op started
Note: Transient op finished successfully
Note: Transient op started
Note: Transient op finished successfully
Note: Transient op started
Note: Transient op finished successfully
Note: Transient op started
Note: Transient op finished successfully
Note: Transient op started
Note: Transient op finished successfully
Note: Transient op started
Note: Transient op finished successfully
Note: Transient op started
Note: Transient op finished successfully
Note: Transient op started
Note: Transient op finished successfully
Note: Transient op started
Note: Transient op finished successfully
Note: Transient op started
Note: Transient op finished successfully
Note: Transient op started
Note: Transient op finished successfully
Note: Transient op started
Note: Transient op finished successfully
Note: Transient op started
Note: Transient op finished successfully
Note: Transient op started
Note: Transient op finished successfully
Note: Transient op started
Note: Transient op finished successfully
Note: Transient op started
Note: Transient op finished successfully
Note: Transient op started
Note: Transient op finished successfully
Note: Transient op started
Note: Transient op finished successfully
Note: Transient op started
Note: Transient op finished successfully
Note: Transient op started
Note: Transient op finished successfully
Note: Transient op started
Note: Transient op finished successfully
Note: Transient op started
Note: Transient op finished successfully
Note: Transient op started
Note: Transient op finished successfully
Note: Transient op started
Note: Transient op finished successfully
Note: Transient op started
Note: Transient op finished successfully
Note: Transient op started
Note: Transient op finished successfully
Note: Transient op started
Note: Transient op finished successfully
Note: Transient op started
Note: Transient op finished successfully
Note: Transient op started
Note: Transient op finished successfully
Note: Transient op started
Note: Transient op finished successfully
Note: Transient op started
Note: Transient op finished successfully
Note: Transient op started
Note: Transient op finished successfully
Note: Transient op started
Note: Transient op finished successfully
-----------------------------------------
| time/                   |             |
|    fps                  | 2           |
|    iterations           | 37          |
|    time_elapsed         | 12795       |
|    total_timesteps      | 37888       |
| train/                  |             |
|    approx_kl            | 0.011422696 |
|    clip_fraction        | 0.123       |
|    clip_range           | 0.2         |
|    entropy_loss         | -7.56       |
|    explained_variance   | 0.296       |
|    learning_rate        | 0.0003      |
|    loss                 | 16.8        |
|    n_updates            | 360         |
|    policy_gradient_loss | -0.0172     |
|    std                  | 0.855       |
|    value_loss           | 36.4        |
-----------------------------------------
Note: Transient op started
Note: Transient op finished successfully
Note: Transient op started
Note: Transient op finished successfully
Note: Transient op started
Note: Transient op finished successfully
Note: Transient op started
Note: Transient op finished successfully
Note: Transient op started
Note: Transient op finished successfully
Note: Transient op started
Note: Transient op finished successfully
Note: Transient op started
Note: Transient op finished successfully
Note: Transient op started
Note: Transient op finished successfully
Note: Transient op started
Note: Transient op finished successfully
Note: Transient op started
Note: Transient op finished successfully
Note: Transient op started
Note: Transient op finished successfully
Note: Transient op started
Note: Transient op finished successfully
Note: Transient op started
Note: Transient op finished successfully
Note: Transient op started
Note: Transient op finished successfully
Note: Transient op started
Note: Transient op finished successfully
Note: Transient op started
Note: Transient op finished successfully
Note: Transient op started
Note: Transient op finished successfully
Note: Transient op started
Note: Transient op finished successfully
Note: Transient op started
Note: Transient op finished successfully
Note: Transient op started
Note: Transient op finished successfully
Note: Transient op started
Note: Transient op finished successfully
Note: Transient op started
Note: Transient op finished successfully
Note: Transient op started
Note: Transient op finished successfully
Note: Transient op started
Note: Transient op finished successfully
Note: Transient op started
Note: Transient op finished successfully
Note: Transient op started
Note: Transient op finished successfully
Note: Transient op started
Note: Transient op finished successfully
Note: Transient op started
Note: Transient op finished successfully
Note: Transient op started
Note: Transient op finished successfully
Note: Transient op started
Note: Transient op finished successfully
Note: Transient op started
Note: Transient op finished successfully
Note: Transient op started
Note: Transient op finished successfully
Note: Transient op started
Note: Transient op finished successfully
Note: Transient op started
Note: Transient op finished successfully
Note: Transient op started
Note: Transient op finished successfully
Note: Transient op started
Note: Transient op finished successfully
Note: Transient op started
Note: Transient op finished successfully
Note: Transient op started
Note: Transient op finished successfully
Note: Transient op started
Note: Transient op finished successfully
Note: Transient op started
Note: Transient op started
Note: Transient op finished successfully
Note: Transient op finished successfully
Note: Transient op started
Note: Transient op finished successfully
Note: Transient op started
Note: Transient op finished successfully
Note: Transient op started
Note: Transient op finished successfully
Note: Transient op started
Note: Transient op finished successfully
Note: Transient op started
Note: Transient op finished successfully
Note: Transient op started
Note: Transient op finished successfully
Note: Transient op started
Note: Transient op finished successfully
Note: Transient op started
Note: Transient op finished successfully
Note: Transient op started
Note: Transient op finished successfully
Note: Transient op started
Note: Transient op finished successfully
Note: Transient op started
Note: Transient op finished successfully
Note: Transient op started
Note: Transient op finished successfully
Note: Transient op started
Note: Transient op finished successfully
Note: Transient op started
Note: Transient op finished successfully
Note: Transient op started
Note: Transient op finished successfully
Note: Transient op started
Note: Transient op finished successfully
Note: Transient op started
Note: Transient op finished successfully
Note: Transient op started
Note: Transient op finished successfully
Note: Transient op started
Note: Transient op finished successfully
Note: Transient op started
Note: Transient op finished successfully
Note: Transient op started
Note: Transient op finished successfully
Note: Transient op started
Note: Transient op finished successfully
Note: Transient op started
Note: Transient op finished successfully
Note: Transient op started
Note: Transient op finished successfully
Note: Transient op started
Note: Transient op finished successfully
Note: Transient op started
Note: Transient op finished successfully
Note: Transient op started
Note: Transient op finished successfully
Note: Transient op started
Note: Transient op finished successfully
Note: Transient op started
Note: Transient op finished successfully
Note: Transient op started
Note: Transient op finished successfully
Note: Transient op started
Note: Transient op finished successfully
Note: Transient op started
Note: Transient op finished successfully
Note: Transient op started
Note: Transient op finished successfully
Note: Transient op started
Note: Transient op finished successfully
Note: Transient op started
Note: Transient op finished successfully
Note: Transient op started
Note: Transient op finished successfully
Note: Transient op started
Note: Transient op finished successfully
Note: Transient op started
Note: Transient op finished successfully
Note: Transient op started
Note: Transient op finished successfully
Note: Transient op started
Note: Transient op finished successfully
Note: Transient op started
Note: Transient op finished successfully
Note: Transient op started
Note: Transient op finished successfully
Note: Transient op started
Note: Transient op finished successfully
------------------------------------------
| time/                   |              |
|    fps                  | 2            |
|    iterations           | 38           |
|    time_elapsed         | 13692        |
|    total_timesteps      | 38912        |
| train/                  |              |
|    approx_kl            | 0.0096839005 |
|    clip_fraction        | 0.122        |
|    clip_range           | 0.2          |
|    entropy_loss         | -7.53        |
|    explained_variance   | 0.274        |
|    learning_rate        | 0.0003       |
|    loss                 | 24.6         |
|    n_updates            | 370          |
|    policy_gradient_loss | -0.0183      |
|    std                  | 0.85         |
|    value_loss           | 46           |
------------------------------------------
Note: Transient op started
Note: Transient op finished successfully
Note: Transient op started
Note: Transient op finished successfully
Note: Transient op started
Note: Transient op finished successfully
Note: Transient op started
Note: Transient op finished successfully
Note: Transient op started
Note: Transient op finished successfully
Note: Transient op started
Note: Transient op finished successfully
Note: Transient op started
Note: Transient op finished successfully
Note: Transient op started
Note: Transient op finished successfully
Note: Transient op started
Note: Transient op finished successfully
Note: Transient op started
Note: Transient op finished successfully
Note: Transient op started
Note: Transient op finished successfully
Note: Transient op started
Note: Transient op finished successfully
Note: Transient op started
Note: Transient op finished successfully
Note: Transient op started
Note: Transient op finished successfully
Note: Transient op started
Note: Transient op finished successfully
Note: Transient op started
Note: Transient op finished successfully
Note: Transient op started
Note: Transient op finished successfully
Note: Transient op started
Note: Transient op finished successfully
Note: Transient op started
Note: Transient op finished successfully
Note: Transient op started
Note: Transient op finished successfully
Note: Transient op started
Note: Transient op finished successfully
Note: Transient op started
Note: Transient op finished successfully
Note: Transient op started
Note: Transient op finished successfully
Note: Transient op started
Note: Transient op finished successfully
Note: Transient op started
Note: Transient op finished successfully
Note: Transient op started
Note: Transient op finished successfully
Note: Transient op started
Note: Transient op finished successfully
Note: Transient op started
Note: Transient op finished successfully
Note: Transient op started
Note: Transient op finished successfully
Note: Transient op started
Note: Transient op finished successfully
Note: Transient op started
Note: Transient op finished successfully
Note: Transient op started
Note: Transient op finished successfully
Note: Transient op started
Note: Transient op finished successfully
Note: Transient op started
Note: Transient op finished successfully
Note: Transient op started
Note: Transient op finished successfully
Note: Transient op started
Note: Transient op finished successfully
Note: Transient op started
Note: Transient op finished successfully
Note: Transient op started
Note: Transient op finished successfully
Note: Transient op started
Note: Transient op finished successfully
Note: Transient op started
Note: Transient op finished successfully
Note: Transient op started
Note: Transient op finished successfully
Note: Transient op started
Note: Transient op finished successfully
Note: Transient op started
Note: Transient op finished successfully
Note: Transient op started
Note: Transient op finished successfully
Note: Transient op started
Note: Transient op finished successfully
Note: Transient op started
Note: Transient op finished successfully
Note: Transient op started
Note: Transient op finished successfully
Note: Transient op started
Note: Transient op finished successfully
Note: Transient op started
Note: Transient op finished successfully
Note: Transient op started
Note: Transient op finished successfully
Note: Transient op started
Note: Transient op finished successfully
Note: Transient op started
Note: Transient op finished successfully
Note: Transient op started
Note: Transient op finished successfully
Note: Transient op started
Note: Transient op finished successfully
Note: Transient op started
Note: Transient op finished successfully
Note: Transient op started
Note: Transient op finished successfully
Note: Transient op started
Note: Transient op finished successfully
Note: Transient op started
Note: Transient op finished successfully
Note: Transient op started
Note: Transient op finished successfully
Note: Transient op started
Note: Transient op finished successfully
Note: Transient op started
Note: Transient op finished successfully
Note: Transient op started
Note: Transient op finished successfully
Note: Transient op started
Note: Transient op finished successfully
Note: Transient op started
Note: Transient op finished successfully
Note: Transient op started
Note: Transient op finished successfully
Note: Transient op started
Note: Transient op finished successfully
Note: Transient op started
Note: Transient op finished successfully
Note: Transient op started
Note: Transient op finished successfully
Note: Transient op started
Note: Transient op finished successfully
Note: Transient op started
Note: Transient op finished successfully
Note: Transient op started
Note: Transient op finished successfully
Note: Transient op started
Note: Transient op finished successfully
Note: Transient op started
Note: Transient op finished successfully
Note: Transient op started
Note: Transient op finished successfully
Note: Transient op started
Note: Transient op started
Note: Transient op finished successfully
Note: Transient op finished successfully
Note: Transient op started
Note: Transient op finished successfully
Note: Transient op started
Note: Transient op finished successfully
Note: Transient op started
Note: Transient op finished successfully
Note: Transient op started
Note: Transient op finished successfully
Note: Transient op started
Note: Transient op finished successfully
Note: Transient op started
Note: Transient op finished successfully
Note: Transient op started
Note: Transient op finished successfully
Note: Transient op started
Note: Transient op finished successfully
Note: Transient op started
Note: Transient op finished successfully
Note: Transient op started
Note: Transient op finished successfully
Note: Transient op started
Note: Transient op finished successfully
Note: Transient op started
Note: Transient op finished successfully
Note: Transient op started
Note: Transient op finished successfully
Note: Transient op started
Note: Transient op finished successfully
Note: Transient op started
Note: Transient op finished successfully
Note: Transient op started
Note: Transient op finished successfully
Note: Transient op started
Note: Transient op finished successfully
Note: Transient op started
Note: Transient op started
Note: Transient op finished successfully
Note: Transient op finished successfully
Note: Transient op started
Note: Transient op finished successfully
Note: Transient op started
Note: Transient op finished successfully
Note: Transient op started
Note: Transient op finished successfully
Note: Transient op started
Note: Transient op finished successfully
Note: Transient op started
Note: Transient op finished successfully
Note: Transient op started
Note: Transient op finished successfully
Note: Transient op started
Note: Transient op finished successfully
-----------------------------------------
| time/                   |             |
|    fps                  | 2           |
|    iterations           | 39          |
|    time_elapsed         | 14572       |
|    total_timesteps      | 39936       |
| train/                  |             |
|    approx_kl            | 0.020045504 |
|    clip_fraction        | 0.218       |
|    clip_range           | 0.2         |
|    entropy_loss         | -7.49       |
|    explained_variance   | 0.239       |
|    learning_rate        | 0.0003      |
|    loss                 | 20.7        |
|    n_updates            | 380         |
|    policy_gradient_loss | -0.0291     |
|    std                  | 0.843       |
|    value_loss           | 43.2        |
-----------------------------------------
Note: Transient op started
Note: Transient op finished successfully
Note: Transient op started
Note: Transient op finished successfully
Note: Transient op started
Note: Transient op finished successfully
Note: Transient op started
Note: Transient op finished successfully
Note: Transient op started
Note: Transient op finished successfully
Note: Transient op started
Note: Transient op finished successfully
Note: Transient op started
Note: Transient op finished successfully
Note: Transient op started
Note: Transient op finished successfully
Note: Transient op started
Note: Transient op finished successfully
Note: Transient op started
Note: Transient op finished successfully
Note: Transient op started
Note: Transient op finished successfully
Note: Transient op started
Note: Transient op finished successfully
Note: Transient op started
Note: Transient op finished successfully
Note: Transient op started
Note: Transient op finished successfully
Note: Transient op started
Note: Transient op finished successfully
Note: Transient op started
Note: Transient op finished successfully
Note: Transient op started
Note: Transient op finished successfully
Note: Transient op started
Note: Transient op finished successfully
Note: Transient op started
Note: Transient op finished successfully
Note: Transient op started
Note: Transient op finished successfully
Note: Transient op started
Note: Transient op finished successfully
Note: Transient op started
Note: Transient op finished successfully
Note: Transient op started
Note: Transient op finished successfully
Note: Transient op started
Note: Transient op finished successfully
Note: Transient op started
Note: Transient op finished successfully
Note: Transient op started
Note: Transient op finished successfully
Note: Transient op started
Note: Transient op finished successfully
Note: Transient op started
Note: Transient op finished successfully
Note: Transient op started
Note: Transient op finished successfully
Note: Transient op started
Note: Transient op finished successfully
Note: Transient op started
Note: Transient op finished successfully
Note: Transient op started
Note: Transient op finished successfully
Note: Transient op started
Note: Transient op finished successfully
Note: Transient op started
Note: Transient op finished successfully
Note: Transient op started
Note: Transient op finished successfully
Note: Transient op started
Note: Transient op finished successfully
Note: Transient op started
Note: Transient op finished successfully
Note: Transient op started
Note: Transient op finished successfully
Note: Transient op started
Note: Transient op finished successfully
Note: Transient op started
Note: Transient op finished successfully
Note: Transient op started
Note: Transient op finished successfully
Note: Transient op started
Note: Transient op finished successfully
Note: Transient op started
Note: Transient op finished successfully
Note: Transient op started
Note: Transient op finished successfully
Note: Transient op started
Note: Transient op finished successfully
Note: Transient op started
Note: Transient op finished successfully
Note: Transient op started
Note: Transient op finished successfully
Note: Transient op started
Note: Transient op finished successfully
Note: Transient op started
Note: Transient op finished successfully
Note: Transient op started
Note: Transient op finished successfully
Note: Transient op started
Note: Transient op finished successfully
Note: Transient op started
Note: Transient op finished successfully
Note: Transient op started
Note: Transient op finished successfully
Note: Transient op started
Note: Transient op finished successfully
Note: Transient op started
Note: Transient op finished successfully
Note: Transient op started
Note: Transient op finished successfully
Note: Transient op started
Note: Transient op finished successfully
-----------------------------------------
| time/                   |             |
|    fps                  | 2           |
|    iterations           | 40          |
|    time_elapsed         | 15448       |
|    total_timesteps      | 40960       |
| train/                  |             |
|    approx_kl            | 0.013706673 |
|    clip_fraction        | 0.133       |
|    clip_range           | 0.2         |
|    entropy_loss         | -7.45       |
|    explained_variance   | 0.225       |
|    learning_rate        | 0.0003      |
|    loss                 | 20.6        |
|    n_updates            | 390         |
|    policy_gradient_loss | -0.0184     |
|    std                  | 0.838       |
|    value_loss           | 41.6        |
-----------------------------------------
saved -> results/seq_fast40k.zip  (total sims: 43979, invalid: 21556, wall: 257.5 min)
